# Blender 4.4.1
# www.blender.org
mtllib sieniukko-solidify.mtl
o ukko
v -0.388901 0.157239 0.053219
v -0.410089 0.010465 0.049041
v -0.383381 0.147183 0.100363
v -0.437186 0.155950 0.058268
v -0.431808 0.146097 0.105708
v -0.406464 0.144564 0.113233
v -0.414346 0.158916 0.045905
v -0.375727 0.152394 0.075554
v -0.444812 0.150694 0.083046
v -0.388642 0.481987 0.121036
v -0.388729 0.309295 0.085872
v -0.383077 0.300187 0.133387
v -0.437109 0.308241 0.091424
v -0.431457 0.299133 0.138940
v -0.406056 0.297709 0.146345
v -0.414130 0.310719 0.078466
v -0.375536 0.304967 0.108439
v -0.444651 0.303461 0.116372
v -0.388622 0.617688 0.150535
v -0.383111 0.472087 0.168614
v -0.437029 0.480859 0.126826
v -0.431506 0.470959 0.174025
v -0.406130 0.469347 0.181582
v -0.414013 0.483560 0.113969
v -0.375503 0.477326 0.143479
v -0.444640 0.475656 0.151555
v -0.388618 0.773533 0.183655
v -0.383121 0.607627 0.197876
v -0.437020 0.616546 0.155916
v -0.431519 0.606485 0.203257
v -0.406141 0.604900 0.210710
v -0.414000 0.619273 0.143081
v -0.375501 0.612902 0.173052
v -0.444640 0.611271 0.180740
v -0.397436 0.839965 0.196047
v -0.383117 0.763472 0.230995
v -0.437015 0.772391 0.189036
v -0.431514 0.762330 0.236377
v -0.406137 0.760745 0.243830
v -0.413995 0.775118 0.176201
v -0.375496 0.768747 0.206172
v -0.444636 0.767116 0.213859
v -0.432457 0.882464 0.209149
v -0.391332 0.828799 0.248584
v -0.443012 0.810911 0.195169
v -0.436908 0.799746 0.247706
v -0.412811 0.811880 0.259403
v -0.421533 0.827830 0.184350
v -0.384618 0.840608 0.222504
v -0.449726 0.799103 0.221249
v -0.474242 0.898273 0.217364
v -0.426352 0.871299 0.261685
v -0.464601 0.839344 0.203720
v -0.458496 0.828179 0.256257
v -0.441116 0.847346 0.270229
v -0.449837 0.863296 0.195176
v -0.422516 0.886121 0.236580
v -0.468437 0.824521 0.228825
v -0.516187 0.895771 0.221621
v -0.468137 0.887108 0.269901
v -0.485354 0.846279 0.207605
v -0.479250 0.835114 0.260142
v -0.472385 0.858718 0.276279
v -0.481106 0.874669 0.201227
v -0.468809 0.903832 0.245723
v -0.484683 0.829555 0.231783
v -0.564711 0.880554 0.223687
v -0.510074 0.884586 0.274238
v -0.508197 0.843652 0.209701
v -0.502093 0.832486 0.262238
v -0.504775 0.856144 0.279496
v -0.513497 0.872094 0.204443
v -0.514864 0.901397 0.250322
v -0.503435 0.826905 0.233398
v -0.598082 0.851626 0.221841
v -0.558568 0.869293 0.276604
v -0.535966 0.836440 0.211395
v -0.529861 0.825275 0.263932
v -0.542905 0.844888 0.281535
v -0.551627 0.860839 0.206482
v -0.567870 0.884542 0.252247
v -0.526763 0.821426 0.234945
v -0.611629 0.811996 0.214993
v -0.591977 0.840461 0.274377
v -0.553839 0.822692 0.210551
v -0.547734 0.811527 0.263087
v -0.568547 0.823601 0.279990
v -0.577268 0.839551 0.204938
v -0.604510 0.852243 0.250528
v -0.541306 0.810909 0.234400
v -0.615362 0.783054 0.209276
v -0.605524 0.800831 0.267530
v -0.558404 0.806167 0.207569
v -0.552299 0.795002 0.260106
v -0.577603 0.795524 0.275076
v -0.586324 0.811474 0.200023
v -0.619982 0.807663 0.242852
v -0.543946 0.799336 0.232247
v -0.615410 0.769992 0.206505
v -0.609257 0.771889 0.261812
v -0.561652 0.784131 0.203263
v -0.555547 0.772966 0.255800
v -0.581094 0.770035 0.270064
v -0.589815 0.785985 0.195012
v -0.623818 0.777241 0.236832
v -0.547090 0.778780 0.228244
v -0.609305 0.758826 0.259042
v -0.561700 0.771069 0.200493
v -0.555595 0.759904 0.253030
v -0.581142 0.756972 0.267294
v -0.589863 0.772923 0.192241
v -0.623866 0.764178 0.234062
v -0.547138 0.765717 0.225473
v -0.585604 0.587351 0.192036
v 0.152300 0.029255 -0.084666
v 0.167735 0.029239 -0.083143
v 0.182597 0.029234 -0.078646
v 0.196306 0.029239 -0.071342
v 0.208329 0.029249 -0.061504
v 0.218201 0.029265 -0.049510
v 0.225543 0.029285 -0.035821
v 0.230074 0.029309 -0.020961
v 0.231618 0.029335 -0.005504
v 0.230118 0.029364 0.009958
v 0.225630 0.029392 0.024830
v 0.218326 0.029421 0.038540
v 0.208488 0.029448 0.050563
v 0.196494 0.029472 0.060435
v 0.182806 0.029492 0.067776
v 0.167948 0.029508 0.072306
v 0.152493 0.029518 0.073847
v 0.137042 0.029517 0.072335
v 0.122186 0.029506 0.067829
v 0.108493 0.029488 0.060507
v 0.096482 0.029469 0.050657
v 0.086615 0.029451 0.038657
v 0.079277 0.029431 0.024963
v 0.074755 0.029408 0.010096
v 0.073227 0.029380 -0.005377
v 0.074757 0.029352 -0.020866
v 0.079270 0.029330 -0.035760
v 0.086576 0.029319 -0.049469
v 0.096397 0.029310 -0.061472
v 0.108400 0.029303 -0.071349
v 0.122069 0.029293 -0.078669
v 0.136885 0.029276 -0.083160
v 0.152358 0.045641 -0.084737
v 0.167761 0.045611 -0.083186
v 0.182609 0.045598 -0.078678
v 0.196315 0.045601 -0.071371
v 0.208338 0.045612 -0.061533
v 0.218210 0.045628 -0.049539
v 0.225553 0.045648 -0.035850
v 0.230083 0.045671 -0.020990
v 0.231627 0.045698 -0.005533
v 0.230127 0.045726 0.009929
v 0.225639 0.045755 0.024801
v 0.218335 0.045783 0.038511
v 0.208498 0.045810 0.050534
v 0.196504 0.045834 0.060405
v 0.182817 0.045854 0.067745
v 0.167962 0.045868 0.072271
v 0.152513 0.045874 0.073806
v 0.137075 0.045863 0.072280
v 0.122230 0.045841 0.067761
v 0.108528 0.045827 0.060449
v 0.096500 0.045820 0.050617
v 0.086627 0.045807 0.038624
v 0.079290 0.045787 0.024930
v 0.074770 0.045762 0.010059
v 0.073243 0.045734 -0.005415
v 0.074764 0.045710 -0.020894
v 0.079265 0.045693 -0.035776
v 0.086577 0.045681 -0.049491
v 0.096456 0.045672 -0.061548
v 0.108479 0.045674 -0.071441
v 0.122165 0.045679 -0.078775
v 0.136981 0.045671 -0.083263
v 0.152465 0.064167 -0.084848
v 0.167818 0.064114 -0.083256
v 0.182629 0.064079 -0.078719
v 0.196326 0.064075 -0.071404
v 0.208349 0.064086 -0.061567
v 0.218222 0.064103 -0.049573
v 0.225564 0.064122 -0.035883
v 0.230093 0.064145 -0.021023
v 0.231638 0.064172 -0.005566
v 0.230137 0.064200 0.009896
v 0.225649 0.064229 0.024768
v 0.218346 0.064257 0.038479
v 0.208508 0.064284 0.050501
v 0.196517 0.064308 0.060370
v 0.182838 0.064324 0.067701
v 0.167993 0.064332 0.072217
v 0.152553 0.064328 0.073742
v 0.137132 0.064299 0.072196
v 0.122291 0.064266 0.067671
v 0.108579 0.064257 0.060368
v 0.096538 0.064262 0.050551
v 0.086660 0.064254 0.038565
v 0.079321 0.064237 0.024872
v 0.074802 0.064214 0.010002
v 0.073271 0.064191 -0.005467
v 0.074778 0.064176 -0.020932
v 0.079261 0.064166 -0.035795
v 0.086609 0.064148 -0.049545
v 0.096503 0.064145 -0.061615
v 0.108538 0.064157 -0.071517
v 0.122251 0.064178 -0.078873
v 0.137093 0.064191 -0.083381
v 0.152518 0.083205 -0.084914
v 0.167874 0.083152 -0.083324
v 0.182657 0.083095 -0.078765
v 0.196339 0.083078 -0.071439
v 0.208366 0.083093 -0.061605
v 0.218242 0.083113 -0.049614
v 0.225581 0.083130 -0.035922
v 0.230106 0.083149 -0.021059
v 0.231649 0.083174 -0.005600
v 0.230148 0.083202 0.009862
v 0.225660 0.083230 0.024734
v 0.218357 0.083259 0.038444
v 0.208522 0.083286 0.050464
v 0.196542 0.083307 0.060322
v 0.182879 0.083314 0.067637
v 0.168037 0.083312 0.072147
v 0.152592 0.083303 0.073676
v 0.137161 0.083272 0.072138
v 0.122316 0.083236 0.067617
v 0.108606 0.083223 0.060311
v 0.096573 0.083223 0.050486
v 0.086702 0.083210 0.038491
v 0.079355 0.083204 0.024809
v 0.074828 0.083190 0.009949
v 0.073290 0.083176 -0.005513
v 0.074787 0.083169 -0.020966
v 0.079263 0.083165 -0.035821
v 0.086613 0.083147 -0.049574
v 0.096512 0.083146 -0.061648
v 0.108554 0.083165 -0.071556
v 0.122266 0.083192 -0.078908
v 0.137122 0.083215 -0.083427
v 0.152482 0.102197 -0.084906
v 0.167865 0.102152 -0.083340
v 0.182666 0.102099 -0.078796
v 0.196352 0.102082 -0.071474
v 0.208392 0.102111 -0.061650
v 0.218280 0.102143 -0.049666
v 0.225622 0.102162 -0.035977
v 0.230142 0.102174 -0.021111
v 0.231676 0.102189 -0.005646
v 0.230170 0.102211 0.009819
v 0.225681 0.102238 0.024692
v 0.218383 0.102265 0.038398
v 0.208561 0.102289 0.050404
v 0.196594 0.102299 0.060248
v 0.182920 0.102298 0.067571
v 0.168061 0.102296 0.072097
v 0.152597 0.102297 0.073645
v 0.137146 0.102280 0.072130
v 0.122295 0.102246 0.067615
v 0.108590 0.102226 0.060303
v 0.096568 0.102216 0.050465
v 0.086702 0.102198 0.038464
v 0.079360 0.102189 0.024776
v 0.074829 0.102181 0.009921
v 0.073304 0.102158 -0.005553
v 0.074812 0.102149 -0.021018
v 0.079290 0.102153 -0.035873
v 0.086619 0.102144 -0.049604
v 0.096508 0.102147 -0.061668
v 0.108523 0.102166 -0.071550
v 0.122223 0.102189 -0.078892
v 0.137078 0.102210 -0.083411
v 0.152367 -0.005230 -0.005340
v 0.152273 0.016302 -0.084627
v 0.167720 0.016291 -0.083114
v 0.182589 0.016289 -0.078623
v 0.196299 0.016294 -0.071319
v 0.208321 0.016305 -0.061481
v 0.218193 0.016321 -0.049487
v 0.225536 0.016341 -0.035798
v 0.230066 0.016365 -0.020938
v 0.231611 0.016391 -0.005481
v 0.230111 0.016420 0.009981
v 0.225622 0.016448 0.024853
v 0.218319 0.016477 0.038563
v 0.208481 0.016503 0.050586
v 0.196487 0.016528 0.060458
v 0.182798 0.016548 0.067799
v 0.167939 0.016564 0.072330
v 0.152483 0.016575 0.073873
v 0.137029 0.016577 0.072364
v 0.122173 0.016567 0.067858
v 0.108485 0.016547 0.060532
v 0.096476 0.016528 0.050679
v 0.086610 0.016509 0.038678
v 0.079272 0.016489 0.024985
v 0.074749 0.016466 0.010119
v 0.073220 0.016439 -0.005354
v 0.074751 0.016410 -0.020844
v 0.079269 0.016387 -0.035743
v 0.086578 0.016375 -0.049455
v 0.096380 0.016367 -0.061440
v 0.108337 0.016352 -0.071275
v 0.122009 0.016337 -0.078599
v 0.136840 0.016319 -0.083104
v 0.152344 -0.004326 -0.024048
v 0.152291 0.004461 -0.060703
v 0.155990 -0.004328 -0.023690
v 0.163084 0.004455 -0.059650
v 0.159497 -0.004328 -0.022628
v 0.173470 0.004454 -0.056513
v 0.162730 -0.004327 -0.020902
v 0.183046 0.004458 -0.051412
v 0.165566 -0.004325 -0.018578
v 0.191443 0.004465 -0.044540
v 0.167895 -0.004321 -0.015746
v 0.198338 0.004476 -0.036163
v 0.169627 -0.004316 -0.012515
v 0.203466 0.004490 -0.026601
v 0.170696 -0.004311 -0.009007
v 0.206631 0.004507 -0.016222
v 0.171060 -0.004305 -0.005359
v 0.207710 0.004526 -0.005426
v 0.170706 -0.004298 -0.001710
v 0.206662 0.004545 0.005374
v 0.169646 -0.004291 0.001800
v 0.203527 0.004565 0.015761
v 0.167923 -0.004285 0.005036
v 0.198426 0.004585 0.025337
v 0.165601 -0.004278 0.007873
v 0.191554 0.004604 0.033735
v 0.162771 -0.004273 0.010203
v 0.183177 0.004621 0.040630
v 0.159541 -0.004268 0.011935
v 0.173615 0.004635 0.045758
v 0.156035 -0.004264 0.013002
v 0.163237 0.004646 0.048922
v 0.152389 -0.004262 0.013365
v 0.152444 0.004654 0.049998
v 0.148743 -0.004261 0.013008
v 0.141652 0.004655 0.048942
v 0.145238 -0.004261 0.011944
v 0.131279 0.004649 0.045792
v 0.142007 -0.004263 0.010216
v 0.121721 0.004638 0.040672
v 0.139175 -0.004266 0.007889
v 0.113338 0.004624 0.033786
v 0.136851 -0.004271 0.005052
v 0.106451 0.004611 0.025400
v 0.135123 -0.004276 0.001816
v 0.101328 0.004596 0.015834
v 0.134058 -0.004282 -0.001695
v 0.098169 0.004581 0.005450
v 0.133697 -0.004287 -0.005346
v 0.097100 0.004563 -0.005356
v 0.134052 -0.004293 -0.008996
v 0.098165 0.004545 -0.016170
v 0.135110 -0.004299 -0.012504
v 0.101322 0.004529 -0.026578
v 0.136831 -0.004305 -0.015737
v 0.106426 0.004518 -0.036155
v 0.139148 -0.004310 -0.018571
v 0.113278 0.004509 -0.044532
v 0.141974 -0.004315 -0.020896
v 0.121621 0.004497 -0.051394
v 0.145199 -0.004320 -0.022623
v 0.131150 0.004484 -0.056491
v 0.148701 -0.004323 -0.023687
v 0.141507 0.004471 -0.059636
v 0.000444 0.742652 -0.113641
v 0.000121 0.928869 -0.350457
v 0.022003 0.742650 -0.111535
v 0.068283 0.928861 -0.343798
v 0.042736 0.742599 -0.105271
v 0.133835 0.928712 -0.323971
v 0.061849 0.742501 -0.095092
v 0.194260 0.928427 -0.291736
v 0.078605 0.742369 -0.081374
v 0.247234 0.928017 -0.248334
v 0.092361 0.742201 -0.064661
v 0.290724 0.927498 -0.195431
v 0.102588 0.742010 -0.045579
v 0.323056 0.926889 -0.135061
v 0.108892 0.741804 -0.024852
v 0.342988 0.926215 -0.069544
v 0.111033 0.741585 -0.003311
v 0.349756 0.925500 -0.001397
v 0.108930 0.741369 0.018173
v 0.343097 0.924773 0.066760
v 0.102666 0.741189 0.038764
v 0.323270 0.924061 0.132309
v 0.092471 0.741024 0.057819
v 0.291034 0.923392 0.192730
v 0.078741 0.740864 0.074576
v 0.247629 0.922791 0.245701
v 0.062008 0.740736 0.088315
v 0.194724 0.922282 0.289188
v 0.042912 0.740630 0.098541
v 0.134351 0.921884 0.321517
v 0.022187 0.740542 0.104873
v 0.068830 0.921613 0.341448
v 0.000631 0.740482 0.107051
v 0.000680 0.921478 0.348214
v -0.020930 0.740448 0.105004
v -0.067481 0.921485 0.341556
v -0.041664 0.740464 0.098779
v -0.133034 0.921634 0.321728
v -0.060776 0.740533 0.088607
v -0.193458 0.921919 0.289494
v -0.077532 0.740633 0.074923
v -0.246433 0.922329 0.246091
v -0.091286 0.740793 0.058178
v -0.289922 0.922849 0.193189
v -0.101510 0.740981 0.039054
v -0.322255 0.923458 0.132819
v -0.107816 0.741172 0.018369
v -0.342187 0.924132 0.067301
v -0.109962 0.741381 -0.003084
v -0.348954 0.924847 -0.000845
v -0.107857 0.741610 -0.024622
v -0.342296 0.925574 -0.069003
v -0.101586 0.741836 -0.045353
v -0.322468 0.926286 -0.134551
v -0.091390 0.742047 -0.064463
v -0.290233 0.926955 -0.194972
v -0.077662 0.742237 -0.081217
v -0.246828 0.927556 -0.247944
v -0.060929 0.742398 -0.094971
v -0.193923 0.928065 -0.291430
v -0.041834 0.742524 -0.105197
v -0.133550 0.928463 -0.323760
v -0.021111 0.742610 -0.111501
v -0.068029 0.928734 -0.343691
v 0.073589 1.000883 -0.370160
v 0.000033 1.000891 -0.377346
v 0.144329 1.000722 -0.348764
v 0.209536 1.000415 -0.313978
v 0.266703 0.999972 -0.267140
v 0.313634 0.999412 -0.210051
v 0.348525 0.998755 -0.144903
v 0.370036 0.998027 -0.074200
v 0.377339 0.997256 -0.000660
v 0.370153 0.996471 0.072892
v 0.348756 0.995703 0.143628
v 0.313969 0.994981 0.208831
v 0.267130 0.994333 0.265995
v 0.210037 0.993783 0.312922
v 0.144886 0.993354 0.347811
v 0.074180 0.993061 0.369319
v 0.000636 0.992915 0.376621
v -0.072920 0.992923 0.369435
v -0.143661 0.993084 0.348039
v -0.208868 0.993392 0.313253
v -0.266035 0.993834 0.266416
v -0.312966 0.994395 0.209326
v -0.347857 0.995052 0.144178
v -0.369367 0.995780 0.073475
v -0.376670 0.996551 -0.000065
v -0.369485 0.997336 -0.073616
v -0.348088 0.998104 -0.144353
v -0.313301 0.998826 -0.209556
v -0.266461 0.999474 -0.266719
v -0.209369 1.000023 -0.313647
v -0.144218 1.000453 -0.348536
v -0.073511 1.000746 -0.370044
v 0.000385 0.778372 -0.194680
v 0.037844 0.778368 -0.191020
v 0.059748 0.865925 -0.301083
v 0.000215 0.865931 -0.306899
v 0.073870 0.778286 -0.180124
v 0.117003 0.865794 -0.283765
v 0.107077 0.778129 -0.162409
v 0.169779 0.865546 -0.255611
v 0.136191 0.777904 -0.138556
v 0.216048 0.865187 -0.217702
v 0.160091 0.777618 -0.109482
v 0.254032 0.864734 -0.171496
v 0.177860 0.777284 -0.076305
v 0.282272 0.864202 -0.118768
v 0.188814 0.776913 -0.040299
v 0.299681 0.863613 -0.061544
v 0.192533 0.776520 -0.002847
v 0.305592 0.862989 -0.002023
v 0.188874 0.776121 0.034610
v 0.299776 0.862354 0.057507
v 0.177977 0.775729 0.070633
v 0.282458 0.861732 0.114758
v 0.160261 0.775362 0.103839
v 0.254303 0.861147 0.167531
v 0.136408 0.775032 0.132950
v 0.216393 0.860623 0.213797
v 0.107333 0.774752 0.156849
v 0.170184 0.860178 0.251779
v 0.074153 0.774533 0.174616
v 0.117453 0.859831 0.280017
v 0.038145 0.774384 0.185570
v 0.060226 0.859593 0.297425
v 0.000692 0.774310 0.189288
v 0.000702 0.859476 0.303334
v -0.036767 0.774314 0.185629
v -0.058831 0.859482 0.297519
v -0.072793 0.774396 0.174732
v -0.116086 0.859612 0.280201
v -0.106000 0.774552 0.157017
v -0.168862 0.859861 0.252047
v -0.135114 0.774778 0.133165
v -0.215131 0.860219 0.214138
v -0.159014 0.775063 0.104091
v -0.253115 0.860673 0.167932
v -0.176783 0.775398 0.070913
v -0.281355 0.861205 0.115203
v -0.187737 0.775769 0.034907
v -0.298764 0.861794 0.057979
v -0.191456 0.776161 -0.002544
v -0.304675 0.862418 -0.001541
v -0.187797 0.776561 -0.040001
v -0.298859 0.863053 -0.061071
v -0.176900 0.776952 -0.076025
v -0.281541 0.863675 -0.118323
v -0.159184 0.777320 -0.109230
v -0.253386 0.864259 -0.171095
v -0.135331 0.777650 -0.138342
v -0.215476 0.864784 -0.217362
v -0.106256 0.777930 -0.162240
v -0.169267 0.865229 -0.255343
v -0.073076 0.778148 -0.180008
v -0.116536 0.865576 -0.283581
v -0.037068 0.778298 -0.190961
v -0.059309 0.865813 -0.300989
v 0.073526 1.068623 -0.369444
v -0.000030 1.068631 -0.376629
v 0.144266 1.068463 -0.348047
v 0.209473 1.068155 -0.313261
v 0.266641 1.067712 -0.266424
v 0.313572 1.067152 -0.209334
v 0.348463 1.066495 -0.144186
v 0.369973 1.065767 -0.073484
v 0.377276 1.064996 0.000057
v 0.370090 1.064211 0.073608
v 0.348693 1.063443 0.144345
v 0.313906 1.062721 0.209548
v 0.267067 1.062073 0.266711
v 0.209974 1.061523 0.313639
v 0.144823 1.061094 0.348528
v 0.074117 1.060801 0.370036
v 0.000573 1.060655 0.377338
v -0.072983 1.060663 0.370152
v -0.143724 1.060824 0.348755
v -0.208930 1.061132 0.313970
v -0.266098 1.061574 0.267132
v -0.313029 1.062135 0.210042
v -0.347920 1.062792 0.144895
v -0.369430 1.063520 0.074192
v -0.376733 1.064291 0.000652
v -0.369548 1.065076 -0.072900
v -0.348150 1.065844 -0.143636
v -0.313364 1.066566 -0.208839
v -0.266524 1.067214 -0.266003
v -0.209432 1.067763 -0.312931
v -0.144280 1.068193 -0.347819
v -0.073574 1.068486 -0.369327
v 0.000487 0.716980 -0.114124
v 0.022106 0.716540 -0.112690
v 0.042862 0.716348 -0.106687
v 0.061982 0.716243 -0.096621
v 0.078721 0.716279 -0.082753
v 0.092459 0.716285 -0.065870
v 0.102681 0.716199 -0.046793
v 0.108979 0.716114 -0.026056
v 0.111117 0.716017 -0.004556
v 0.109007 0.715933 0.016944
v 0.102735 0.715876 0.037570
v 0.092533 0.715813 0.056674
v 0.078790 0.715649 0.073655
v 0.062053 0.715575 0.087409
v 0.042953 0.715496 0.097666
v 0.022228 0.715442 0.103984
v 0.000672 0.715411 0.106129
v -0.020886 0.715408 0.104019
v -0.041619 0.715393 0.097797
v -0.060728 0.715437 0.087594
v -0.077472 0.715588 0.073680
v -0.091219 0.715686 0.056855
v -0.101442 0.715728 0.037835
v -0.107745 0.715796 0.017191
v -0.109896 0.715881 -0.004071
v -0.107799 0.716034 -0.025430
v -0.101539 0.716234 -0.045959
v -0.091338 0.716393 -0.065113
v -0.077618 0.716596 -0.081744
v -0.060881 0.716721 -0.095523
v -0.041794 0.716887 -0.105646
v -0.021077 0.717005 -0.111885
v 0.000616 0.680713 -0.125080
v 0.024044 0.680722 -0.122777
v 0.046575 0.680716 -0.115957
v 0.067341 0.680712 -0.104861
v 0.085544 0.680699 -0.089930
v 0.100485 0.680682 -0.071726
v 0.111591 0.680649 -0.050977
v 0.118433 0.680618 -0.028445
v 0.120749 0.680580 -0.005018
v 0.118450 0.680540 0.018422
v 0.111625 0.680500 0.040947
v 0.100536 0.680459 0.061716
v 0.085608 0.680422 0.079920
v 0.067416 0.680388 0.094864
v 0.046659 0.680372 0.105956
v 0.024133 0.680326 0.112827
v 0.000704 0.680254 0.115207
v -0.022725 0.680254 0.112904
v -0.045256 0.680254 0.106087
v -0.066022 0.680290 0.094974
v -0.084224 0.680356 0.079984
v -0.099165 0.680391 0.061774
v -0.110271 0.680417 0.041020
v -0.117114 0.680448 0.018508
v -0.119432 0.680484 -0.004888
v -0.117135 0.680532 -0.028302
v -0.110308 0.680571 -0.050864
v -0.099220 0.680621 -0.071612
v -0.084291 0.680651 -0.089835
v -0.066095 0.680660 -0.104812
v -0.045337 0.680678 -0.115926
v -0.022812 0.680698 -0.122767
v 0.000524 0.652547 -0.159847
v 0.032274 0.657649 -0.164731
v 0.063285 0.657666 -0.155452
v 0.092942 0.659713 -0.142955
v 0.109989 0.652230 -0.114325
v 0.138518 0.659337 -0.096924
v 0.146598 0.654095 -0.065190
v 0.164116 0.659827 -0.037299
v 0.163177 0.656854 -0.004701
v 0.164142 0.659726 0.027665
v 0.149356 0.655688 0.056891
v 0.139298 0.659627 0.087707
v 0.115967 0.657057 0.110479
v 0.093372 0.659590 0.133726
v 0.066108 0.661622 0.151620
v 0.032469 0.667820 0.156426
v 0.000951 0.661851 0.165036
v -0.031613 0.659400 0.158550
v -0.061177 0.656086 0.144586
v -0.091239 0.658621 0.132577
v -0.116916 0.659503 0.113030
v -0.126958 0.662287 0.080260
v -0.149597 0.660454 0.056581
v -0.161218 0.658688 0.027733
v -0.158976 0.654902 -0.004947
v -0.162549 0.659696 -0.037198
v -0.147538 0.656843 -0.066344
v -0.131584 0.662738 -0.094798
v -0.116609 0.660137 -0.122117
v -0.081167 0.663803 -0.128111
v -0.058096 0.658232 -0.151212
v -0.029826 0.656307 -0.162932
v 0.000665 0.645597 -0.123580
v 0.025094 0.649490 -0.127360
v 0.048952 0.649498 -0.120225
v 0.071767 0.651082 -0.110605
v 0.084877 0.645370 -0.088539
v 0.106828 0.650815 -0.075177
v 0.113043 0.646787 -0.050756
v 0.126522 0.651189 -0.029318
v 0.125797 0.648908 -0.004213
v 0.126541 0.651118 0.020672
v 0.115166 0.648009 0.043164
v 0.107428 0.651047 0.066861
v 0.089478 0.649054 0.084399
v 0.072095 0.650990 0.102293
v 0.051119 0.652605 0.116056
v 0.025241 0.657333 0.119744
v 0.000994 0.652738 0.126371
v -0.024059 0.650867 0.121372
v -0.046803 0.648287 0.110651
v -0.069931 0.650266 0.101388
v -0.089685 0.650946 0.086348
v -0.097410 0.653086 0.061141
v -0.114827 0.651677 0.042921
v -0.123767 0.650319 0.020727
v -0.122043 0.647406 -0.004404
v -0.124791 0.651094 -0.029224
v -0.113243 0.648901 -0.051644
v -0.100969 0.653437 -0.073534
v -0.089448 0.651434 -0.094555
v -0.062182 0.654255 -0.099165
v -0.044433 0.649968 -0.116940
v -0.022684 0.648487 -0.125956
v -0.000472 1.688345 0.140700
v 0.000303 1.340787 0.500076
v 0.025614 1.688744 0.138427
v 0.099572 1.341118 0.490481
v 0.050879 1.689333 0.131447
v 0.195177 1.341453 0.462485
v 0.074356 1.690224 0.119784
v 0.283511 1.341496 0.417333
v 0.095319 1.691355 0.104011
v 0.361197 1.341904 0.356066
v 0.113005 1.692810 0.084563
v 0.425170 1.342742 0.280766
v 0.126553 1.694268 0.061949
v 0.472829 1.343589 0.194839
v 0.135272 1.695614 0.036972
v 0.502191 1.344648 0.101355
v 0.138328 1.696450 0.010634
v 0.512066 1.345876 0.004009
v 0.135234 1.696430 -0.015692
v 0.502042 1.347241 -0.093261
v 0.126479 1.695861 -0.040652
v 0.472531 1.348721 -0.186603
v 0.112888 1.695118 -0.063141
v 0.424738 1.350194 -0.272431
v 0.095167 1.694283 -0.082499
v 0.360663 1.351604 -0.347352
v 0.074182 1.693642 -0.098309
v 0.282863 1.352983 -0.408404
v 0.050686 1.693116 -0.109958
v 0.194429 1.354105 -0.453493
v 0.025408 1.692748 -0.116896
v 0.098799 1.354472 -0.481387
v -0.000681 1.692424 -0.119115
v -0.000479 1.354696 -0.490585
v -0.026767 1.692682 -0.116845
v -0.099749 1.354584 -0.480936
v -0.052033 1.692985 -0.109859
v -0.195332 1.353564 -0.453264
v -0.075515 1.693457 -0.098121
v -0.283692 1.352518 -0.407762
v -0.096487 1.694047 -0.082227
v -0.361379 1.351008 -0.346508
v -0.114184 1.694850 -0.062618
v -0.425337 1.349456 -0.271396
v -0.127740 1.695558 -0.039908
v -0.473007 1.347854 -0.185324
v -0.136456 1.696086 -0.014972
v -0.502344 1.346148 -0.092206
v -0.139497 1.696085 0.011149
v -0.512212 1.344698 0.005036
v -0.136388 1.695260 0.037249
v -0.502206 1.343358 0.102555
v -0.127624 1.693943 0.062104
v -0.472722 1.342118 0.196239
v -0.114040 1.692522 0.084689
v -0.424921 1.341342 0.281959
v -0.096324 1.691111 0.104129
v -0.360839 1.340891 0.356780
v -0.075335 1.690032 0.119887
v -0.283046 1.340627 0.417953
v -0.051838 1.689200 0.131525
v -0.194631 1.340367 0.463320
v -0.026561 1.688675 0.138475
v -0.098982 1.340508 0.490936
v 0.131648 1.238985 0.643790
v 0.000627 1.238747 0.656497
v 0.257577 1.239444 0.606376
v 0.373550 1.240114 0.545721
v 0.475106 1.240977 0.464194
v 0.558360 1.242010 0.364960
v 0.620146 1.243184 0.251852
v 0.658130 1.244464 0.129214
v 0.670883 1.245806 0.001734
v 0.657926 1.247161 -0.125725
v 0.619747 1.248475 -0.248302
v 0.557779 1.249693 -0.361310
v 0.474367 1.250758 -0.460410
v 0.372681 1.251618 -0.541775
v 0.256611 1.252229 -0.602246
v 0.130622 1.252560 -0.639459
v -0.000419 1.252589 -0.651959
v -0.131440 1.252315 -0.639252
v -0.257370 1.251749 -0.601840
v -0.373343 1.250921 -0.541187
v -0.474898 1.249870 -0.459661
v -0.558152 1.248650 -0.360429
v -0.619938 1.247316 -0.247323
v -0.657922 1.245931 -0.124686
v -0.670675 1.244552 0.002793
v -0.657718 1.243234 0.130253
v -0.619538 1.242025 0.252831
v -0.557571 1.240967 0.365841
v -0.474159 1.240089 0.464943
v -0.372473 1.239416 0.546310
v -0.256404 1.238964 0.606782
v -0.130415 1.238740 0.643997
v -0.000205 1.583260 0.260087
v 0.050219 1.583526 0.255411
v 0.080240 1.435798 0.398304
v 0.000107 1.435584 0.405898
v 0.098926 1.584173 0.241576
v 0.157573 1.436037 0.376095
v 0.144184 1.585120 0.218946
v 0.229320 1.436372 0.339806
v 0.184207 1.586224 0.188026
v 0.292711 1.436741 0.290676
v 0.217357 1.587392 0.149952
v 0.345159 1.437222 0.230344
v 0.242454 1.588741 0.106236
v 0.384426 1.437929 0.160837
v 0.257902 1.589811 0.058321
v 0.408689 1.438797 0.085178
v 0.263108 1.590670 0.008349
v 0.416879 1.439886 0.005838
v 0.257808 1.591290 -0.041503
v 0.408604 1.440990 -0.073780
v 0.242276 1.591656 -0.089249
v 0.384204 1.442172 -0.149676
v 0.217120 1.591582 -0.133050
v 0.344797 1.443561 -0.218732
v 0.183923 1.591506 -0.171200
v 0.292245 1.444716 -0.279096
v 0.143862 1.591290 -0.202134
v 0.228774 1.445716 -0.328119
v 0.098572 1.590984 -0.224771
v 0.156987 1.446369 -0.364312
v 0.049848 1.590733 -0.238567
v 0.079639 1.446632 -0.386545
v -0.000580 1.590586 -0.243214
v -0.000505 1.446817 -0.393776
v -0.050999 1.590568 -0.238611
v -0.080627 1.446515 -0.386333
v -0.099701 1.590670 -0.224840
v -0.157953 1.445892 -0.364221
v -0.144957 1.590838 -0.202251
v -0.229691 1.444998 -0.328040
v -0.184978 1.590946 -0.171355
v -0.293085 1.443902 -0.278869
v -0.218127 1.590935 -0.133300
v -0.345542 1.442654 -0.218416
v -0.243227 1.590971 -0.089550
v -0.384829 1.441412 -0.148618
v -0.258685 1.590634 -0.041486
v -0.409094 1.440078 -0.072939
v -0.263904 1.590028 0.008676
v -0.417291 1.438885 0.006507
v -0.258621 1.589175 0.058771
v -0.408994 1.437802 0.085797
v -0.243102 1.588129 0.106712
v -0.384580 1.436993 0.161501
v -0.217938 1.586831 0.150400
v -0.345192 1.436425 0.230848
v -0.184728 1.585752 0.188372
v -0.292648 1.435940 0.291321
v -0.144659 1.584759 0.219182
v -0.229184 1.435643 0.340432
v -0.099364 1.583922 0.241744
v -0.157382 1.435605 0.376417
v -0.050642 1.583373 0.255561
v -0.080026 1.435549 0.398499
v 0.160500 1.151313 0.783196
v 0.000821 1.151049 0.798585
v 0.314082 1.151812 0.737854
v 0.455707 1.152557 0.664248
v 0.579935 1.153551 0.565145
v 0.681962 1.154777 0.444296
v 0.757809 1.156198 0.306318
v 0.804496 1.157759 0.156521
v 0.820183 1.159400 0.000701
v 0.804247 1.161056 -0.155094
v 0.757320 1.162663 -0.304816
v 0.681253 1.164160 -0.442672
v 0.579033 1.165489 -0.563356
v 0.454646 1.166590 -0.662259
v 0.312904 1.167400 -0.735637
v 0.159250 1.167857 -0.780735
v -0.000454 1.167916 -0.795871
v -0.160133 1.167559 -0.780483
v -0.313715 1.166814 -0.735143
v -0.455339 1.165739 -0.661541
v -0.579568 1.164406 -0.562441
v -0.681594 1.162886 -0.441596
v -0.757440 1.161247 -0.303620
v -0.804128 1.159552 -0.153824
v -0.819814 1.157867 0.001996
v -0.803878 1.156256 0.157790
v -0.756952 1.154782 0.307514
v -0.680885 1.153503 0.445372
v -0.578665 1.152468 0.566060
v -0.454279 1.151706 0.664967
v -0.312537 1.151226 0.738348
v -0.158883 1.151015 0.783448
v 0.135908 1.105750 0.678799
v 0.000779 1.105452 0.691969
v 0.266154 1.106374 0.639939
v 0.386726 1.107287 0.576687
v 0.493008 1.108438 0.491219
v 0.580752 1.109764 0.386603
v 0.646280 1.111206 0.266734
v 0.686762 1.112694 0.136248
v 0.700386 1.114170 0.000318
v 0.686542 1.115571 -0.135590
v 0.645858 1.116840 -0.266015
v 0.580133 1.117935 -0.385781
v 0.492224 1.118820 -0.490263
v 0.385804 1.119476 -0.575565
v 0.265132 1.119900 -0.638629
v 0.134824 1.120096 -0.677286
v -0.000326 1.120075 -0.690242
v -0.135454 1.119843 -0.677073
v -0.265700 1.119404 -0.638210
v -0.386272 1.118754 -0.574956
v -0.492555 1.117900 -0.489485
v -0.580298 1.116850 -0.384864
v -0.645831 1.115632 -0.264995
v -0.686307 1.114288 -0.134506
v -0.699934 1.112861 0.001424
v -0.686092 1.111410 0.137332
v -0.645402 1.109998 0.267753
v -0.579682 1.108679 0.387519
v -0.491770 1.107517 0.491997
v -0.385351 1.106565 0.577297
v -0.264679 1.105878 0.640358
v -0.134370 1.105498 0.679012
v 0.076828 1.011205 0.454800
v 0.116805 1.030804 0.592378
v 0.000687 1.010692 0.462380
v 0.000780 1.030531 0.603620
v 0.151961 1.011776 0.431912
v 0.228987 1.031403 0.559124
v 0.224380 1.012344 0.393373
v 0.333405 1.032287 0.504701
v 0.291413 1.013803 0.339206
v 0.426034 1.033382 0.430652
v 0.349008 1.014283 0.269745
v 0.503013 1.034653 0.339439
v 0.393592 1.016297 0.187560
v 0.560779 1.035989 0.234330
v 0.421868 1.016750 0.096016
v 0.596629 1.037368 0.119481
v 0.431526 1.018048 -0.000484
v 0.608704 1.038685 -0.000407
v 0.421741 1.019453 -0.096972
v 0.596414 1.039892 -0.120272
v 0.393259 1.019428 -0.188454
v 0.560429 1.040970 -0.235081
v 0.348596 1.020576 -0.270610
v 0.502457 1.041833 -0.340085
v 0.290862 1.020756 -0.339956
v 0.425349 1.042501 -0.431192
v 0.223752 1.020719 -0.394042
v 0.332597 1.042969 -0.505096
v 0.151271 1.020970 -0.432470
v 0.228093 1.043235 -0.559359
v 0.076100 1.020680 -0.455235
v 0.115859 1.043340 -0.592443
v -0.000053 1.020689 -0.462721
v -0.000185 1.043297 -0.603492
v -0.076194 1.020537 -0.455115
v -0.116212 1.043123 -0.592260
v -0.151329 1.020698 -0.432231
v -0.228393 1.042807 -0.558998
v -0.223748 1.020283 -0.393688
v -0.332811 1.042347 -0.504571
v -0.290774 1.020226 -0.339497
v -0.425444 1.041706 -0.430520
v -0.348398 1.019919 -0.270059
v -0.502407 1.040893 -0.339291
v -0.392929 1.018695 -0.187833
v -0.560212 1.039922 -0.234196
v -0.421266 1.018664 -0.096307
v -0.596014 1.038777 -0.119331
v -0.430896 1.017238 0.000197
v -0.608112 1.037547 0.000554
v -0.421084 1.015973 0.096681
v -0.595844 1.036253 0.120422
v -0.392662 1.015545 0.188180
v -0.559812 1.034942 0.235215
v -0.347945 1.013646 0.270296
v -0.501877 1.033713 0.340232
v -0.290238 1.013244 0.339664
v -0.424753 1.032587 0.431324
v -0.223119 1.011946 0.393727
v -0.332004 1.031664 0.505225
v -0.150638 1.011469 0.432149
v -0.227500 1.030977 0.559485
v -0.075469 1.011080 0.454921
v -0.115264 1.030586 0.592561
v -0.000619 1.732576 0.011279
v 0.054187 1.043120 0.320661
v 0.000549 1.042806 0.325857
v 0.107252 1.043385 0.304927
v 0.158621 1.043587 0.278245
v 0.206275 1.044470 0.240301
v 0.247536 1.044588 0.191537
v 0.279579 1.045849 0.133465
v 0.299937 1.046069 0.068516
v 0.306887 1.046961 -0.000078
v 0.299828 1.047997 -0.068659
v 0.279364 1.048064 -0.133577
v 0.247230 1.049055 -0.191602
v 0.205891 1.049387 -0.240295
v 0.158176 1.049506 -0.278173
v 0.106765 1.049871 -0.304771
v 0.053675 1.049794 -0.320423
v 0.000028 1.049848 -0.325538
v -0.053611 1.049693 -0.320338
v -0.106676 1.049679 -0.304603
v -0.158044 1.049197 -0.277923
v -0.205699 1.049012 -0.239971
v -0.246961 1.048590 -0.191212
v -0.279001 1.047543 -0.133136
v -0.299362 1.047436 -0.068187
v -0.306311 1.046386 0.000406
v -0.299251 1.045517 0.068989
v -0.278791 1.045286 0.133923
v -0.246653 1.044136 0.191927
v -0.205315 1.044074 0.240625
v -0.157599 1.043306 0.278495
v -0.106189 1.043169 0.305095
v -0.053099 1.043033 0.320746
v 0.000143 1.144256 0.001969
v 0.000664 0.641952 -0.141713
v 0.000667 0.664932 -0.109634
v 0.027342 0.641958 -0.139096
v 0.021091 0.664939 -0.107627
v 0.052996 0.641957 -0.131324
v 0.040728 0.664945 -0.101668
v 0.076642 0.641949 -0.118696
v 0.058477 0.665462 -0.091414
v 0.097369 0.641933 -0.101698
v 0.074149 0.665744 -0.078057
v 0.114383 0.641910 -0.080983
v 0.087596 0.665108 -0.062874
v 0.127028 0.641882 -0.057347
v 0.097380 0.664934 -0.044944
v 0.134819 0.641850 -0.031698
v 0.103387 0.664850 -0.025382
v 0.137456 0.641813 -0.005022
v 0.105417 0.664809 -0.004960
v 0.134839 0.641775 0.021656
v 0.103415 0.664774 0.015470
v 0.127067 0.641736 0.047310
v 0.097481 0.664728 0.035109
v 0.114440 0.641699 0.070956
v 0.087853 0.664666 0.053215
v 0.097443 0.641661 0.091685
v 0.074803 0.664660 0.069098
v 0.076727 0.641629 0.108700
v 0.058969 0.664625 0.082121
v 0.053166 0.641564 0.121340
v 0.041137 0.664435 0.091875
v 0.027455 0.641582 0.129133
v 0.021984 0.663703 0.098452
v 0.000772 0.641569 0.131772
v 0.001496 0.663566 0.100707
v -0.025911 0.641565 0.129154
v -0.018218 0.662099 0.100282
v -0.051567 0.641567 0.121381
v -0.038784 0.663710 0.092871
v -0.075185 0.641606 0.108746
v -0.057189 0.664409 0.082505
v -0.095927 0.641609 0.091752
v -0.073113 0.664464 0.069491
v -0.112953 0.641616 0.071040
v -0.086195 0.664528 0.053616
v -0.125599 0.641643 0.047404
v -0.095959 0.664678 0.035271
v -0.133390 0.641675 0.021755
v -0.101956 0.664716 0.015578
v -0.136027 0.641711 -0.004921
v -0.103962 0.664766 -0.004844
v -0.133410 0.641749 -0.031599
v -0.101992 0.664777 -0.025202
v -0.125638 0.641787 -0.057253
v -0.096051 0.664823 -0.044825
v -0.113011 0.641825 -0.080899
v -0.086370 0.664842 -0.063047
v -0.096013 0.641861 -0.101626
v -0.073353 0.664862 -0.078939
v -0.075298 0.641892 -0.118640
v -0.057492 0.664885 -0.091968
v -0.051661 0.641918 -0.131285
v -0.039395 0.664905 -0.101650
v -0.026012 0.641938 -0.139076
v -0.019757 0.664921 -0.107615
v 0.000656 0.609094 -0.194302
v 0.037585 0.609103 -0.190679
v 0.073098 0.609102 -0.179921
v 0.105829 0.609090 -0.162441
v 0.134522 0.609068 -0.138912
v 0.158073 0.609037 -0.110237
v 0.175576 0.608999 -0.077519
v 0.186361 0.608953 -0.042014
v 0.190012 0.608903 -0.005088
v 0.186391 0.608843 0.031842
v 0.175630 0.608797 0.067354
v 0.158151 0.608745 0.100085
v 0.134621 0.608697 0.128778
v 0.105951 0.608647 0.152327
v 0.073228 0.608616 0.169832
v 0.037982 0.608166 0.180647
v 0.001004 0.608228 0.184330
v -0.036016 0.608377 0.180700
v -0.071532 0.608373 0.169968
v -0.104374 0.608574 0.152408
v -0.133068 0.608596 0.128878
v -0.156616 0.608638 0.100201
v -0.174119 0.608678 0.067482
v -0.184907 0.608714 0.031979
v -0.188558 0.608763 -0.004947
v -0.184934 0.608817 -0.041877
v -0.174177 0.608867 -0.077389
v -0.156697 0.608919 -0.110120
v -0.133170 0.608970 -0.138808
v -0.104495 0.609013 -0.162361
v -0.071775 0.609047 -0.179867
v -0.036270 0.609075 -0.190652
v 0.000651 0.559301 -0.253458
v 0.049107 0.559313 -0.248704
v 0.095617 0.559446 -0.234598
v 0.138641 0.559302 -0.211653
v 0.176293 0.559269 -0.180778
v 0.207196 0.559229 -0.143152
v 0.230171 0.559175 -0.100220
v 0.244327 0.559113 -0.053632
v 0.249117 0.559047 -0.005179
v 0.244363 0.558978 0.043278
v 0.230246 0.558908 0.089876
v 0.207320 0.558826 0.132808
v 0.176499 0.558681 0.170400
v 0.138814 0.558715 0.201373
v 0.095883 0.558663 0.224340
v 0.049304 0.558612 0.238490
v 0.000838 0.558610 0.243285
v -0.047530 0.558453 0.238535
v -0.094187 0.558551 0.224422
v -0.137160 0.558614 0.201481
v -0.174815 0.558671 0.170601
v -0.205717 0.558724 0.132973
v -0.228685 0.558736 0.090047
v -0.242836 0.558796 0.043459
v -0.247626 0.558861 -0.004994
v -0.242872 0.558930 -0.053451
v -0.228750 0.559003 -0.100049
v -0.205805 0.559076 -0.142998
v -0.174933 0.559142 -0.180644
v -0.137307 0.559193 -0.211549
v -0.094386 0.559237 -0.234517
v -0.047800 0.559274 -0.248668
v 0.000659 0.521810 -0.269538
v 0.052243 0.521825 -0.264477
v 0.101178 0.522927 -0.249696
v 0.147565 0.521806 -0.225034
v 0.187608 0.521836 -0.192201
v 0.220537 0.521736 -0.152115
v 0.244988 0.521681 -0.106412
v 0.260055 0.521616 -0.056818
v 0.265160 0.521542 -0.005236
v 0.260098 0.521469 0.046347
v 0.245071 0.521395 0.095952
v 0.220661 0.521314 0.141660
v 0.187794 0.521242 0.181736
v 0.147827 0.521047 0.214537
v 0.102038 0.521123 0.239085
v 0.052433 0.521099 0.254159
v 0.000853 0.521076 0.259261
v -0.050718 0.521050 0.254199
v -0.100310 0.521034 0.239173
v -0.146051 0.521085 0.214757
v -0.186194 0.521434 0.181859
v -0.219027 0.521157 0.141836
v -0.243477 0.521212 0.096134
v -0.258541 0.521275 0.046540
v -0.263641 0.521344 -0.005040
v -0.258580 0.521418 -0.056624
v -0.243552 0.521492 -0.106229
v -0.219136 0.521565 -0.151949
v -0.186269 0.521633 -0.192028
v -0.146215 0.521693 -0.224924
v -0.100513 0.521744 -0.249375
v -0.050919 0.521783 -0.264439
v 0.000661 0.490417 -0.273850
v 0.053075 0.490436 -0.268711
v 0.103495 0.490412 -0.253436
v 0.149949 0.490399 -0.228628
v 0.190667 0.490380 -0.195239
v 0.224096 0.490334 -0.154541
v 0.248947 0.490267 -0.108091
v 0.264251 0.490205 -0.057695
v 0.269437 0.490132 -0.005283
v 0.264296 0.490056 0.047135
v 0.249026 0.489980 0.097540
v 0.224214 0.489907 0.143998
v 0.190941 0.489657 0.184499
v 0.150229 0.489607 0.217998
v 0.103676 0.489724 0.242994
v 0.053402 0.489494 0.258207
v 0.000873 0.489649 0.263482
v -0.051528 0.489614 0.258335
v -0.101943 0.489634 0.243071
v -0.148407 0.489660 0.218262
v -0.189200 0.489887 0.184848
v -0.222562 0.489739 0.144164
v -0.247407 0.489794 0.097725
v -0.262714 0.489858 0.047331
v -0.267896 0.489929 -0.005082
v -0.262753 0.490003 -0.057498
v -0.247483 0.490079 -0.107904
v -0.222673 0.490153 -0.154362
v -0.189276 0.490222 -0.195088
v -0.148575 0.490283 -0.228515
v -0.102136 0.490335 -0.253360
v -0.051741 0.490375 -0.268667
v 0.000678 0.457227 -0.275409
v 0.053377 0.457262 -0.270245
v 0.104084 0.457229 -0.254879
v 0.150804 0.457212 -0.229929
v 0.191758 0.457181 -0.196344
v 0.225374 0.457137 -0.155415
v 0.250358 0.457081 -0.108714
v 0.265750 0.457019 -0.058036
v 0.270958 0.456950 -0.005329
v 0.265791 0.456870 0.047383
v 0.250435 0.456795 0.098073
v 0.225485 0.456721 0.144792
v 0.192168 0.456267 0.185183
v 0.150971 0.456589 0.219361
v 0.104330 0.456446 0.244271
v 0.053609 0.456470 0.259723
v 0.000887 0.456464 0.264948
v -0.051827 0.456456 0.259779
v -0.102457 0.456366 0.244398
v -0.149236 0.456481 0.219470
v -0.190199 0.456535 0.185879
v -0.223806 0.456552 0.144959
v -0.248791 0.456608 0.098258
v -0.264185 0.456672 0.047580
v -0.269396 0.456743 -0.005127
v -0.264222 0.456819 -0.057839
v -0.248866 0.456895 -0.108528
v -0.223917 0.456969 -0.155248
v -0.190333 0.457038 -0.196203
v -0.149403 0.457099 -0.229818
v -0.102702 0.457151 -0.254802
v -0.052024 0.457192 -0.270196
v 0.000692 0.417774 -0.291137
v 0.056420 0.417858 -0.285694
v 0.110090 0.417789 -0.269419
v 0.159472 0.417854 -0.243084
v 0.202852 0.417735 -0.207487
v 0.238417 0.417689 -0.164183
v 0.264852 0.417629 -0.114772
v 0.281137 0.417564 -0.061154
v 0.286650 0.417489 -0.005389
v 0.281179 0.417408 0.050380
v 0.264933 0.417326 0.104011
v 0.238536 0.417248 0.153441
v 0.203414 0.416596 0.195786
v 0.159703 0.417102 0.232329
v 0.110291 0.417050 0.258768
v 0.056671 0.417009 0.275056
v 0.000947 0.416918 0.280530
v -0.054865 0.416969 0.275099
v -0.108494 0.416971 0.258852
v -0.157925 0.416990 0.232455
v -0.201255 0.417023 0.196921
v -0.236821 0.417070 0.153617
v -0.263253 0.417131 0.104206
v -0.279539 0.417200 0.050588
v -0.285055 0.417273 -0.005177
v -0.279582 0.417352 -0.060946
v -0.263334 0.417434 -0.114576
v -0.236933 0.417516 -0.164007
v -0.201401 0.417587 -0.207337
v -0.158098 0.417651 -0.242902
v -0.108691 0.417704 -0.269336
v -0.055075 0.417748 -0.285623
v 0.000695 0.374672 -0.299433
v 0.058071 0.374687 -0.293804
v 0.113252 0.374687 -0.277090
v 0.163715 0.375360 -0.250535
v 0.208684 0.374637 -0.213374
v 0.245268 0.374598 -0.168823
v 0.272471 0.374530 -0.117988
v 0.289227 0.374460 -0.062825
v 0.294904 0.374375 -0.005452
v 0.289275 0.374293 0.051924
v 0.272561 0.374210 0.107100
v 0.245403 0.374129 0.157955
v 0.209102 0.373700 0.201834
v 0.164296 0.373983 0.239122
v 0.113460 0.373929 0.266320
v 0.058300 0.373880 0.283070
v 0.000937 0.373837 0.288733
v -0.055881 0.372965 0.282554
v -0.111628 0.373845 0.266403
v -0.162484 0.373862 0.239246
v -0.207061 0.373898 0.202688
v -0.243651 0.373952 0.158132
v -0.270847 0.374007 0.107302
v -0.287601 0.374081 0.052138
v -0.293274 0.374157 -0.005234
v -0.287646 0.374236 -0.062610
v -0.270929 0.374322 -0.117785
v -0.243770 0.374403 -0.168640
v -0.207212 0.374478 -0.213219
v -0.162664 0.374542 -0.249809
v -0.111833 0.374597 -0.277004
v -0.056675 0.374642 -0.293761
v 0.000691 0.330512 -0.299494
v 0.058058 0.330545 -0.293874
v 0.113263 0.330531 -0.277151
v 0.164111 0.330523 -0.249997
v 0.208650 0.330544 -0.213445
v 0.245232 0.330526 -0.168897
v 0.272445 0.330452 -0.118061
v 0.289212 0.330371 -0.062896
v 0.294904 0.330254 -0.005518
v 0.289286 0.330148 0.051862
v 0.272576 0.330052 0.107039
v 0.245419 0.329970 0.157893
v 0.208862 0.329895 0.202472
v 0.164311 0.329825 0.239063
v 0.113479 0.329766 0.266251
v 0.058312 0.329727 0.283015
v 0.000939 0.329697 0.288687
v -0.056423 0.329662 0.283040
v -0.111613 0.329684 0.266343
v -0.162470 0.329697 0.239185
v -0.207045 0.329739 0.202627
v -0.243635 0.329787 0.158075
v -0.270830 0.329858 0.107234
v -0.287586 0.329920 0.052077
v -0.293258 0.329998 -0.005295
v -0.287628 0.330080 -0.062671
v -0.270908 0.330171 -0.117848
v -0.243745 0.330259 -0.168703
v -0.207193 0.330324 -0.213281
v -0.162656 0.330374 -0.249869
v -0.111818 0.330436 -0.277065
v -0.056668 0.330496 -0.293829
v 0.000636 0.272314 -0.326284
v 0.063085 0.272632 -0.320351
v 0.123285 0.272658 -0.302147
v 0.178873 0.272476 -0.272307
v 0.227479 0.272542 -0.232445
v 0.267374 0.272610 -0.183864
v 0.297046 0.272606 -0.128422
v 0.315330 0.272582 -0.068256
v 0.321578 0.272305 -0.005647
v 0.315354 0.272659 0.056878
v 0.297207 0.272177 0.117119
v 0.267649 0.271742 0.172639
v 0.227738 0.271845 0.221241
v 0.179119 0.271855 0.261143
v 0.123676 0.271705 0.290820
v 0.063510 0.271556 0.309112
v 0.000943 0.271430 0.315312
v -0.061620 0.271400 0.309173
v -0.121801 0.271413 0.290939
v -0.177259 0.271501 0.261306
v -0.225896 0.271496 0.221434
v -0.265811 0.271537 0.172838
v -0.295451 0.271735 0.117370
v -0.313660 0.272139 0.057154
v -0.319816 0.272314 -0.005440
v -0.313765 0.271989 -0.067972
v -0.295496 0.272175 -0.128170
v -0.265871 0.272226 -0.183638
v -0.225933 0.272399 -0.232277
v -0.177488 0.272146 -0.272147
v -0.122022 0.272235 -0.301816
v -0.061864 0.272278 -0.320095
v 0.000653 0.239129 -0.361455
v 0.069895 0.239559 -0.354932
v 0.136867 0.239275 -0.334430
v 0.198398 0.239362 -0.301577
v 0.252321 0.239507 -0.257359
v 0.296609 0.239560 -0.203455
v 0.329507 0.239724 -0.141965
v 0.349805 0.239703 -0.075213
v 0.356710 0.239542 -0.005814
v 0.349903 0.239515 0.063662
v 0.329696 0.239368 0.130445
v 0.296848 0.239193 0.192003
v 0.252625 0.238880 0.245985
v 0.198718 0.238694 0.290283
v 0.137204 0.238490 0.323216
v 0.070446 0.238302 0.343513
v 0.001009 0.238152 0.350393
v -0.068442 0.238131 0.343581
v -0.135224 0.238255 0.323335
v -0.196767 0.238419 0.290447
v -0.250708 0.238629 0.246181
v -0.294986 0.238604 0.192273
v -0.327854 0.239268 0.130671
v -0.348107 0.239413 0.063901
v -0.354944 0.239528 -0.005536
v -0.348114 0.239538 -0.074963
v -0.327890 0.239419 -0.141710
v -0.295044 0.239267 -0.203223
v -0.250760 0.239423 -0.257188
v -0.196896 0.239199 -0.301426
v -0.135582 0.239283 -0.334432
v -0.068755 0.239057 -0.354586
v 0.000693 0.218931 -0.318352
v 0.061715 0.219007 -0.312370
v 0.120390 0.219091 -0.294604
v 0.174476 0.219161 -0.265732
v 0.221878 0.219272 -0.226870
v 0.260779 0.219456 -0.179517
v 0.289722 0.219462 -0.125460
v 0.307562 0.219432 -0.066795
v 0.313615 0.219366 -0.005777
v 0.307648 0.219267 0.055249
v 0.289891 0.219137 0.113938
v 0.261023 0.218984 0.168037
v 0.222154 0.218762 0.215470
v 0.174780 0.218570 0.254403
v 0.120718 0.218376 0.283347
v 0.062049 0.218209 0.301184
v 0.001021 0.218070 0.307232
v -0.060025 0.218024 0.301248
v -0.118735 0.218145 0.283454
v -0.172831 0.218325 0.254547
v -0.220238 0.218443 0.215654
v -0.259147 0.218670 0.168246
v -0.288054 0.219049 0.114136
v -0.305852 0.219177 0.055459
v -0.311861 0.219279 -0.005564
v -0.305854 0.219298 -0.066579
v -0.288071 0.219211 -0.125239
v -0.259193 0.219088 -0.179299
v -0.220274 0.219221 -0.226719
v -0.172938 0.218995 -0.265597
v -0.118930 0.218988 -0.294546
v -0.060288 0.218899 -0.312326
v 0.000706 0.191566 -0.342746
v 0.066480 0.191677 -0.336305
v 0.129729 0.191798 -0.317160
v 0.188033 0.191897 -0.286042
v 0.239141 0.192033 -0.244155
v 0.281099 0.192136 -0.193102
v 0.312296 0.192145 -0.134835
v 0.331526 0.192112 -0.071601
v 0.338051 0.192041 -0.005831
v 0.331619 0.191933 0.059948
v 0.312477 0.191794 0.123208
v 0.281359 0.191603 0.181522
v 0.239463 0.191405 0.232644
v 0.188396 0.191192 0.274610
v 0.130118 0.190976 0.305808
v 0.066881 0.190802 0.325034
v 0.001089 0.190644 0.331554
v -0.064767 0.190621 0.325100
v -0.128086 0.190781 0.305915
v -0.186394 0.190930 0.274764
v -0.237517 0.191195 0.232823
v -0.279469 0.191510 0.181712
v -0.310628 0.191699 0.123419
v -0.329812 0.191837 0.060172
v -0.336289 0.191947 -0.005603
v -0.329809 0.192024 -0.071378
v -0.310622 0.192063 -0.134624
v -0.279469 0.192003 -0.192903
v -0.237551 0.191876 -0.243980
v -0.186476 0.191769 -0.285903
v -0.128206 0.191757 -0.317086
v -0.065042 0.191488 -0.336237
v 0.000750 0.160174 -0.363731
v 0.070608 0.160315 -0.356894
v 0.137795 0.160462 -0.336561
v 0.199726 0.160581 -0.303512
v 0.254019 0.160670 -0.259017
v 0.298591 0.160779 -0.204792
v 0.331726 0.160787 -0.142906
v 0.352151 0.160753 -0.075744
v 0.359080 0.160677 -0.005889
v 0.352249 0.160562 0.063976
v 0.331918 0.160416 0.131166
v 0.298806 0.159949 0.193138
v 0.254364 0.160003 0.247399
v 0.200123 0.159780 0.291972
v 0.138197 0.159515 0.325113
v 0.071047 0.159359 0.345529
v 0.001152 0.159193 0.352453
v -0.068876 0.159201 0.345593
v -0.136129 0.159347 0.325220
v -0.198069 0.159511 0.292133
v -0.252408 0.159871 0.247575
v -0.296955 0.160104 0.193304
v -0.329763 0.159887 0.130767
v -0.350430 0.160461 0.064212
v -0.357309 0.160577 -0.005648
v -0.350427 0.160659 -0.075508
v -0.330048 0.160704 -0.142684
v -0.296953 0.160647 -0.204584
v -0.252417 0.160457 -0.258826
v -0.198157 0.160459 -0.303368
v -0.136251 0.160391 -0.336464
v -0.069091 0.160185 -0.356831
v 0.000784 0.140796 -0.330296
v 0.064143 0.140923 -0.324096
v 0.125057 0.141061 -0.305665
v 0.181202 0.141169 -0.275704
v 0.230422 0.141245 -0.235366
v 0.270834 0.141338 -0.186207
v 0.300871 0.141344 -0.130104
v 0.319377 0.141279 -0.069216
v 0.325665 0.141229 -0.005890
v 0.319476 0.141140 0.057446
v 0.301047 0.141011 0.118356
v 0.271074 0.140806 0.174507
v 0.230740 0.140646 0.223726
v 0.181564 0.140443 0.264135
v 0.125432 0.140234 0.294178
v 0.064551 0.140071 0.312688
v 0.001176 0.139903 0.318964
v -0.062387 0.139926 0.312742
v -0.123402 0.140109 0.294265
v -0.179582 0.140333 0.264259
v -0.228797 0.140540 0.223882
v -0.269175 0.140719 0.174687
v -0.299187 0.140919 0.118556
v -0.317658 0.141052 0.057657
v -0.323894 0.141156 -0.005674
v -0.317655 0.141229 -0.069006
v -0.299181 0.141272 -0.129905
v -0.269171 0.141201 -0.186018
v -0.228784 0.141041 -0.235192
v -0.179603 0.141084 -0.275578
v -0.123479 0.141007 -0.305579
v -0.062569 0.140858 -0.324048
v 0.000790 0.111685 -0.265035
v 0.051502 0.111777 -0.260092
v 0.100190 0.111910 -0.245373
v 0.145046 0.112007 -0.221442
v 0.184373 0.112077 -0.189216
v 0.216656 0.112121 -0.149939
v 0.240648 0.112120 -0.105114
v 0.255411 0.112053 -0.056453
v 0.260385 0.111954 -0.005827
v 0.255445 0.111922 0.044776
v 0.240782 0.111874 0.093394
v 0.216859 0.111753 0.138238
v 0.184628 0.111586 0.177558
v 0.145334 0.111440 0.209847
v 0.100493 0.111312 0.233856
v 0.051843 0.111199 0.248653
v 0.001173 0.110987 0.253644
v -0.049808 0.111056 0.248664
v -0.098427 0.111118 0.233916
v -0.143368 0.111321 0.209939
v -0.182665 0.111437 0.177690
v -0.214935 0.111612 0.138402
v -0.238940 0.111810 0.093554
v -0.253693 0.111910 0.044913
v -0.258663 0.111960 -0.005670
v -0.253671 0.111985 -0.056265
v -0.238928 0.112043 -0.104945
v -0.214939 0.111977 -0.149773
v -0.182674 0.111923 -0.189076
v -0.143383 0.111914 -0.221340
v -0.098538 0.111849 -0.245307
v -0.049839 0.111723 -0.260051
v 0.000849 0.087387 -0.166492
v 0.032324 0.087426 -0.163418
v 0.062584 0.087524 -0.154296
v 0.090391 0.087585 -0.139463
v 0.114745 0.087615 -0.119464
v 0.134735 0.087632 -0.095094
v 0.149494 0.087587 -0.067213
v 0.158541 0.087559 -0.036947
v 0.161590 0.087585 -0.005515
v 0.158587 0.087631 0.025812
v 0.149545 0.087631 0.055910
v 0.134821 0.087533 0.083604
v 0.114875 0.087434 0.107946
v 0.090530 0.087306 0.127929
v 0.062775 0.087128 0.142752
v 0.032602 0.087065 0.151936
v 0.001110 0.087064 0.155086
v -0.030546 0.087098 0.152007
v -0.060843 0.087228 0.142883
v -0.088656 0.087390 0.128091
v -0.113012 0.087474 0.108123
v -0.132993 0.087500 0.083759
v -0.147834 0.087582 0.056036
v -0.156946 0.087614 0.025970
v -0.159994 0.087561 -0.005345
v -0.156904 0.087502 -0.036754
v -0.147754 0.087451 -0.066962
v -0.132908 0.087427 -0.094815
v -0.112926 0.087419 -0.119244
v -0.088571 0.087420 -0.139308
v -0.060766 0.087409 -0.154205
v -0.030574 0.087394 -0.163388
v 0.000878 0.074729 -0.105330
v 0.020432 0.074756 -0.103437
v 0.039237 0.074815 -0.097792
v 0.056466 0.074857 -0.088589
v 0.071482 0.074894 -0.076125
v 0.083826 0.074920 -0.060981
v 0.092997 0.074942 -0.043718
v 0.098684 0.074952 -0.025038
v 0.100656 0.074939 -0.005649
v 0.098707 0.074968 0.013844
v 0.093040 0.074989 0.032559
v 0.083869 0.074971 0.049770
v 0.071530 0.074901 0.064825
v 0.056500 0.074787 0.077154
v 0.039321 0.074658 0.086313
v 0.020597 0.074611 0.092004
v 0.000998 0.074553 0.093919
v -0.018595 0.074592 0.092040
v -0.037403 0.074721 0.086457
v -0.054662 0.074823 0.077317
v -0.069762 0.074867 0.064951
v -0.082150 0.074891 0.049864
v -0.091352 0.074896 0.032639
v -0.097022 0.074885 0.013924
v -0.098926 0.074879 -0.005505
v -0.096996 0.074863 -0.024925
v -0.091309 0.074835 -0.043607
v -0.082085 0.074801 -0.060832
v -0.069684 0.074771 -0.075951
v -0.054579 0.074748 -0.088389
v -0.037340 0.074735 -0.097656
v -0.018620 0.074727 -0.103377
v 0.000900 0.067682 -0.051102
v 0.009827 0.067694 -0.050230
v 0.018427 0.067713 -0.047651
v 0.026335 0.067731 -0.043467
v 0.033239 0.067743 -0.037832
v 0.038886 0.067758 -0.030949
v 0.043059 0.067782 -0.023074
v 0.045621 0.067803 -0.014531
v 0.046499 0.067800 -0.005678
v 0.045656 0.067772 0.003150
v 0.043109 0.067729 0.011629
v 0.038940 0.067687 0.019452
v 0.033304 0.067659 0.026326
v 0.026423 0.067635 0.031976
v 0.018557 0.067609 0.036178
v 0.009982 0.067584 0.038767
v 0.001029 0.067568 0.039646
v -0.007921 0.067571 0.038784
v -0.016524 0.067592 0.036217
v -0.024446 0.067623 0.032043
v -0.031375 0.067662 0.026427
v -0.037048 0.067698 0.019582
v -0.041253 0.067726 0.011763
v -0.043837 0.067741 0.003266
v -0.044705 0.067746 -0.005582
v -0.043827 0.067742 -0.014440
v -0.041236 0.067732 -0.022972
v -0.037028 0.067716 -0.030849
v -0.031360 0.067700 -0.037761
v -0.024452 0.067688 -0.043430
v -0.016571 0.067682 -0.047637
v -0.008014 0.067679 -0.050227
v 0.000953 0.065431 -0.005750
v 0.429795 0.418426 0.052746
v 0.427949 0.391027 0.025705
v 0.425351 0.355405 0.011227
v 0.422399 0.316983 0.011517
v 0.419540 0.281607 0.026531
v 0.437944 0.432861 0.089774
v 0.450691 0.416844 0.057124
v 0.459249 0.388746 0.032241
v 0.462245 0.352628 0.018953
v 0.459293 0.314206 0.019243
v 0.450817 0.279253 0.033081
v 0.438109 0.253090 0.058360
v 0.423102 0.239700 0.091232
v 0.444139 0.432416 0.094010
v 0.468334 0.415581 0.069187
v 0.485636 0.386800 0.050305
v 0.493391 0.350396 0.040249
v 0.490438 0.311974 0.040538
v 0.477221 0.277360 0.051134
v 0.455751 0.251825 0.070423
v 0.429297 0.239256 0.095468
v 0.430579 0.435464 0.107490
v 0.448248 0.432148 0.100301
v 0.480034 0.414815 0.087101
v 0.503341 0.386275 0.076997
v 0.514046 0.349047 0.071872
v 0.511094 0.310625 0.072162
v 0.494732 0.276217 0.077943
v 0.467452 0.251061 0.088336
v 0.433406 0.238987 0.101758
v 0.449645 0.432097 0.107688
v 0.484012 0.414668 0.108137
v 0.509093 0.385418 0.108601
v 0.521068 0.348788 0.109009
v 0.518116 0.310366 0.109299
v 0.500685 0.275997 0.109427
v 0.471429 0.250914 0.109372
v 0.434802 0.238936 0.109145
v 0.448117 0.432269 0.115047
v 0.479660 0.415161 0.129094
v 0.502581 0.386155 0.139965
v 0.513397 0.349685 0.146001
v 0.510434 0.311235 0.146296
v 0.494174 0.276737 0.140790
v 0.467078 0.251407 0.130330
v 0.433274 0.239109 0.116504
v 0.443896 0.432641 0.121258
v 0.467643 0.416217 0.146781
v 0.484595 0.387733 0.166436
v 0.492171 0.351524 0.177230
v 0.489218 0.313101 0.177520
v 0.476231 0.278391 0.167246
v 0.455060 0.252464 0.148017
v 0.429054 0.239480 0.122715
v 0.437627 0.433153 0.125375
v 0.449788 0.417678 0.158506
v 0.457874 0.389919 0.183983
v 0.460651 0.354101 0.197928
v 0.457700 0.315680 0.198218
v 0.449469 0.280507 0.184807
v 0.437206 0.253924 0.159741
v 0.422785 0.239993 0.126832
v 0.430262 0.433730 0.126771
v 0.428815 0.419319 0.162482
v 0.426485 0.392375 0.189935
v 0.423651 0.357049 0.204938
v 0.420675 0.318579 0.205238
v 0.418078 0.282958 0.190760
v 0.416233 0.255566 0.163718
v 0.415420 0.240569 0.128228
v 0.422924 0.434282 0.125235
v 0.407923 0.420911 0.158103
v 0.395208 0.394729 0.183385
v 0.386756 0.359819 0.197214
v 0.383786 0.321363 0.197511
v 0.386801 0.285312 0.184211
v 0.395334 0.257138 0.159342
v 0.408081 0.241121 0.126692
v 0.416728 0.434726 0.120999
v 0.390286 0.422189 0.146037
v 0.368804 0.396622 0.165332
v 0.355600 0.362031 0.175922
v 0.352660 0.323623 0.176209
v 0.360397 0.287205 0.166157
v 0.377692 0.258403 0.147279
v 0.401886 0.241566 0.122456
v 0.415446 0.238519 0.108976
v 0.412620 0.434994 0.114708
v 0.378574 0.422921 0.128130
v 0.351293 0.397765 0.138523
v 0.334950 0.363389 0.144297
v 0.331982 0.324939 0.144593
v 0.342885 0.288348 0.139348
v 0.365991 0.259167 0.129365
v 0.397777 0.241834 0.116165
v 0.411223 0.435046 0.107321
v 0.374596 0.423068 0.107093
v 0.345341 0.397986 0.107039
v 0.327911 0.363619 0.107166
v 0.324959 0.325197 0.107456
v 0.336933 0.288568 0.107865
v 0.362014 0.259314 0.108329
v 0.396381 0.241885 0.108778
v 0.412751 0.434873 0.099962
v 0.378948 0.422575 0.086137
v 0.351853 0.397248 0.075675
v 0.335607 0.362776 0.070164
v 0.332639 0.324325 0.070460
v 0.343445 0.287831 0.076500
v 0.366365 0.258821 0.087372
v 0.397909 0.241712 0.101419
v 0.416971 0.434502 0.093751
v 0.390980 0.421563 0.068441
v 0.369838 0.395666 0.049204
v 0.356807 0.360881 0.038946
v 0.353855 0.322459 0.039236
v 0.361431 0.286249 0.050030
v 0.378383 0.257765 0.069685
v 0.402129 0.241341 0.095208
v 0.423241 0.433989 0.089634
v 0.408944 0.420466 0.056646
v 0.396560 0.393481 0.031657
v 0.388326 0.358303 0.018248
v 0.385374 0.319881 0.018538
v 0.388152 0.284064 0.032483
v 0.396237 0.256304 0.057960
v 0.408398 0.240829 0.091091
v 0.430606 0.433413 0.088238
v 0.417210 0.254663 0.053984
v 0.415763 0.240252 0.089695
v -0.428482 0.433603 0.078103
v -0.431650 0.411936 0.046393
v -0.433368 0.379726 0.025306
v -0.433376 0.341879 0.018052
v -0.431673 0.304155 0.025737
v -0.431502 0.440996 0.117884
v -0.448854 0.432368 0.084572
v -0.462138 0.410087 0.056073
v -0.469332 0.377546 0.036725
v -0.469340 0.339698 0.029471
v -0.462161 0.302306 0.035417
v -0.448888 0.271062 0.053657
v -0.432895 0.253051 0.081737
v -0.437225 0.440079 0.122687
v -0.465155 0.429758 0.098204
v -0.486535 0.406182 0.076476
v -0.498109 0.372939 0.060791
v -0.498118 0.335092 0.053537
v -0.486558 0.298401 0.055819
v -0.465189 0.268453 0.067289
v -0.437864 0.250836 0.086312
v -0.422112 0.439687 0.134788
v -0.440649 0.438817 0.129281
v -0.474904 0.426172 0.116925
v -0.501125 0.400815 0.104494
v -0.515319 0.366609 0.093840
v -0.515327 0.328761 0.086587
v -0.501148 0.293034 0.083837
v -0.474938 0.264867 0.086011
v -0.441110 0.249271 0.092839
v -0.441251 0.437401 0.136656
v -0.476616 0.422156 0.137885
v -0.503687 0.394804 0.135862
v -0.518342 0.359518 0.130842
v -0.518350 0.321671 0.123588
v -0.503710 0.287023 0.115206
v -0.476651 0.260852 0.106970
v -0.441702 0.247841 0.100195
v -0.438939 0.436049 0.143682
v -0.470031 0.418320 0.157892
v -0.493832 0.389063 0.165805
v -0.506717 0.352746 0.166162
v -0.506725 0.314899 0.158909
v -0.493855 0.281282 0.145149
v -0.470077 0.257036 0.126975
v -0.439476 0.246639 0.107240
v -0.434065 0.434971 0.149289
v -0.456151 0.415249 0.173901
v -0.473059 0.384467 0.189765
v -0.482214 0.347325 0.194424
v -0.482222 0.309477 0.187171
v -0.473082 0.276686 0.169108
v -0.456231 0.254021 0.142983
v -0.434921 0.246100 0.112937
v -0.427371 0.434330 0.152633
v -0.437090 0.413410 0.183475
v -0.444532 0.381715 0.204093
v -0.448563 0.344078 0.211325
v -0.448572 0.306231 0.204072
v -0.444554 0.273934 0.183436
v -0.437239 0.252301 0.152563
v -0.427809 0.244836 0.114473
v -0.419877 0.434214 0.153227
v -0.415749 0.413083 0.185156
v -0.412592 0.381226 0.206608
v -0.410889 0.343502 0.214292
v -0.410897 0.305654 0.207039
v -0.412616 0.273446 0.185952
v -0.415994 0.252134 0.154270
v -0.420257 0.244613 0.114978
v -0.412724 0.434648 0.150959
v -0.395377 0.414319 0.178687
v -0.382104 0.383075 0.196928
v -0.374925 0.345683 0.202874
v -0.374933 0.307835 0.195620
v -0.382131 0.275301 0.176272
v -0.395690 0.253428 0.147700
v -0.413194 0.245260 0.112550
v -0.406999 0.435569 0.146162
v -0.379076 0.416928 0.165055
v -0.357708 0.386980 0.176525
v -0.346148 0.350289 0.178807
v -0.346156 0.312441 0.171554
v -0.357751 0.279139 0.155738
v -0.379394 0.256055 0.134035
v -0.407716 0.246595 0.108741
v -0.422581 0.246975 0.095729
v -0.403576 0.436832 0.139573
v -0.369327 0.420514 0.146334
v -0.343118 0.392346 0.148507
v -0.328938 0.356619 0.145758
v -0.328946 0.318772 0.138504
v -0.343146 0.284568 0.127814
v -0.369624 0.259648 0.115512
v -0.404051 0.247290 0.103284
v -0.402974 0.438244 0.132209
v -0.367615 0.424530 0.125374
v -0.340555 0.398358 0.117139
v -0.325915 0.363710 0.108756
v -0.325923 0.325862 0.101503
v -0.340581 0.290582 0.096484
v -0.367870 0.263596 0.094575
v -0.403442 0.248690 0.095931
v -0.405287 0.439591 0.125183
v -0.374200 0.428366 0.105367
v -0.350416 0.404108 0.087188
v -0.337575 0.370540 0.073410
v -0.337548 0.332634 0.066182
v -0.350436 0.296322 0.066540
v -0.374389 0.267322 0.074539
v -0.405758 0.250045 0.088907
v -0.410161 0.440669 0.119562
v -0.388080 0.431437 0.089358
v -0.371188 0.408704 0.063225
v -0.362110 0.376022 0.045067
v -0.362074 0.338094 0.037908
v -0.371212 0.300924 0.042581
v -0.388163 0.270217 0.058468
v -0.410642 0.251144 0.083279
v -0.416854 0.441315 0.116200
v -0.407141 0.433276 0.079784
v -0.399711 0.411447 0.048908
v -0.395694 0.379150 0.028273
v -0.395702 0.341302 0.021019
v -0.399740 0.303678 0.028250
v -0.407183 0.271984 0.048872
v -0.417506 0.252086 0.079959
v -0.424348 0.441429 0.115610
v -0.428517 0.272298 0.047189
v -0.425203 0.252554 0.079391
v -0.150936 0.029519 0.074036
v -0.166395 0.029531 0.072502
v -0.181257 0.029536 0.067981
v -0.194952 0.029533 0.060648
v -0.206953 0.029523 0.050784
v -0.216799 0.029506 0.038769
v -0.224111 0.029482 0.025063
v -0.228610 0.029453 0.010194
v -0.230121 0.029420 -0.005267
v -0.228587 0.029384 -0.020725
v -0.224066 0.029346 -0.035587
v -0.216733 0.029309 -0.049282
v -0.206869 0.029272 -0.061283
v -0.194854 0.029238 -0.071129
v -0.181148 0.029208 -0.078441
v -0.166279 0.029184 -0.082940
v -0.150819 0.029165 -0.084451
v -0.135360 0.029153 -0.082917
v -0.120498 0.029148 -0.078396
v -0.106803 0.029151 -0.071063
v -0.094802 0.029162 -0.061199
v -0.084956 0.029179 -0.049184
v -0.077644 0.029202 -0.035478
v -0.073145 0.029231 -0.020609
v -0.071634 0.029264 -0.005149
v -0.073168 0.029300 0.010310
v -0.077689 0.029338 0.025172
v -0.085022 0.029376 0.038867
v -0.094885 0.029412 0.050868
v -0.106901 0.029446 0.060714
v -0.120607 0.029476 0.068026
v -0.135476 0.029501 0.072525
v -0.150920 0.045882 0.073999
v -0.166379 0.045894 0.072465
v -0.181241 0.045898 0.067945
v -0.194936 0.045895 0.060611
v -0.206937 0.045885 0.050748
v -0.216783 0.045868 0.038732
v -0.224095 0.045845 0.025026
v -0.228594 0.045816 0.010158
v -0.230105 0.045783 -0.005303
v -0.228571 0.045747 -0.020762
v -0.224050 0.045709 -0.035624
v -0.216717 0.045671 -0.049318
v -0.206853 0.045634 -0.061319
v -0.194838 0.045601 -0.071165
v -0.181132 0.045571 -0.078478
v -0.166263 0.045546 -0.082976
v -0.150802 0.045527 -0.084487
v -0.135344 0.045516 -0.082953
v -0.120482 0.045511 -0.078433
v -0.106787 0.045514 -0.071100
v -0.094786 0.045524 -0.061236
v -0.084940 0.045541 -0.049220
v -0.077627 0.045565 -0.035515
v -0.073129 0.045593 -0.020646
v -0.071618 0.045627 -0.005185
v -0.073152 0.045663 0.010273
v -0.077672 0.045700 0.025135
v -0.085006 0.045738 0.038830
v -0.094869 0.045775 0.050831
v -0.106885 0.045809 0.060677
v -0.120591 0.045838 0.067990
v -0.135459 0.045863 0.072488
v -0.150902 0.064356 0.073958
v -0.166360 0.064367 0.072424
v -0.181223 0.064372 0.067903
v -0.194917 0.064369 0.060570
v -0.206918 0.064359 0.050706
v -0.216764 0.064342 0.038691
v -0.224077 0.064318 0.024985
v -0.228575 0.064290 0.010116
v -0.230087 0.064256 -0.005345
v -0.228552 0.064220 -0.020803
v -0.224032 0.064183 -0.035665
v -0.216699 0.064145 -0.049360
v -0.206835 0.064108 -0.061361
v -0.194819 0.064074 -0.071207
v -0.181114 0.064044 -0.078519
v -0.166245 0.064020 -0.083018
v -0.150784 0.064001 -0.084529
v -0.135326 0.063989 -0.082995
v -0.120464 0.063985 -0.078474
v -0.106769 0.063988 -0.071141
v -0.094768 0.063998 -0.061277
v -0.084922 0.064015 -0.049262
v -0.077609 0.064038 -0.035556
v -0.073111 0.064067 -0.020687
v -0.071600 0.064100 -0.005226
v -0.073134 0.064136 0.010232
v -0.077654 0.064174 0.025094
v -0.084987 0.064212 0.038789
v -0.094851 0.064249 0.050790
v -0.106867 0.064282 0.060636
v -0.120572 0.064312 0.067948
v -0.135441 0.064337 0.072447
v -0.150883 0.083357 0.073915
v -0.166342 0.083369 0.072381
v -0.181204 0.083374 0.067861
v -0.194899 0.083371 0.060528
v -0.206900 0.083360 0.050664
v -0.216746 0.083343 0.038648
v -0.224058 0.083320 0.024943
v -0.228557 0.083291 0.010074
v -0.230068 0.083258 -0.005387
v -0.228534 0.083222 -0.020845
v -0.224013 0.083184 -0.035708
v -0.216680 0.083146 -0.049402
v -0.206816 0.083110 -0.061403
v -0.194801 0.083076 -0.071249
v -0.181095 0.083046 -0.078562
v -0.166226 0.083021 -0.083060
v -0.150765 0.083003 -0.084571
v -0.135307 0.082991 -0.083037
v -0.120445 0.082986 -0.078517
v -0.106750 0.082989 -0.071184
v -0.094749 0.082999 -0.061320
v -0.084903 0.083017 -0.049304
v -0.077590 0.083040 -0.035599
v -0.073092 0.083069 -0.020730
v -0.071581 0.083102 -0.005269
v -0.073115 0.083138 0.010190
v -0.077635 0.083176 0.025052
v -0.084969 0.083214 0.038746
v -0.094832 0.083250 0.050747
v -0.106848 0.083284 0.060593
v -0.120554 0.083314 0.067906
v -0.135422 0.083339 0.072404
v -0.150864 0.102359 0.073873
v -0.166323 0.102371 0.072339
v -0.181185 0.102375 0.067818
v -0.194880 0.102372 0.060485
v -0.206881 0.102362 0.050621
v -0.216727 0.102345 0.038606
v -0.224040 0.102322 0.024900
v -0.228538 0.102293 0.010031
v -0.230049 0.102260 -0.005429
v -0.228515 0.102223 -0.020888
v -0.223994 0.102186 -0.035750
v -0.216661 0.102148 -0.049445
v -0.206798 0.102111 -0.061446
v -0.194782 0.102078 -0.071292
v -0.181076 0.102048 -0.078604
v -0.166207 0.102023 -0.083103
v -0.150747 0.102004 -0.084614
v -0.135288 0.101992 -0.083080
v -0.120426 0.101988 -0.078559
v -0.106731 0.101991 -0.071226
v -0.094730 0.102001 -0.061362
v -0.084884 0.102018 -0.049347
v -0.077572 0.102042 -0.035641
v -0.073073 0.102070 -0.020772
v -0.071562 0.102104 -0.005311
v -0.073096 0.102140 0.010147
v -0.077617 0.102177 0.025009
v -0.084950 0.102215 0.038704
v -0.094814 0.102252 0.050705
v -0.106829 0.102286 0.060551
v -0.120535 0.102315 0.067863
v -0.135404 0.102340 0.072362
v -0.150912 -0.005267 -0.005130
v -0.150949 0.016575 0.074065
v -0.166408 0.016587 0.072531
v -0.181270 0.016592 0.068010
v -0.194964 0.016589 0.060677
v -0.206965 0.016579 0.050813
v -0.216811 0.016562 0.038798
v -0.224124 0.016538 0.025092
v -0.228623 0.016509 0.010223
v -0.230134 0.016476 -0.005238
v -0.228600 0.016440 -0.020696
v -0.224079 0.016402 -0.035558
v -0.216746 0.016365 -0.049253
v -0.206882 0.016328 -0.061254
v -0.194867 0.016294 -0.071100
v -0.181161 0.016264 -0.078413
v -0.166292 0.016239 -0.082911
v -0.150831 0.016221 -0.084422
v -0.135373 0.016209 -0.082888
v -0.120511 0.016204 -0.078367
v -0.106816 0.016207 -0.071034
v -0.094815 0.016218 -0.061170
v -0.084969 0.016235 -0.049155
v -0.077656 0.016258 -0.035449
v -0.073158 0.016287 -0.020580
v -0.071647 0.016320 -0.005120
v -0.073181 0.016356 0.010339
v -0.077701 0.016394 0.025201
v -0.085034 0.016432 0.038896
v -0.094898 0.016468 0.050897
v -0.106914 0.016502 0.060743
v -0.120619 0.016532 0.068055
v -0.135488 0.016557 0.072554
v -0.150925 -0.004290 0.013570
v -0.150943 0.004643 0.050197
v -0.154573 -0.004287 0.013208
v -0.161740 0.004651 0.049125
v -0.158081 -0.004286 0.012141
v -0.172121 0.004654 0.045968
v -0.161313 -0.004287 0.010411
v -0.181686 0.004652 0.040846
v -0.164145 -0.004289 0.008083
v -0.190068 0.004645 0.033956
v -0.166469 -0.004293 0.005247
v -0.196946 0.004633 0.025564
v -0.168195 -0.004299 0.002012
v -0.202053 0.004617 0.015991
v -0.169257 -0.004306 -0.001497
v -0.205195 0.004597 0.005605
v -0.169613 -0.004313 -0.005146
v -0.206251 0.004574 -0.005193
v -0.169251 -0.004322 -0.008795
v -0.205179 0.004548 -0.015991
v -0.168184 -0.004331 -0.012302
v -0.202022 0.004522 -0.026371
v -0.166454 -0.004340 -0.015534
v -0.196900 0.004496 -0.035936
v -0.164126 -0.004348 -0.018367
v -0.190010 0.004470 -0.044319
v -0.161290 -0.004356 -0.020691
v -0.181618 0.004446 -0.051196
v -0.158055 -0.004363 -0.022417
v -0.172045 0.004425 -0.056303
v -0.154546 -0.004369 -0.023478
v -0.161660 0.004408 -0.059445
v -0.150897 -0.004374 -0.023835
v -0.150861 0.004395 -0.060501
v -0.147248 -0.004376 -0.023473
v -0.140064 0.004387 -0.059429
v -0.143741 -0.004378 -0.022406
v -0.129683 0.004384 -0.056272
v -0.140509 -0.004377 -0.020675
v -0.120118 0.004386 -0.051150
v -0.137676 -0.004374 -0.018347
v -0.111735 0.004393 -0.044260
v -0.135352 -0.004370 -0.015511
v -0.104858 0.004405 -0.035868
v -0.133626 -0.004365 -0.012277
v -0.099751 0.004421 -0.026295
v -0.132565 -0.004358 -0.008767
v -0.096609 0.004441 -0.015910
v -0.132208 -0.004350 -0.005118
v -0.095553 0.004464 -0.005111
v -0.132570 -0.004342 -0.001470
v -0.096625 0.004490 0.005686
v -0.133637 -0.004333 0.002038
v -0.099782 0.004516 0.016067
v -0.135368 -0.004324 0.005270
v -0.104904 0.004542 0.025632
v -0.137696 -0.004315 0.008102
v -0.111794 0.004568 0.034014
v -0.140532 -0.004307 0.010426
v -0.120186 0.004592 0.040892
v -0.143766 -0.004300 0.012152
v -0.129759 0.004613 0.045999
v -0.147276 -0.004294 0.013214
v -0.140144 0.004630 0.049141
v -0.389116 0.157223 0.053491
v -0.410089 0.010806 0.049113
v -0.383651 0.147266 0.100160
v -0.436916 0.155945 0.058487
v -0.431592 0.146191 0.105451
v -0.406503 0.144673 0.112905
v -0.414308 0.158886 0.046249
v -0.376070 0.152425 0.075600
v -0.444469 0.150742 0.083016
v -0.388859 0.481932 0.121303
v -0.388945 0.309243 0.086140
v -0.383350 0.300228 0.133175
v -0.436836 0.308200 0.091636
v -0.431242 0.299185 0.138672
v -0.406097 0.297774 0.146006
v -0.414090 0.310654 0.078805
v -0.375881 0.304959 0.108479
v -0.444305 0.303469 0.116332
v -0.388839 0.617631 0.150801
v -0.383384 0.472131 0.168402
v -0.436757 0.480814 0.127038
v -0.431290 0.471014 0.173759
v -0.406170 0.469418 0.181244
v -0.413974 0.483489 0.114307
v -0.375849 0.477318 0.143518
v -0.444294 0.475664 0.151516
v -0.388841 0.773467 0.183913
v -0.383394 0.607672 0.197664
v -0.436748 0.616501 0.156128
v -0.431302 0.606542 0.202990
v -0.406181 0.604972 0.210372
v -0.413961 0.619201 0.143419
v -0.375847 0.612894 0.173091
v -0.444295 0.611279 0.180701
v -0.397645 0.839817 0.196284
v -0.383394 0.763505 0.230788
v -0.436745 0.772371 0.189254
v -0.431299 0.762412 0.236115
v -0.406185 0.760826 0.243495
v -0.413965 0.775056 0.176542
v -0.375841 0.768719 0.206206
v -0.444291 0.767153 0.213827
v -0.432582 0.882212 0.209353
v -0.391594 0.828749 0.248360
v -0.442771 0.810958 0.195415
v -0.436724 0.799899 0.247453
v -0.412876 0.811955 0.259069
v -0.421518 0.827762 0.184691
v -0.384935 0.840465 0.222511
v -0.449406 0.799238 0.221241
v -0.474260 0.897978 0.217548
v -0.426531 0.871145 0.261430
v -0.464434 0.839474 0.203996
v -0.458388 0.828417 0.256027
v -0.441169 0.847399 0.269889
v -0.449812 0.863206 0.195511
v -0.422724 0.885844 0.236545
v -0.468230 0.824799 0.228860
v -0.516120 0.895480 0.221798
v -0.468208 0.886911 0.269623
v -0.485296 0.846456 0.207899
v -0.479249 0.835397 0.259939
v -0.472428 0.858772 0.275938
v -0.481071 0.874579 0.201561
v -0.468870 0.903496 0.245659
v -0.484645 0.829894 0.231850
v -0.564564 0.880289 0.223858
v -0.510061 0.884393 0.273949
v -0.508209 0.843836 0.209996
v -0.502160 0.832773 0.262053
v -0.504813 0.856207 0.279156
v -0.513456 0.872013 0.204779
v -0.514808 0.901062 0.250244
v -0.503491 0.827239 0.233476
v -0.597845 0.851442 0.222017
v -0.558475 0.869126 0.276313
v -0.536038 0.836595 0.211698
v -0.529991 0.825535 0.263741
v -0.542936 0.844945 0.281193
v -0.551579 0.860752 0.206816
v -0.567704 0.884248 0.252165
v -0.526904 0.821733 0.235027
v -0.611359 0.811897 0.215188
v -0.591794 0.840374 0.274094
v -0.553997 0.822759 0.210853
v -0.547952 0.811702 0.262880
v -0.568566 0.823660 0.279648
v -0.577209 0.839467 0.205270
v -0.604224 0.852059 0.250456
v -0.541593 0.811092 0.234472
v -0.615088 0.782994 0.209482
v -0.605308 0.800831 0.267257
v -0.558614 0.806159 0.207846
v -0.552565 0.795096 0.259903
v -0.577635 0.795593 0.274736
v -0.586278 0.811400 0.200360
v -0.619645 0.807595 0.242798
v -0.544285 0.799395 0.232299
v -0.615139 0.769981 0.206723
v -0.609038 0.771929 0.261545
v -0.561864 0.784092 0.203536
v -0.555816 0.773030 0.255589
v -0.581127 0.770107 0.269725
v -0.589770 0.785913 0.195349
v -0.623473 0.777227 0.236789
v -0.547435 0.778798 0.228287
v -0.609089 0.758916 0.258784
v -0.561915 0.771047 0.200765
v -0.555866 0.759983 0.252826
v -0.581181 0.757079 0.266965
v -0.589824 0.772886 0.192585
v -0.623523 0.764220 0.234031
v -0.547482 0.765744 0.225519
v -0.585604 0.587691 0.192108
v 0.152299 0.029254 -0.085014
v 0.167802 0.029238 -0.083484
v 0.182729 0.029233 -0.078968
v 0.196499 0.029238 -0.071632
v 0.208574 0.029249 -0.061751
v 0.218490 0.029265 -0.049704
v 0.225864 0.029285 -0.035954
v 0.230415 0.029309 -0.021030
v 0.231966 0.029335 -0.005504
v 0.230459 0.029363 0.010025
v 0.225951 0.029392 0.024963
v 0.218616 0.029421 0.038733
v 0.208735 0.029448 0.050808
v 0.196688 0.029472 0.060724
v 0.182939 0.029493 0.068097
v 0.168016 0.029509 0.072647
v 0.152493 0.029518 0.074195
v 0.136975 0.029518 0.072676
v 0.122053 0.029507 0.068151
v 0.108300 0.029489 0.060797
v 0.096236 0.029470 0.050903
v 0.086326 0.029452 0.038851
v 0.078956 0.029432 0.025097
v 0.074414 0.029408 0.010165
v 0.072879 0.029380 -0.005377
v 0.074415 0.029351 -0.020934
v 0.078948 0.029330 -0.035893
v 0.086286 0.029319 -0.049662
v 0.096150 0.029310 -0.061718
v 0.108207 0.029302 -0.071638
v 0.121935 0.029293 -0.078990
v 0.136817 0.029276 -0.083501
v 0.152358 0.045640 -0.085085
v 0.167829 0.045610 -0.083527
v 0.182742 0.045598 -0.078999
v 0.196508 0.045600 -0.071661
v 0.208584 0.045611 -0.061780
v 0.218499 0.045627 -0.049733
v 0.225874 0.045647 -0.035983
v 0.230424 0.045671 -0.021059
v 0.231975 0.045698 -0.005533
v 0.230468 0.045726 0.009996
v 0.225960 0.045755 0.024934
v 0.218625 0.045783 0.038704
v 0.208744 0.045810 0.050779
v 0.196698 0.045834 0.060694
v 0.182950 0.045854 0.068067
v 0.168030 0.045869 0.072613
v 0.152514 0.045874 0.074154
v 0.137008 0.045864 0.072621
v 0.122098 0.045842 0.068083
v 0.108335 0.045828 0.060738
v 0.096254 0.045821 0.050863
v 0.086338 0.045807 0.038818
v 0.078968 0.045787 0.025063
v 0.074429 0.045762 0.010128
v 0.072896 0.045734 -0.005414
v 0.074422 0.045710 -0.020962
v 0.078944 0.045692 -0.035909
v 0.086288 0.045680 -0.049684
v 0.096210 0.045672 -0.061794
v 0.108285 0.045674 -0.071730
v 0.122032 0.045679 -0.079097
v 0.136913 0.045671 -0.083604
v 0.152464 0.064166 -0.085196
v 0.167885 0.064113 -0.083597
v 0.182762 0.064078 -0.079040
v 0.196519 0.064075 -0.071694
v 0.208595 0.064086 -0.061813
v 0.218511 0.064102 -0.049767
v 0.225885 0.064122 -0.036017
v 0.230434 0.064145 -0.021091
v 0.231986 0.064171 -0.005566
v 0.230479 0.064200 0.009964
v 0.225971 0.064229 0.024901
v 0.218635 0.064257 0.038672
v 0.208755 0.064284 0.050746
v 0.196710 0.064308 0.060659
v 0.182972 0.064325 0.068022
v 0.168061 0.064332 0.072558
v 0.152554 0.064328 0.074090
v 0.137064 0.064299 0.072537
v 0.122158 0.064266 0.067992
v 0.108386 0.064257 0.060658
v 0.096293 0.064262 0.050797
v 0.086371 0.064254 0.038758
v 0.078999 0.064237 0.025006
v 0.074461 0.064214 0.010071
v 0.072923 0.064191 -0.005467
v 0.074436 0.064176 -0.021000
v 0.078939 0.064166 -0.035928
v 0.086319 0.064148 -0.049738
v 0.096256 0.064144 -0.061861
v 0.108344 0.064157 -0.071807
v 0.122117 0.064178 -0.079194
v 0.137025 0.064191 -0.083723
v 0.152518 0.083205 -0.085262
v 0.167941 0.083152 -0.083665
v 0.182790 0.083094 -0.079087
v 0.196531 0.083078 -0.071729
v 0.208611 0.083093 -0.061851
v 0.218531 0.083112 -0.049808
v 0.225902 0.083129 -0.036055
v 0.230448 0.083149 -0.021127
v 0.231997 0.083173 -0.005600
v 0.230489 0.083201 0.009930
v 0.225982 0.083230 0.024867
v 0.218647 0.083259 0.038637
v 0.208768 0.083286 0.050710
v 0.196736 0.083307 0.060611
v 0.183012 0.083314 0.067958
v 0.168106 0.083312 0.072488
v 0.152592 0.083304 0.074024
v 0.137094 0.083272 0.072479
v 0.122183 0.083236 0.067939
v 0.108413 0.083223 0.060600
v 0.096327 0.083223 0.050732
v 0.086413 0.083210 0.038685
v 0.079034 0.083204 0.024942
v 0.074487 0.083190 0.010017
v 0.072942 0.083176 -0.005512
v 0.074446 0.083169 -0.021034
v 0.078941 0.083165 -0.035954
v 0.086324 0.083147 -0.049767
v 0.096266 0.083146 -0.061894
v 0.108361 0.083164 -0.071845
v 0.122133 0.083192 -0.079229
v 0.137054 0.083215 -0.083769
v 0.152481 0.102436 -0.085159
v 0.167914 0.102390 -0.083588
v 0.182763 0.102337 -0.079031
v 0.196492 0.102321 -0.071686
v 0.208571 0.102350 -0.061829
v 0.218490 0.102382 -0.049808
v 0.225856 0.102401 -0.036074
v 0.230390 0.102413 -0.021161
v 0.231930 0.102428 -0.005647
v 0.230419 0.102450 0.009868
v 0.225916 0.102476 0.024788
v 0.218594 0.102504 0.038538
v 0.208741 0.102528 0.050582
v 0.196734 0.102538 0.060458
v 0.183017 0.102537 0.067805
v 0.168111 0.102534 0.072345
v 0.152598 0.102535 0.073898
v 0.137097 0.102519 0.072378
v 0.122198 0.102484 0.067849
v 0.108450 0.102465 0.060513
v 0.096389 0.102454 0.050644
v 0.086492 0.102437 0.038605
v 0.079126 0.102427 0.024873
v 0.074581 0.102420 0.009971
v 0.073050 0.102396 -0.005553
v 0.074563 0.102388 -0.021067
v 0.079055 0.102391 -0.035970
v 0.086409 0.102383 -0.049745
v 0.096328 0.102385 -0.061847
v 0.108382 0.102404 -0.071760
v 0.122125 0.102428 -0.079126
v 0.137028 0.102448 -0.083659
v 0.152367 -0.005578 -0.005340
v 0.152272 0.016123 -0.084925
v 0.167778 0.016112 -0.083407
v 0.182702 0.016110 -0.078898
v 0.196465 0.016116 -0.071568
v 0.208532 0.016126 -0.061693
v 0.218442 0.016142 -0.049653
v 0.225812 0.016162 -0.035912
v 0.230359 0.016186 -0.020997
v 0.231910 0.016213 -0.005481
v 0.230404 0.016241 0.010039
v 0.225899 0.016270 0.024967
v 0.218568 0.016299 0.038729
v 0.208693 0.016325 0.050797
v 0.196653 0.016350 0.060706
v 0.182912 0.016370 0.068076
v 0.167998 0.016387 0.072623
v 0.152483 0.016397 0.074172
v 0.136971 0.016399 0.072657
v 0.122059 0.016389 0.068135
v 0.108319 0.016369 0.060780
v 0.096265 0.016350 0.050891
v 0.086362 0.016331 0.038845
v 0.078996 0.016311 0.025100
v 0.074456 0.016288 0.010178
v 0.072921 0.016261 -0.005353
v 0.074458 0.016232 -0.020902
v 0.078993 0.016209 -0.035857
v 0.086329 0.016197 -0.049621
v 0.096168 0.016188 -0.061651
v 0.108171 0.016174 -0.071523
v 0.121894 0.016159 -0.078875
v 0.136781 0.016141 -0.083397
v 0.152344 -0.004670 -0.024099
v 0.152290 0.004134 -0.060824
v 0.156000 -0.004672 -0.023740
v 0.163107 0.004129 -0.059768
v 0.159516 -0.004672 -0.022675
v 0.173516 0.004128 -0.056624
v 0.162759 -0.004671 -0.020944
v 0.183113 0.004132 -0.051512
v 0.165602 -0.004669 -0.018614
v 0.191528 0.004139 -0.044625
v 0.167937 -0.004665 -0.015775
v 0.198438 0.004150 -0.036230
v 0.169674 -0.004660 -0.012534
v 0.203578 0.004164 -0.026647
v 0.170746 -0.004655 -0.009017
v 0.206750 0.004181 -0.016246
v 0.171111 -0.004649 -0.005358
v 0.207831 0.004199 -0.005426
v 0.170756 -0.004642 -0.001699
v 0.206780 0.004219 0.005398
v 0.169694 -0.004635 0.001821
v 0.203639 0.004239 0.015808
v 0.167966 -0.004629 0.005065
v 0.198526 0.004259 0.025405
v 0.165638 -0.004622 0.007910
v 0.191640 0.004278 0.033821
v 0.162800 -0.004617 0.010246
v 0.183244 0.004295 0.040731
v 0.159561 -0.004612 0.011983
v 0.173662 0.004309 0.045871
v 0.156045 -0.004608 0.013054
v 0.163261 0.004321 0.049041
v 0.152389 -0.004606 0.013417
v 0.152444 0.004328 0.050120
v 0.148733 -0.004605 0.013059
v 0.141628 0.004329 0.049062
v 0.145218 -0.004605 0.011993
v 0.131233 0.004323 0.045905
v 0.141978 -0.004607 0.010260
v 0.121654 0.004312 0.040773
v 0.139138 -0.004610 0.007926
v 0.113253 0.004298 0.033872
v 0.136808 -0.004615 0.005082
v 0.106351 0.004284 0.025468
v 0.135075 -0.004620 0.001837
v 0.101216 0.004270 0.015881
v 0.134007 -0.004625 -0.001684
v 0.098050 0.004255 0.005475
v 0.133645 -0.004631 -0.005345
v 0.096979 0.004237 -0.005355
v 0.134001 -0.004637 -0.009005
v 0.098046 0.004219 -0.016193
v 0.135062 -0.004643 -0.012524
v 0.101210 0.004202 -0.026624
v 0.136788 -0.004649 -0.015766
v 0.106325 0.004191 -0.036222
v 0.139112 -0.004654 -0.018607
v 0.113192 0.004182 -0.044617
v 0.141945 -0.004659 -0.020938
v 0.121554 0.004171 -0.051494
v 0.145179 -0.004664 -0.022670
v 0.131103 0.004157 -0.056602
v 0.148691 -0.004667 -0.023738
v 0.141483 0.004144 -0.059754
v 0.000444 0.742458 -0.113929
v 0.000121 0.928709 -0.350766
v 0.022059 0.742456 -0.111818
v 0.068342 0.928702 -0.344102
v 0.042846 0.742405 -0.105538
v 0.133953 0.928552 -0.324257
v 0.062008 0.742306 -0.095333
v 0.194430 0.928267 -0.291994
v 0.078808 0.742174 -0.081579
v 0.247452 0.927857 -0.248553
v 0.092600 0.742005 -0.064822
v 0.290979 0.927337 -0.195604
v 0.102853 0.741814 -0.045691
v 0.323340 0.926728 -0.135181
v 0.109173 0.741608 -0.024910
v 0.343290 0.926052 -0.069606
v 0.111319 0.741388 -0.003313
v 0.350063 0.925337 -0.001399
v 0.109212 0.741172 0.018226
v 0.343399 0.924609 0.066818
v 0.102931 0.740991 0.038871
v 0.323554 0.923897 0.132425
v 0.092710 0.740825 0.057976
v 0.291290 0.923227 0.192899
v 0.078944 0.740665 0.074777
v 0.247847 0.922626 0.245917
v 0.062167 0.740537 0.088551
v 0.194895 0.922116 0.289441
v 0.043022 0.740431 0.098804
v 0.134469 0.921718 0.321799
v 0.022243 0.740342 0.105152
v 0.068891 0.921446 0.341748
v 0.000631 0.740282 0.107336
v 0.000680 0.921311 0.348520
v -0.020985 0.740248 0.105283
v -0.067541 0.921319 0.341856
v -0.041773 0.740264 0.099041
v -0.133151 0.921468 0.322011
v -0.060935 0.740334 0.088843
v -0.193629 0.921753 0.289748
v -0.077735 0.740434 0.075124
v -0.246650 0.922164 0.246307
v -0.091524 0.740594 0.058335
v -0.290178 0.922684 0.193358
v -0.101775 0.740782 0.039162
v -0.322538 0.923293 0.132935
v -0.108097 0.740974 0.018423
v -0.342488 0.923968 0.067360
v -0.110248 0.741184 -0.003086
v -0.349262 0.924683 -0.000847
v -0.108138 0.741413 -0.024680
v -0.342597 0.925411 -0.069064
v -0.101850 0.741639 -0.045465
v -0.322752 0.926124 -0.134670
v -0.091628 0.741851 -0.064625
v -0.290488 0.926793 -0.195145
v -0.077864 0.742042 -0.081422
v -0.247045 0.927394 -0.248163
v -0.061088 0.742203 -0.095212
v -0.194094 0.927904 -0.291687
v -0.041943 0.742329 -0.105464
v -0.133667 0.928302 -0.324045
v -0.021167 0.742415 -0.111784
v -0.068089 0.928574 -0.343994
v 0.073655 1.000824 -0.370497
v 0.000033 1.000832 -0.377689
v 0.144460 1.000663 -0.349080
v 0.209726 1.000355 -0.314263
v 0.266945 0.999912 -0.267383
v 0.313919 0.999351 -0.210242
v 0.348842 0.998694 -0.145035
v 0.370371 0.997965 -0.074268
v 0.377681 0.997193 -0.000661
v 0.370489 0.996408 0.072957
v 0.349072 0.995639 0.143758
v 0.314254 0.994916 0.209020
v 0.267372 0.994267 0.266236
v 0.210227 0.993718 0.313206
v 0.145017 0.993288 0.348126
v 0.074247 0.992994 0.369654
v 0.000636 0.992849 0.376963
v -0.072987 0.992857 0.369770
v -0.143791 0.993018 0.348354
v -0.209057 0.993326 0.313537
v -0.266277 0.993768 0.266657
v -0.313250 0.994329 0.209515
v -0.348173 0.994987 0.144308
v -0.369703 0.995716 0.073542
v -0.377012 0.996487 -0.000065
v -0.369821 0.997273 -0.073683
v -0.348404 0.998042 -0.144484
v -0.313586 0.998765 -0.209746
v -0.266703 0.999413 -0.266962
v -0.209559 0.999963 -0.313932
v -0.144349 1.000393 -0.348852
v -0.073578 1.000686 -0.370380
v 0.000385 0.778074 -0.194860
v 0.037879 0.778070 -0.191197
v 0.059797 0.865687 -0.301332
v 0.000215 0.865694 -0.307153
v 0.073938 0.777988 -0.180291
v 0.117099 0.865557 -0.284000
v 0.107176 0.777832 -0.162559
v 0.169919 0.865308 -0.255823
v 0.136316 0.777606 -0.138685
v 0.216226 0.864949 -0.217883
v 0.160239 0.777320 -0.109584
v 0.254242 0.864496 -0.171639
v 0.178024 0.776985 -0.076376
v 0.282505 0.863963 -0.118867
v 0.188988 0.776614 -0.040336
v 0.299929 0.863374 -0.061596
v 0.192711 0.776221 -0.002851
v 0.305844 0.862749 -0.002026
v 0.189048 0.775821 0.034641
v 0.300024 0.862113 0.057553
v 0.178141 0.775430 0.070698
v 0.282691 0.861491 0.114852
v 0.160409 0.775062 0.103934
v 0.254513 0.860906 0.167668
v 0.136533 0.774731 0.133072
v 0.216571 0.860381 0.213973
v 0.107432 0.774451 0.156993
v 0.170325 0.859936 0.251986
v 0.074222 0.774232 0.174777
v 0.117550 0.859588 0.280247
v 0.038180 0.774083 0.185740
v 0.060276 0.859351 0.297669
v 0.000692 0.774009 0.189462
v 0.000703 0.859233 0.303584
v -0.036801 0.774013 0.185799
v -0.058880 0.859240 0.297763
v -0.072860 0.774095 0.174893
v -0.116182 0.859370 0.280431
v -0.106098 0.774252 0.157162
v -0.169001 0.859619 0.252254
v -0.135239 0.774477 0.133287
v -0.215309 0.859977 0.214314
v -0.159161 0.774763 0.104186
v -0.253324 0.860431 0.168069
v -0.176946 0.775098 0.070978
v -0.281587 0.860964 0.115298
v -0.187910 0.775469 0.034939
v -0.299011 0.861553 0.058026
v -0.191633 0.775862 -0.002547
v -0.304927 0.862178 -0.001544
v -0.187970 0.776262 -0.040039
v -0.299106 0.862814 -0.061123
v -0.177064 0.776653 -0.076096
v -0.281774 0.863436 -0.118421
v -0.159332 0.777022 -0.109332
v -0.253596 0.864021 -0.171238
v -0.135456 0.777352 -0.138470
v -0.215654 0.864546 -0.217542
v -0.106354 0.777632 -0.162391
v -0.169407 0.864991 -0.255555
v -0.073144 0.777851 -0.180175
v -0.116633 0.865339 -0.283816
v -0.037103 0.778000 -0.191138
v -0.059358 0.865576 -0.301238
v 0.073575 1.068865 -0.369689
v -0.000030 1.068872 -0.376880
v 0.144363 1.068704 -0.348278
v 0.209614 1.068396 -0.313470
v 0.266819 1.067953 -0.266600
v 0.313782 1.067392 -0.209472
v 0.348696 1.066735 -0.144281
v 0.370221 1.066006 -0.073531
v 0.377529 1.065235 0.000059
v 0.370339 1.064449 0.073660
v 0.348927 1.063681 0.144444
v 0.314117 1.062958 0.209691
v 0.267246 1.062310 0.266893
v 0.210115 1.061760 0.313852
v 0.144920 1.061330 0.348764
v 0.074166 1.061037 0.370287
v 0.000573 1.060891 0.377593
v -0.073032 1.060899 0.370403
v -0.143820 1.061060 0.348992
v -0.209071 1.061368 0.314183
v -0.266277 1.061811 0.267314
v -0.313240 1.062372 0.210186
v -0.348154 1.063029 0.144994
v -0.369679 1.063757 0.074244
v -0.376986 1.064529 0.000655
v -0.369796 1.065315 -0.072946
v -0.348385 1.066083 -0.143730
v -0.313575 1.066806 -0.208977
v -0.266703 1.067454 -0.266179
v -0.209573 1.068004 -0.313139
v -0.144378 1.068434 -0.348050
v -0.073624 1.068727 -0.369573
v 0.000487 0.717030 -0.114469
v 0.022173 0.716588 -0.113028
v 0.042994 0.716396 -0.107005
v 0.062174 0.716290 -0.096908
v 0.078965 0.716326 -0.082997
v 0.092746 0.716332 -0.066062
v 0.103000 0.716246 -0.046925
v 0.109317 0.716160 -0.026123
v 0.111461 0.716063 -0.004556
v 0.109346 0.715979 0.017011
v 0.103053 0.715922 0.037702
v 0.092820 0.715858 0.056866
v 0.079034 0.715694 0.073899
v 0.062244 0.715621 0.087696
v 0.043086 0.715541 0.097985
v 0.022295 0.715486 0.104322
v 0.000672 0.715456 0.106474
v -0.020953 0.715453 0.104357
v -0.041751 0.715437 0.098116
v -0.060919 0.715481 0.087881
v -0.077716 0.715633 0.073924
v -0.091505 0.715731 0.057047
v -0.101761 0.715773 0.037967
v -0.108083 0.715842 0.017259
v -0.110241 0.715927 -0.004071
v -0.108137 0.716080 -0.025497
v -0.101857 0.716282 -0.046090
v -0.091625 0.716441 -0.065304
v -0.077862 0.716644 -0.081987
v -0.061073 0.716770 -0.095809
v -0.041927 0.716936 -0.105964
v -0.021144 0.717055 -0.112223
v 0.000612 0.680916 -0.125362
v 0.024082 0.680937 -0.123048
v 0.046672 0.680938 -0.116206
v 0.067505 0.680931 -0.105076
v 0.085742 0.680907 -0.090127
v 0.100709 0.680897 -0.071884
v 0.111843 0.680864 -0.051083
v 0.118694 0.680840 -0.028506
v 0.121016 0.680804 -0.005018
v 0.118710 0.680764 0.018477
v 0.111874 0.680721 0.041050
v 0.100759 0.680684 0.061860
v 0.085796 0.680647 0.080108
v 0.067571 0.680618 0.095074
v 0.046768 0.680611 0.106184
v 0.024181 0.680571 0.113069
v 0.000690 0.680493 0.115459
v -0.022792 0.680482 0.113158
v -0.045361 0.680475 0.106334
v -0.066161 0.680515 0.095200
v -0.084413 0.680584 0.080167
v -0.099387 0.680615 0.061920
v -0.110514 0.680643 0.041125
v -0.117378 0.680670 0.018549
v -0.119704 0.680702 -0.004885
v -0.117398 0.680754 -0.028350
v -0.110555 0.680793 -0.050967
v -0.099444 0.680848 -0.071750
v -0.084470 0.680879 -0.090027
v -0.066239 0.680878 -0.105042
v -0.045442 0.680892 -0.116180
v -0.022854 0.680908 -0.123041
v 0.000522 0.652443 -0.160179
v 0.032327 0.657614 -0.165073
v 0.063413 0.657614 -0.155771
v 0.093148 0.659700 -0.143235
v 0.110219 0.652109 -0.114557
v 0.138804 0.659329 -0.097122
v 0.146906 0.653999 -0.065319
v 0.164455 0.659815 -0.037375
v 0.163519 0.656790 -0.004702
v 0.164482 0.659710 0.027736
v 0.149670 0.655612 0.057020
v 0.139589 0.659611 0.087898
v 0.116210 0.656998 0.110721
v 0.093571 0.659558 0.134010
v 0.066207 0.661595 0.151953
v 0.032539 0.667854 0.156765
v 0.000990 0.661826 0.165381
v -0.031690 0.659368 0.158888
v -0.061308 0.656019 0.144900
v -0.091427 0.658587 0.132868
v -0.117194 0.659468 0.113237
v -0.127257 0.662263 0.080436
v -0.149893 0.660422 0.056761
v -0.161556 0.658655 0.027810
v -0.159314 0.654819 -0.004948
v -0.162889 0.659681 -0.037267
v -0.147838 0.656772 -0.066505
v -0.131880 0.662731 -0.094980
v -0.116826 0.660093 -0.122386
v -0.081336 0.663788 -0.128415
v -0.058286 0.658179 -0.151499
v -0.029900 0.656258 -0.163269
v 0.000666 0.645251 -0.123612
v 0.025112 0.649144 -0.127397
v 0.048969 0.649152 -0.120257
v 0.071780 0.650737 -0.110650
v 0.084900 0.645023 -0.088561
v 0.106869 0.650470 -0.075198
v 0.113075 0.646441 -0.050767
v 0.126568 0.650844 -0.029319
v 0.125833 0.648562 -0.004211
v 0.126584 0.650773 0.020679
v 0.115198 0.647663 0.043179
v 0.107463 0.650702 0.066890
v 0.089504 0.648708 0.084427
v 0.072110 0.650645 0.102334
v 0.051112 0.652261 0.116108
v 0.025250 0.656989 0.119794
v 0.001020 0.652394 0.126418
v -0.024057 0.650522 0.121416
v -0.046817 0.647942 0.110687
v -0.069960 0.649920 0.101420
v -0.089733 0.650602 0.086366
v -0.097450 0.652741 0.061164
v -0.114861 0.651333 0.042959
v -0.123807 0.649974 0.020752
v -0.122079 0.647059 -0.004404
v -0.124835 0.650750 -0.029238
v -0.113273 0.648555 -0.051669
v -0.101003 0.653092 -0.073563
v -0.089471 0.651090 -0.094601
v -0.062212 0.653911 -0.099201
v -0.044481 0.649624 -0.116965
v -0.022709 0.648142 -0.125992
v -0.000472 1.688644 0.140877
v 0.000302 1.341057 0.500296
v 0.025641 1.689044 0.138602
v 0.099613 1.341388 0.490696
v 0.050936 1.689633 0.131614
v 0.195258 1.341723 0.462688
v 0.074439 1.690525 0.119937
v 0.283628 1.341767 0.417518
v 0.095427 1.691657 0.104146
v 0.361347 1.342176 0.356224
v 0.113134 1.693113 0.084675
v 0.425347 1.343014 0.280892
v 0.126700 1.694572 0.062031
v 0.473027 1.343861 0.194927
v 0.135431 1.695920 0.037018
v 0.502402 1.344921 0.101402
v 0.138492 1.696757 0.010638
v 0.512281 1.346150 0.004012
v 0.135394 1.696738 -0.015728
v 0.502252 1.347515 -0.093301
v 0.126626 1.696168 -0.040725
v 0.472729 1.348995 -0.186684
v 0.113017 1.695425 -0.063243
v 0.424915 1.350469 -0.272550
v 0.095274 1.694590 -0.082625
v 0.360813 1.351879 -0.347503
v 0.074265 1.693948 -0.098453
v 0.282980 1.353259 -0.408581
v 0.050742 1.693421 -0.110115
v 0.194509 1.354382 -0.453689
v 0.025435 1.693053 -0.117061
v 0.098840 1.354748 -0.481595
v -0.000682 1.692728 -0.119283
v -0.000479 1.354972 -0.490797
v -0.026794 1.692986 -0.117010
v -0.099790 1.354861 -0.481144
v -0.052090 1.693290 -0.110016
v -0.195413 1.353840 -0.453460
v -0.075599 1.693762 -0.098265
v -0.283810 1.352793 -0.407938
v -0.096596 1.694353 -0.082352
v -0.361529 1.351283 -0.346658
v -0.114314 1.695157 -0.062720
v -0.425515 1.349731 -0.271514
v -0.127888 1.695864 -0.039980
v -0.473205 1.348129 -0.185404
v -0.136617 1.696393 -0.015008
v -0.502555 1.346422 -0.092246
v -0.139662 1.696391 0.011154
v -0.512427 1.344971 0.005040
v -0.136548 1.695565 0.037296
v -0.502417 1.343630 0.102602
v -0.127772 1.694247 0.062186
v -0.472920 1.342390 0.196328
v -0.114170 1.692825 0.084801
v -0.425099 1.341614 0.282085
v -0.096432 1.691413 0.104264
v -0.360989 1.341161 0.356938
v -0.075419 1.690333 0.120040
v -0.283163 1.340898 0.418137
v -0.051895 1.689500 0.131692
v -0.194711 1.340637 0.463524
v -0.026589 1.688974 0.138650
v -0.099023 1.340778 0.491152
v 0.131683 1.239278 0.643973
v 0.000627 1.239041 0.656684
v 0.257646 1.239738 0.606549
v 0.373650 1.240408 0.545877
v 0.475233 1.241272 0.464327
v 0.558509 1.242306 0.365065
v 0.620312 1.243481 0.251926
v 0.658306 1.244761 0.129253
v 0.671063 1.246104 0.001737
v 0.658102 1.247459 -0.125758
v 0.619913 1.248774 -0.248369
v 0.557928 1.249991 -0.361409
v 0.474494 1.251056 -0.460537
v 0.372780 1.251916 -0.541925
v 0.256679 1.252527 -0.602412
v 0.130657 1.252857 -0.639636
v -0.000420 1.252887 -0.652139
v -0.131476 1.252612 -0.639429
v -0.257439 1.252047 -0.602006
v -0.373443 1.251218 -0.541336
v -0.475026 1.250168 -0.459788
v -0.558302 1.248948 -0.360528
v -0.620105 1.247614 -0.247390
v -0.658098 1.246228 -0.124719
v -0.670855 1.244849 0.002797
v -0.657895 1.243531 0.130292
v -0.619705 1.242322 0.252905
v -0.557721 1.241263 0.365947
v -0.474286 1.240384 0.465076
v -0.372573 1.239711 0.546466
v -0.256472 1.239258 0.606955
v -0.130450 1.239033 0.644180
v -0.000205 1.583513 0.260326
v 0.050261 1.583779 0.255647
v 0.080286 1.436043 0.398546
v 0.000107 1.435829 0.406146
v 0.099009 1.584426 0.241800
v 0.157662 1.436282 0.376325
v 0.144306 1.585374 0.219150
v 0.229450 1.436617 0.340016
v 0.184365 1.586478 0.188203
v 0.292879 1.436987 0.290856
v 0.217546 1.587647 0.150095
v 0.345358 1.437469 0.230487
v 0.242667 1.588996 0.106338
v 0.384650 1.438175 0.160938
v 0.258131 1.590067 0.058376
v 0.408928 1.439044 0.085231
v 0.263342 1.590927 0.008353
v 0.417123 1.440135 0.005841
v 0.258037 1.591547 -0.041550
v 0.408843 1.441238 -0.073826
v 0.242489 1.591915 -0.089344
v 0.384427 1.442421 -0.149771
v 0.217308 1.591841 -0.133185
v 0.344996 1.443811 -0.218869
v 0.184081 1.591765 -0.171370
v 0.292412 1.444966 -0.279269
v 0.143985 1.591550 -0.202331
v 0.228904 1.445967 -0.328321
v 0.098655 1.591244 -0.224987
v 0.157076 1.446621 -0.364535
v 0.049889 1.590993 -0.238795
v 0.079684 1.446883 -0.386781
v -0.000580 1.590846 -0.243446
v -0.000506 1.447068 -0.394017
v -0.051041 1.590827 -0.238839
v -0.080673 1.446766 -0.386569
v -0.099785 1.590929 -0.225056
v -0.158043 1.446143 -0.364444
v -0.145080 1.591098 -0.202448
v -0.229822 1.445249 -0.328242
v -0.185137 1.591205 -0.171524
v -0.293254 1.444152 -0.279043
v -0.218317 1.591193 -0.133435
v -0.345742 1.442904 -0.218553
v -0.243441 1.591229 -0.089644
v -0.385053 1.441661 -0.148712
v -0.258915 1.590892 -0.041533
v -0.409334 1.440326 -0.072985
v -0.264139 1.590285 0.008680
v -0.417536 1.439132 0.006510
v -0.258851 1.589431 0.058826
v -0.409234 1.438049 0.085850
v -0.243315 1.588384 0.106814
v -0.384805 1.437239 0.161602
v -0.218127 1.587085 0.150543
v -0.345392 1.436671 0.230991
v -0.184887 1.586006 0.188549
v -0.292816 1.436185 0.291502
v -0.144782 1.585013 0.219386
v -0.229315 1.435888 0.340642
v -0.099448 1.584175 0.241968
v -0.157472 1.435850 0.376647
v -0.050683 1.583625 0.255797
v -0.080071 1.435794 0.398742
v 0.160567 1.151288 0.783537
v 0.000821 1.151024 0.798932
v 0.314213 1.151786 0.738175
v 0.455897 1.152531 0.664538
v 0.580179 1.153524 0.565392
v 0.682249 1.154750 0.444491
v 0.758128 1.156170 0.306453
v 0.804836 1.157732 0.156589
v 0.820530 1.159373 0.000700
v 0.804587 1.161030 -0.155163
v 0.757639 1.162638 -0.304951
v 0.681540 1.164137 -0.442867
v 0.579276 1.165467 -0.563604
v 0.454836 1.166569 -0.662550
v 0.313035 1.167381 -0.735959
v 0.159316 1.167840 -0.781076
v -0.000454 1.167898 -0.796218
v -0.160200 1.167541 -0.780824
v -0.313846 1.166795 -0.735464
v -0.455530 1.165718 -0.661831
v -0.579811 1.164383 -0.562689
v -0.681881 1.162862 -0.441791
v -0.757760 1.161222 -0.303755
v -0.804468 1.159525 -0.153893
v -0.820161 1.157839 0.001996
v -0.804218 1.156227 0.157859
v -0.757271 1.154753 0.307649
v -0.681172 1.153475 0.445568
v -0.578908 1.152440 0.566307
v -0.454469 1.151680 0.665257
v -0.312668 1.151200 0.738670
v -0.158949 1.150990 0.783789
v 0.135943 1.105453 0.678976
v 0.000780 1.105155 0.692149
v 0.266223 1.106076 0.640104
v 0.386824 1.106987 0.576834
v 0.493132 1.108137 0.491343
v 0.580897 1.109462 0.386699
v 0.646440 1.110903 0.266798
v 0.686930 1.112391 0.136279
v 0.700558 1.113867 0.000315
v 0.686711 1.115269 -0.135628
v 0.646017 1.116539 -0.266086
v 0.580277 1.117636 -0.385883
v 0.492348 1.118522 -0.490393
v 0.385902 1.119180 -0.575719
v 0.265200 1.119605 -0.638801
v 0.134859 1.119802 -0.677469
v -0.000325 1.119781 -0.690428
v -0.135489 1.119549 -0.677256
v -0.265768 1.119108 -0.638381
v -0.386370 1.118458 -0.575109
v -0.492679 1.117601 -0.489615
v -0.580442 1.116550 -0.384966
v -0.645990 1.115331 -0.265066
v -0.686475 1.113985 -0.134544
v -0.700105 1.112558 0.001421
v -0.686260 1.111107 0.137363
v -0.645561 1.109695 0.267818
v -0.579826 1.108377 0.387615
v -0.491894 1.107216 0.492120
v -0.385449 1.106266 0.577444
v -0.264746 1.105579 0.640523
v -0.134405 1.105200 0.679189
v 0.076828 1.010857 0.454787
v 0.116834 1.030488 0.592522
v 0.000687 1.010344 0.462368
v 0.000780 1.030216 0.603767
v 0.151958 1.011428 0.431899
v 0.229044 1.031087 0.559258
v 0.224375 1.011996 0.393359
v 0.333486 1.031970 0.504820
v 0.291405 1.013455 0.339192
v 0.426136 1.033065 0.430753
v 0.348997 1.013936 0.269733
v 0.503132 1.034335 0.339516
v 0.393579 1.015949 0.187549
v 0.560910 1.035671 0.234382
v 0.421853 1.016402 0.096009
v 0.596768 1.037050 0.119506
v 0.431510 1.017700 -0.000488
v 0.608845 1.038367 -0.000411
v 0.421726 1.019105 -0.096972
v 0.596553 1.039575 -0.120304
v 0.393246 1.019081 -0.188451
v 0.560561 1.040653 -0.235140
v 0.348585 1.020228 -0.270605
v 0.502575 1.041517 -0.340169
v 0.290855 1.020408 -0.339949
v 0.425451 1.042186 -0.431299
v 0.223746 1.020371 -0.394036
v 0.332678 1.042655 -0.505222
v 0.151268 1.020622 -0.432464
v 0.228149 1.042921 -0.559500
v 0.076099 1.020332 -0.455230
v 0.115888 1.043027 -0.592593
v -0.000053 1.020341 -0.462716
v -0.000185 1.042984 -0.603646
v -0.076192 1.020189 -0.455110
v -0.116240 1.042810 -0.592410
v -0.151326 1.020350 -0.432226
v -0.228449 1.042494 -0.559139
v -0.223742 1.019935 -0.393682
v -0.332892 1.042032 -0.504697
v -0.290766 1.019878 -0.339491
v -0.425546 1.041391 -0.430627
v -0.348386 1.019572 -0.270054
v -0.502526 1.040577 -0.339376
v -0.392915 1.018347 -0.187831
v -0.560343 1.039605 -0.234255
v -0.421250 1.018316 -0.096306
v -0.596152 1.038460 -0.119362
v -0.430880 1.016891 0.000192
v -0.608252 1.037229 0.000550
v -0.421068 1.015626 0.096675
v -0.595983 1.035935 0.120448
v -0.392648 1.015197 0.188170
v -0.559943 1.034624 0.235267
v -0.347934 1.013299 0.270283
v -0.501995 1.033396 0.340310
v -0.290230 1.012897 0.339651
v -0.424854 1.032269 0.431424
v -0.223113 1.011598 0.393713
v -0.332084 1.031347 0.505345
v -0.150634 1.011122 0.432136
v -0.227556 1.030660 0.559620
v -0.075468 1.010733 0.454909
v -0.115292 1.030271 0.592704
v -0.000619 1.732924 0.011284
v 0.054172 1.042784 0.320571
v 0.000549 1.042471 0.325766
v 0.107220 1.043049 0.304842
v 0.158574 1.043252 0.278166
v 0.206213 1.044134 0.240233
v 0.247462 1.044252 0.191481
v 0.279496 1.045513 0.133425
v 0.299848 1.045733 0.068495
v 0.306796 1.046626 -0.000083
v 0.299740 1.047661 -0.068644
v 0.279281 1.047728 -0.133544
v 0.247156 1.048719 -0.191555
v 0.205830 1.049050 -0.240234
v 0.158128 1.049169 -0.278101
v 0.106733 1.049533 -0.304693
v 0.053659 1.049456 -0.320340
v 0.000028 1.049510 -0.325455
v -0.053594 1.049355 -0.320255
v -0.106643 1.049341 -0.304525
v -0.157996 1.048860 -0.277852
v -0.205637 1.048676 -0.239909
v -0.246886 1.048253 -0.191165
v -0.278918 1.047207 -0.133103
v -0.299273 1.047100 -0.068171
v -0.306219 1.046050 0.000401
v -0.299161 1.045182 0.068968
v -0.278708 1.044951 0.133884
v -0.246578 1.043801 0.191871
v -0.205253 1.043739 0.240557
v -0.157552 1.042971 0.278416
v -0.106156 1.042833 0.305010
v -0.053083 1.042697 0.320656
v 0.000144 1.143908 0.001964
v 0.000663 0.642241 -0.141906
v 0.000667 0.665261 -0.109746
v 0.027379 0.642248 -0.139285
v 0.021113 0.665268 -0.107737
v 0.053070 0.642246 -0.131502
v 0.040771 0.665275 -0.101771
v 0.076749 0.642238 -0.118857
v 0.058539 0.665792 -0.091506
v 0.097506 0.642223 -0.101834
v 0.074228 0.666074 -0.078133
v 0.114544 0.642200 -0.081090
v 0.087689 0.665437 -0.062935
v 0.127207 0.642172 -0.057421
v 0.097484 0.665264 -0.044986
v 0.135009 0.642139 -0.031736
v 0.103498 0.665179 -0.025404
v 0.137650 0.642103 -0.005022
v 0.105530 0.665138 -0.004959
v 0.135029 0.642065 0.021694
v 0.103526 0.665103 0.015492
v 0.127246 0.642025 0.047385
v 0.097585 0.665058 0.035153
v 0.114601 0.641988 0.071064
v 0.087947 0.664995 0.053278
v 0.097580 0.641950 0.091822
v 0.074882 0.664989 0.069178
v 0.076834 0.641918 0.108861
v 0.059032 0.664954 0.082215
v 0.053240 0.641853 0.121519
v 0.041181 0.664764 0.091979
v 0.027492 0.641871 0.129323
v 0.022007 0.664030 0.098565
v 0.000771 0.641858 0.131966
v 0.001497 0.663894 0.100823
v -0.025949 0.641854 0.129344
v -0.018238 0.662425 0.100400
v -0.051641 0.641856 0.121561
v -0.038826 0.664038 0.092978
v -0.075292 0.641895 0.108908
v -0.057251 0.664737 0.082600
v -0.096064 0.641898 0.091889
v -0.073192 0.664793 0.069572
v -0.113113 0.641905 0.071148
v -0.086289 0.664857 0.053680
v -0.125778 0.641932 0.047479
v -0.096063 0.665007 0.035315
v -0.133580 0.641964 0.021793
v -0.102067 0.665046 0.015601
v -0.136221 0.642000 -0.004920
v -0.104075 0.665095 -0.004843
v -0.133600 0.642038 -0.031636
v -0.102102 0.665107 -0.025223
v -0.125817 0.642077 -0.057327
v -0.096155 0.665153 -0.044867
v -0.113172 0.642114 -0.081006
v -0.086464 0.665172 -0.063109
v -0.096150 0.642150 -0.101762
v -0.073432 0.665192 -0.079019
v -0.075405 0.642181 -0.118800
v -0.057555 0.665215 -0.092061
v -0.051736 0.642207 -0.131463
v -0.039439 0.665234 -0.101754
v -0.026050 0.642228 -0.139265
v -0.019780 0.665251 -0.107725
v 0.000656 0.609375 -0.194508
v 0.037625 0.609384 -0.190881
v 0.073177 0.609382 -0.180111
v 0.105944 0.609370 -0.162612
v 0.134667 0.609348 -0.139057
v 0.158244 0.609317 -0.110351
v 0.175766 0.609279 -0.077597
v 0.186563 0.609233 -0.042054
v 0.190218 0.609183 -0.005087
v 0.186593 0.609123 0.031883
v 0.175821 0.609077 0.067433
v 0.158322 0.609025 0.100200
v 0.134767 0.608977 0.128924
v 0.106065 0.608927 0.152499
v 0.073307 0.608896 0.170023
v 0.038023 0.608445 0.180850
v 0.001005 0.608507 0.184536
v -0.036056 0.608657 0.180903
v -0.071611 0.608653 0.170159
v -0.104489 0.608854 0.152580
v -0.133213 0.608876 0.129024
v -0.156787 0.608918 0.100316
v -0.174310 0.608958 0.067561
v -0.185109 0.608994 0.032020
v -0.188764 0.609043 -0.004947
v -0.185136 0.609097 -0.041916
v -0.174367 0.609147 -0.077467
v -0.156869 0.609199 -0.110234
v -0.133316 0.609251 -0.138953
v -0.104609 0.609293 -0.162532
v -0.071854 0.609328 -0.180057
v -0.036310 0.609356 -0.190853
v 0.000651 0.559506 -0.253739
v 0.049162 0.559518 -0.248979
v 0.095724 0.559651 -0.234857
v 0.138798 0.559507 -0.211887
v 0.176492 0.559474 -0.180977
v 0.207430 0.559434 -0.143308
v 0.230431 0.559380 -0.100327
v 0.244603 0.559317 -0.053686
v 0.249399 0.559252 -0.005178
v 0.244639 0.559183 0.043333
v 0.230506 0.559113 0.089984
v 0.207554 0.559031 0.132965
v 0.176698 0.558885 0.170599
v 0.138970 0.558919 0.201607
v 0.095991 0.558867 0.224601
v 0.049359 0.558816 0.238766
v 0.000838 0.558814 0.243567
v -0.047585 0.558657 0.238812
v -0.094294 0.558755 0.224683
v -0.137316 0.558818 0.201715
v -0.175014 0.558875 0.170800
v -0.205951 0.558928 0.133130
v -0.228945 0.558941 0.090155
v -0.243112 0.559000 0.043514
v -0.247908 0.559065 -0.004994
v -0.243148 0.559134 -0.053505
v -0.229010 0.559208 -0.100157
v -0.206040 0.559280 -0.143154
v -0.175132 0.559347 -0.180843
v -0.137463 0.559398 -0.211783
v -0.094494 0.559442 -0.234776
v -0.047855 0.559478 -0.248943
v 0.000659 0.521902 -0.269874
v 0.052308 0.521917 -0.264806
v 0.101306 0.523021 -0.250006
v 0.147751 0.521898 -0.225313
v 0.187845 0.521928 -0.192438
v 0.220816 0.521828 -0.152301
v 0.245298 0.521773 -0.106540
v 0.260384 0.521708 -0.056884
v 0.265495 0.521634 -0.005236
v 0.260428 0.521561 0.046413
v 0.245381 0.521487 0.096081
v 0.220940 0.521406 0.141846
v 0.188032 0.521334 0.181973
v 0.148013 0.521138 0.214816
v 0.102167 0.521215 0.239395
v 0.052499 0.521190 0.254489
v 0.000853 0.521167 0.259597
v -0.050784 0.521142 0.254528
v -0.100438 0.521125 0.239483
v -0.146237 0.521176 0.215036
v -0.186431 0.521526 0.182097
v -0.219306 0.521249 0.142023
v -0.243787 0.521303 0.096262
v -0.258870 0.521366 0.046606
v -0.263976 0.521436 -0.005040
v -0.258909 0.521510 -0.056689
v -0.243862 0.521584 -0.106357
v -0.219415 0.521657 -0.152136
v -0.186507 0.521725 -0.192265
v -0.146402 0.521785 -0.225203
v -0.100641 0.521836 -0.249684
v -0.050984 0.521876 -0.264768
v 0.000661 0.490449 -0.274197
v 0.053142 0.490468 -0.269050
v 0.103627 0.490444 -0.253756
v 0.150141 0.490431 -0.228916
v 0.190912 0.490412 -0.195484
v 0.224384 0.490365 -0.154734
v 0.249267 0.490299 -0.108224
v 0.264591 0.490237 -0.057762
v 0.269783 0.490164 -0.005283
v 0.264635 0.490087 0.047202
v 0.249346 0.490011 0.097673
v 0.224502 0.489939 0.144191
v 0.191186 0.489688 0.184743
v 0.150421 0.489638 0.218286
v 0.103809 0.489755 0.243314
v 0.053470 0.489525 0.258547
v 0.000873 0.489680 0.263829
v -0.051596 0.489644 0.258675
v -0.102075 0.489665 0.243391
v -0.148599 0.489691 0.218550
v -0.189445 0.489918 0.185093
v -0.222850 0.489770 0.144357
v -0.247727 0.489825 0.097857
v -0.263054 0.489889 0.047399
v -0.268243 0.489960 -0.005082
v -0.263093 0.490035 -0.057566
v -0.247803 0.490110 -0.108037
v -0.222961 0.490184 -0.154555
v -0.189521 0.490253 -0.195333
v -0.148768 0.490315 -0.228803
v -0.102268 0.490367 -0.253680
v -0.051809 0.490407 -0.269007
v 0.000678 0.457302 -0.275749
v 0.053443 0.457336 -0.270578
v 0.104214 0.457303 -0.255193
v 0.150992 0.457286 -0.230212
v 0.191998 0.457255 -0.196585
v 0.225656 0.457211 -0.155604
v 0.250672 0.457155 -0.108844
v 0.266083 0.457093 -0.058102
v 0.271298 0.457024 -0.005329
v 0.266125 0.456944 0.047449
v 0.250749 0.456868 0.098203
v 0.225768 0.456794 0.144981
v 0.192409 0.456340 0.185423
v 0.151160 0.456662 0.219644
v 0.104460 0.456519 0.244585
v 0.053675 0.456543 0.260056
v 0.000887 0.456537 0.265288
v -0.051894 0.456530 0.260113
v -0.102587 0.456439 0.244713
v -0.149425 0.456554 0.219753
v -0.190439 0.456608 0.186120
v -0.224089 0.456626 0.145148
v -0.249105 0.456681 0.098388
v -0.264518 0.456745 0.047646
v -0.269736 0.456816 -0.005126
v -0.264556 0.456893 -0.057905
v -0.249180 0.456969 -0.108658
v -0.224200 0.457043 -0.155437
v -0.190573 0.457112 -0.196443
v -0.149593 0.457173 -0.230100
v -0.102832 0.457226 -0.255116
v -0.052091 0.457266 -0.270529
v 0.000692 0.417871 -0.291471
v 0.056485 0.417956 -0.286022
v 0.110217 0.417886 -0.269728
v 0.159658 0.417951 -0.243361
v 0.203088 0.417832 -0.207723
v 0.238695 0.417786 -0.164368
v 0.265161 0.417726 -0.114900
v 0.281464 0.417661 -0.061219
v 0.286984 0.417586 -0.005389
v 0.281507 0.417504 0.050446
v 0.265242 0.417423 0.104139
v 0.238814 0.417344 0.153627
v 0.203651 0.416691 0.196023
v 0.159889 0.417199 0.232607
v 0.110419 0.417146 0.259076
v 0.056737 0.417105 0.275384
v 0.000947 0.417014 0.280865
v -0.054930 0.417066 0.275427
v -0.108622 0.417068 0.259161
v -0.158111 0.417086 0.232733
v -0.201492 0.417119 0.197158
v -0.237098 0.417167 0.153803
v -0.263562 0.417228 0.104335
v -0.279867 0.417297 0.050654
v -0.285389 0.417369 -0.005176
v -0.279910 0.417449 -0.061011
v -0.263643 0.417531 -0.114704
v -0.237211 0.417613 -0.164192
v -0.201638 0.417684 -0.207573
v -0.158283 0.417748 -0.243180
v -0.108820 0.417801 -0.269645
v -0.055140 0.417845 -0.285951
v 0.000695 0.374705 -0.299779
v 0.058139 0.374720 -0.294144
v 0.113385 0.374720 -0.277410
v 0.163907 0.375394 -0.250823
v 0.208929 0.374670 -0.213619
v 0.245556 0.374631 -0.169016
v 0.272791 0.374563 -0.118121
v 0.289567 0.374493 -0.062892
v 0.295251 0.374408 -0.005452
v 0.289615 0.374326 0.051992
v 0.272881 0.374242 0.107233
v 0.245691 0.374161 0.158147
v 0.209348 0.373732 0.202079
v 0.164489 0.374015 0.239410
v 0.113593 0.373961 0.266640
v 0.058368 0.373912 0.283410
v 0.000937 0.373869 0.289079
v -0.055947 0.372996 0.282894
v -0.111761 0.373877 0.266724
v -0.162677 0.373894 0.239534
v -0.207306 0.373930 0.202933
v -0.243939 0.373984 0.158325
v -0.271167 0.374040 0.107435
v -0.287941 0.374114 0.052206
v -0.293621 0.374189 -0.005233
v -0.287986 0.374268 -0.062677
v -0.271249 0.374354 -0.117918
v -0.244058 0.374436 -0.168832
v -0.207457 0.374511 -0.213464
v -0.162856 0.374575 -0.250097
v -0.111965 0.374630 -0.277324
v -0.056743 0.374675 -0.294101
v 0.000691 0.330587 -0.299834
v 0.058124 0.330621 -0.294207
v 0.113393 0.330607 -0.277464
v 0.164300 0.330598 -0.250279
v 0.208890 0.330620 -0.213685
v 0.245515 0.330601 -0.169086
v 0.272758 0.330528 -0.118191
v 0.289545 0.330446 -0.062962
v 0.295244 0.330329 -0.005518
v 0.289619 0.330223 0.051928
v 0.272890 0.330127 0.107169
v 0.245702 0.330045 0.158082
v 0.209102 0.329970 0.202713
v 0.164500 0.329900 0.239345
v 0.113609 0.329841 0.266565
v 0.058378 0.329802 0.283348
v 0.000939 0.329772 0.289027
v -0.056489 0.329737 0.283374
v -0.111743 0.329759 0.266657
v -0.162659 0.329772 0.239468
v -0.207285 0.329814 0.202867
v -0.243918 0.329862 0.158264
v -0.271144 0.329933 0.107364
v -0.287919 0.329995 0.052144
v -0.293598 0.330073 -0.005295
v -0.287961 0.330156 -0.062737
v -0.271222 0.330246 -0.117977
v -0.244028 0.330334 -0.168892
v -0.207433 0.330400 -0.213521
v -0.162845 0.330449 -0.250151
v -0.111949 0.330511 -0.277379
v -0.056734 0.330572 -0.294162
v 0.000636 0.272519 -0.326565
v 0.063139 0.272837 -0.320627
v 0.123392 0.272863 -0.302406
v 0.179029 0.272681 -0.272541
v 0.227678 0.272747 -0.232643
v 0.267608 0.272815 -0.184020
v 0.297305 0.272811 -0.128529
v 0.315606 0.272788 -0.068311
v 0.321859 0.272510 -0.005647
v 0.315629 0.272864 0.056933
v 0.297467 0.272382 0.117227
v 0.267883 0.271946 0.172796
v 0.227936 0.272050 0.221440
v 0.179276 0.272060 0.261377
v 0.123783 0.271909 0.291080
v 0.063565 0.271760 0.309388
v 0.000942 0.271634 0.315593
v -0.061675 0.271604 0.309450
v -0.121908 0.271618 0.291199
v -0.177416 0.271705 0.261540
v -0.226095 0.271700 0.221634
v -0.266045 0.271741 0.172995
v -0.295711 0.271940 0.117478
v -0.313935 0.272344 0.057209
v -0.320097 0.272519 -0.005440
v -0.314041 0.272193 -0.068026
v -0.295756 0.272380 -0.128278
v -0.266104 0.272431 -0.183794
v -0.226132 0.272604 -0.232476
v -0.177645 0.272351 -0.272381
v -0.122130 0.272440 -0.302076
v -0.061919 0.272483 -0.320370
v 0.000653 0.239077 -0.361799
v 0.069962 0.239507 -0.355269
v 0.136998 0.239223 -0.334748
v 0.198589 0.239310 -0.301863
v 0.252564 0.239455 -0.257603
v 0.296895 0.239508 -0.203647
v 0.329825 0.239673 -0.142097
v 0.350143 0.239651 -0.075280
v 0.357054 0.239490 -0.005814
v 0.350240 0.239463 0.063729
v 0.330014 0.239316 0.130577
v 0.297134 0.239141 0.192193
v 0.252868 0.238827 0.246228
v 0.198909 0.238641 0.290569
v 0.137335 0.238437 0.323533
v 0.070513 0.238249 0.343850
v 0.001009 0.238098 0.350737
v -0.068509 0.238077 0.343918
v -0.135355 0.238202 0.323652
v -0.196958 0.238365 0.290733
v -0.250952 0.238576 0.246424
v -0.295272 0.238551 0.192464
v -0.328172 0.239215 0.130802
v -0.348444 0.239361 0.063969
v -0.355288 0.239476 -0.005536
v -0.348451 0.239486 -0.075031
v -0.328208 0.239367 -0.141842
v -0.295330 0.239215 -0.203414
v -0.251004 0.239371 -0.257431
v -0.197087 0.239147 -0.301712
v -0.135714 0.239230 -0.334750
v -0.068822 0.239005 -0.354924
v 0.000693 0.218858 -0.318692
v 0.061781 0.218934 -0.312704
v 0.120520 0.219017 -0.294918
v 0.174665 0.219087 -0.266014
v 0.222119 0.219198 -0.227110
v 0.261061 0.219383 -0.179707
v 0.290036 0.219390 -0.125591
v 0.307896 0.219359 -0.066862
v 0.313956 0.219293 -0.005777
v 0.307982 0.219193 0.055315
v 0.290205 0.219064 0.114068
v 0.261306 0.218911 0.168225
v 0.222395 0.218689 0.215710
v 0.174969 0.218496 0.254686
v 0.120849 0.218302 0.283661
v 0.062115 0.218134 0.301518
v 0.001022 0.217995 0.307572
v -0.060091 0.217949 0.301582
v -0.118865 0.218070 0.283768
v -0.173020 0.218251 0.254830
v -0.220478 0.218369 0.215895
v -0.259429 0.218596 0.168435
v -0.288368 0.218976 0.114266
v -0.306186 0.219104 0.055525
v -0.312201 0.219206 -0.005564
v -0.306188 0.219225 -0.066645
v -0.288385 0.219137 -0.125369
v -0.259476 0.219015 -0.179488
v -0.220514 0.219148 -0.226959
v -0.173127 0.218921 -0.265879
v -0.119061 0.218914 -0.294860
v -0.060355 0.218826 -0.312659
v 0.000705 0.191779 -0.343022
v 0.066533 0.191890 -0.336575
v 0.129834 0.192011 -0.317414
v 0.188186 0.192110 -0.286271
v 0.239335 0.192246 -0.244350
v 0.281328 0.192348 -0.193255
v 0.312551 0.192357 -0.134941
v 0.331796 0.192325 -0.071655
v 0.338326 0.192253 -0.005831
v 0.331889 0.192146 0.060002
v 0.312732 0.192007 0.123314
v 0.281588 0.191815 0.181676
v 0.239658 0.191617 0.232839
v 0.188549 0.191404 0.274840
v 0.130223 0.191188 0.306063
v 0.066934 0.191014 0.325305
v 0.001088 0.190855 0.331830
v -0.064821 0.190832 0.325371
v -0.128191 0.190993 0.306171
v -0.186547 0.191141 0.274994
v -0.237712 0.191407 0.233018
v -0.279698 0.191722 0.181866
v -0.310882 0.191912 0.123525
v -0.330082 0.192049 0.060226
v -0.336564 0.192159 -0.005603
v -0.330079 0.192236 -0.071431
v -0.310876 0.192275 -0.134729
v -0.279698 0.192216 -0.193056
v -0.237746 0.192088 -0.244175
v -0.186629 0.191981 -0.286132
v -0.128311 0.191969 -0.317341
v -0.065096 0.191700 -0.336507
v 0.000749 0.160099 -0.364071
v 0.070674 0.160239 -0.357227
v 0.137925 0.160387 -0.336875
v 0.199914 0.160506 -0.303795
v 0.254259 0.160595 -0.259257
v 0.298874 0.160704 -0.204981
v 0.332040 0.160712 -0.143036
v 0.352484 0.160678 -0.075811
v 0.359420 0.160602 -0.005889
v 0.352582 0.160487 0.064042
v 0.332232 0.160340 0.131296
v 0.299089 0.159873 0.193326
v 0.254604 0.159927 0.247639
v 0.200312 0.159705 0.292254
v 0.138327 0.159439 0.325426
v 0.071114 0.159283 0.345862
v 0.001152 0.159117 0.352793
v -0.068942 0.159125 0.345926
v -0.136259 0.159271 0.325534
v -0.198257 0.159435 0.292415
v -0.252648 0.159795 0.247815
v -0.297238 0.160028 0.193493
v -0.330077 0.159811 0.130898
v -0.350764 0.160386 0.064278
v -0.357649 0.160502 -0.005648
v -0.350760 0.160584 -0.075575
v -0.330362 0.160629 -0.142814
v -0.297235 0.160572 -0.204773
v -0.252657 0.160382 -0.259066
v -0.198346 0.160384 -0.303651
v -0.136381 0.160316 -0.336777
v -0.069157 0.160110 -0.357164
v 0.000784 0.140487 -0.330455
v 0.064175 0.140614 -0.324252
v 0.125118 0.140752 -0.305812
v 0.181291 0.140860 -0.275836
v 0.230535 0.140936 -0.235479
v 0.270967 0.141029 -0.186296
v 0.301019 0.141034 -0.130165
v 0.319533 0.140970 -0.069248
v 0.325824 0.140920 -0.005890
v 0.319632 0.140831 0.057476
v 0.301195 0.140702 0.118416
v 0.271207 0.140496 0.174595
v 0.230853 0.140336 0.223838
v 0.181653 0.140134 0.264266
v 0.125494 0.139925 0.294324
v 0.064583 0.139761 0.312844
v 0.001176 0.139593 0.319122
v -0.062418 0.139616 0.312897
v -0.123463 0.139799 0.294411
v -0.179671 0.140023 0.264390
v -0.228910 0.140230 0.223994
v -0.269307 0.140410 0.174775
v -0.299334 0.140610 0.118616
v -0.317815 0.140743 0.057688
v -0.324054 0.140847 -0.005675
v -0.317811 0.140920 -0.069038
v -0.299328 0.140963 -0.129966
v -0.269304 0.140892 -0.186106
v -0.228897 0.140731 -0.235305
v -0.179691 0.140775 -0.275710
v -0.123540 0.140698 -0.305726
v -0.062600 0.140549 -0.324204
v 0.000790 0.111356 -0.265149
v 0.051525 0.111448 -0.260205
v 0.100234 0.111582 -0.245479
v 0.145111 0.111679 -0.221537
v 0.184455 0.111748 -0.189298
v 0.216752 0.111793 -0.150003
v 0.240755 0.111792 -0.105158
v 0.255524 0.111725 -0.056476
v 0.260499 0.111626 -0.005828
v 0.255558 0.111594 0.044798
v 0.240888 0.111546 0.093437
v 0.216955 0.111424 0.138301
v 0.184710 0.111257 0.177638
v 0.145399 0.111112 0.209942
v 0.100538 0.110984 0.233961
v 0.051866 0.110870 0.248765
v 0.001174 0.110658 0.253757
v -0.049831 0.110727 0.248775
v -0.098471 0.110789 0.234021
v -0.143432 0.110993 0.210034
v -0.182746 0.111108 0.177770
v -0.215031 0.111283 0.138465
v -0.239047 0.111482 0.093598
v -0.253806 0.111581 0.044935
v -0.258778 0.111632 -0.005670
v -0.253783 0.111657 -0.056287
v -0.239034 0.111715 -0.104989
v -0.215035 0.111649 -0.149836
v -0.182756 0.111595 -0.189157
v -0.143447 0.111586 -0.221435
v -0.098582 0.111520 -0.245413
v -0.049861 0.111395 -0.260163
v 0.000849 0.087047 -0.166569
v 0.032340 0.087087 -0.163494
v 0.062615 0.087185 -0.154367
v 0.090435 0.087246 -0.139527
v 0.114800 0.087275 -0.119519
v 0.134799 0.087293 -0.095137
v 0.149566 0.087247 -0.067242
v 0.158616 0.087220 -0.036962
v 0.161667 0.087246 -0.005515
v 0.158662 0.087291 0.025827
v 0.149617 0.087291 0.055940
v 0.134886 0.087193 0.083647
v 0.114930 0.087095 0.108000
v 0.090573 0.086966 0.127993
v 0.062805 0.086788 0.142823
v 0.032618 0.086726 0.152011
v 0.001111 0.086724 0.155162
v -0.030562 0.086759 0.152082
v -0.060873 0.086888 0.142954
v -0.088699 0.087051 0.128155
v -0.113067 0.087134 0.108178
v -0.133058 0.087161 0.083801
v -0.147905 0.087243 0.056065
v -0.157022 0.087275 0.025986
v -0.160071 0.087221 -0.005344
v -0.156980 0.087163 -0.036768
v -0.147826 0.087111 -0.066991
v -0.132972 0.087087 -0.094858
v -0.112981 0.087080 -0.119299
v -0.088614 0.087080 -0.139372
v -0.060796 0.087070 -0.154276
v -0.030589 0.087055 -0.163463
v 0.000878 0.074386 -0.105388
v 0.020444 0.074413 -0.103494
v 0.039260 0.074472 -0.097846
v 0.056499 0.074514 -0.088638
v 0.071524 0.074551 -0.076166
v 0.083875 0.074577 -0.061014
v 0.093051 0.074599 -0.043740
v 0.098742 0.074609 -0.025049
v 0.100714 0.074596 -0.005649
v 0.098764 0.074625 0.013855
v 0.093094 0.074646 0.032582
v 0.083918 0.074628 0.049803
v 0.071571 0.074558 0.064866
v 0.056533 0.074444 0.077202
v 0.039344 0.074315 0.086367
v 0.020608 0.074268 0.092060
v 0.000998 0.074210 0.093976
v -0.018607 0.074249 0.092097
v -0.037426 0.074378 0.086510
v -0.054694 0.074480 0.077365
v -0.069803 0.074524 0.064993
v -0.082199 0.074548 0.049896
v -0.091406 0.074554 0.032661
v -0.097080 0.074542 0.013936
v -0.098985 0.074536 -0.005505
v -0.097054 0.074520 -0.024936
v -0.091363 0.074492 -0.043629
v -0.082134 0.074458 -0.060864
v -0.069726 0.074428 -0.075992
v -0.054611 0.074405 -0.088437
v -0.037363 0.074392 -0.097710
v -0.018632 0.074384 -0.103434
v 0.000900 0.067335 -0.051134
v 0.009834 0.067347 -0.050261
v 0.018440 0.067367 -0.047680
v 0.026353 0.067385 -0.043494
v 0.033262 0.067396 -0.037855
v 0.038913 0.067412 -0.030967
v 0.043089 0.067435 -0.023087
v 0.045652 0.067456 -0.014537
v 0.046531 0.067454 -0.005678
v 0.045688 0.067426 0.003156
v 0.043139 0.067383 0.011641
v 0.038967 0.067341 0.019469
v 0.033328 0.067312 0.026348
v 0.026441 0.067288 0.032002
v 0.018570 0.067263 0.036206
v 0.009989 0.067237 0.038798
v 0.001029 0.067221 0.039677
v -0.007927 0.067224 0.038815
v -0.016537 0.067245 0.036246
v -0.024464 0.067277 0.032069
v -0.031398 0.067315 0.026449
v -0.037074 0.067352 0.019599
v -0.041282 0.067379 0.011774
v -0.043868 0.067394 0.003272
v -0.044737 0.067399 -0.005582
v -0.043859 0.067396 -0.014447
v -0.041266 0.067385 -0.022984
v -0.037055 0.067369 -0.030867
v -0.031383 0.067353 -0.037784
v -0.024470 0.067342 -0.043457
v -0.016583 0.067336 -0.047667
v -0.008020 0.067333 -0.050259
v 0.000953 0.065083 -0.005750
v 0.429819 0.418709 0.052545
v 0.427966 0.391214 0.025412
v 0.425360 0.355468 0.010885
v 0.422397 0.316914 0.011176
v 0.419528 0.281416 0.026241
v 0.438005 0.433192 0.089689
v 0.450791 0.417121 0.056939
v 0.459378 0.388924 0.031971
v 0.462383 0.352682 0.018638
v 0.459421 0.314128 0.018929
v 0.450916 0.279053 0.032814
v 0.438164 0.252798 0.058179
v 0.423111 0.239362 0.091151
v 0.444229 0.432746 0.093944
v 0.468498 0.415854 0.069046
v 0.485858 0.386971 0.050099
v 0.493639 0.350442 0.040009
v 0.490676 0.311887 0.040300
v 0.477414 0.277154 0.050931
v 0.455871 0.251529 0.070285
v 0.429336 0.238915 0.095407
v 0.430606 0.435810 0.107488
v 0.448357 0.432476 0.100264
v 0.480240 0.415085 0.087024
v 0.503625 0.386442 0.076886
v 0.514367 0.349088 0.071744
v 0.511405 0.310534 0.072035
v 0.494987 0.276007 0.077836
v 0.467614 0.250762 0.088264
v 0.433464 0.238646 0.101727
v 0.449760 0.432425 0.107686
v 0.484232 0.414937 0.108137
v 0.509399 0.385584 0.108602
v 0.521414 0.348828 0.109012
v 0.518451 0.310274 0.109303
v 0.500961 0.275786 0.109431
v 0.471606 0.250615 0.109377
v 0.434867 0.238594 0.109148
v 0.448225 0.432598 0.115080
v 0.479865 0.415432 0.129170
v 0.502864 0.386324 0.140078
v 0.513716 0.349728 0.146134
v 0.510742 0.311146 0.146430
v 0.494427 0.276528 0.140906
v 0.467238 0.251109 0.130410
v 0.433332 0.238768 0.116542
v 0.443985 0.432971 0.121320
v 0.467803 0.416492 0.146921
v 0.484813 0.387908 0.166643
v 0.492415 0.351573 0.177473
v 0.489452 0.313018 0.177764
v 0.476420 0.278188 0.167455
v 0.455177 0.252169 0.148161
v 0.429092 0.239141 0.122782
v 0.437686 0.433486 0.125456
v 0.449884 0.417958 0.158688
v 0.457997 0.390101 0.184252
v 0.460784 0.354160 0.198244
v 0.457822 0.315607 0.198535
v 0.449563 0.280312 0.185079
v 0.437258 0.253635 0.159928
v 0.422793 0.239656 0.126918
v 0.430287 0.434065 0.126859
v 0.428835 0.419606 0.162679
v 0.426497 0.392566 0.190225
v 0.423653 0.357118 0.205279
v 0.420667 0.318515 0.205580
v 0.418061 0.282772 0.191053
v 0.416209 0.255283 0.163919
v 0.415393 0.240235 0.128321
v 0.422914 0.434620 0.125315
v 0.407867 0.421202 0.158284
v 0.395109 0.394929 0.183652
v 0.386628 0.359898 0.197528
v 0.383648 0.321309 0.197826
v 0.386672 0.285134 0.184481
v 0.395235 0.256861 0.159527
v 0.408020 0.240790 0.126777
v 0.416690 0.435067 0.121059
v 0.390166 0.422486 0.146174
v 0.368611 0.396828 0.165535
v 0.355362 0.362118 0.176161
v 0.352412 0.323577 0.176449
v 0.360175 0.287033 0.166363
v 0.377528 0.258130 0.147420
v 0.401796 0.241236 0.122522
v 0.415419 0.238172 0.108979
v 0.412562 0.435336 0.114740
v 0.378412 0.423220 0.128202
v 0.351038 0.397975 0.138630
v 0.334639 0.363480 0.144424
v 0.331661 0.324898 0.144721
v 0.342601 0.288181 0.139459
v 0.365785 0.258897 0.129442
v 0.397668 0.241506 0.116202
v 0.411158 0.435388 0.107318
v 0.374420 0.423368 0.107089
v 0.345064 0.398197 0.107035
v 0.327576 0.363711 0.107163
v 0.324614 0.325157 0.107453
v 0.336628 0.288401 0.107863
v 0.361793 0.259045 0.108329
v 0.396265 0.241557 0.108780
v 0.412694 0.435215 0.099924
v 0.378787 0.422873 0.086057
v 0.351600 0.397457 0.075559
v 0.335299 0.362865 0.070030
v 0.332320 0.324282 0.070327
v 0.343163 0.287662 0.076388
v 0.366160 0.258550 0.087296
v 0.397800 0.241384 0.101386
v 0.416934 0.434841 0.093684
v 0.390862 0.421857 0.068297
v 0.369649 0.395869 0.048995
v 0.356573 0.360964 0.038702
v 0.353611 0.322409 0.038993
v 0.361213 0.286074 0.049823
v 0.378222 0.257490 0.069545
v 0.402040 0.241011 0.095146
v 0.423233 0.434326 0.089548
v 0.408891 0.420755 0.056459
v 0.396465 0.393677 0.031385
v 0.388204 0.358376 0.017931
v 0.385242 0.319822 0.018222
v 0.388029 0.283881 0.032214
v 0.396141 0.256024 0.057778
v 0.408339 0.240496 0.091010
v 0.430632 0.433748 0.088145
v 0.417190 0.254376 0.053787
v 0.415738 0.239916 0.089607
v -0.428459 0.433285 0.078244
v -0.431616 0.411695 0.046642
v -0.433329 0.379597 0.025627
v -0.433337 0.341880 0.018398
v -0.431639 0.304286 0.026057
v -0.431458 0.440651 0.117898
v -0.448757 0.432054 0.084689
v -0.461996 0.409853 0.056288
v -0.469166 0.377424 0.037005
v -0.469174 0.339707 0.029776
v -0.462019 0.302444 0.035703
v -0.448791 0.271310 0.053881
v -0.432852 0.253368 0.081872
v -0.437155 0.439739 0.122679
v -0.464999 0.429455 0.098272
v -0.486306 0.405962 0.076618
v -0.497842 0.372834 0.060986
v -0.497850 0.335117 0.053758
v -0.486329 0.298553 0.056033
v -0.465033 0.268710 0.067464
v -0.437793 0.251157 0.086428
v -0.422112 0.439345 0.134722
v -0.440562 0.438482 0.129242
v -0.474713 0.425882 0.116925
v -0.500844 0.400614 0.104536
v -0.514991 0.366526 0.093919
v -0.514999 0.328809 0.086691
v -0.500867 0.293205 0.083951
v -0.474747 0.265137 0.086118
v -0.441023 0.249597 0.092925
v -0.441161 0.437073 0.136582
v -0.476418 0.421880 0.137808
v -0.503397 0.394624 0.135793
v -0.518003 0.359460 0.130790
v -0.518011 0.321743 0.123562
v -0.503420 0.287215 0.115208
v -0.476454 0.261137 0.107001
v -0.441612 0.248173 0.100246
v -0.438860 0.435727 0.143575
v -0.469857 0.418058 0.157743
v -0.493577 0.388904 0.165630
v -0.506419 0.352713 0.165986
v -0.506427 0.314995 0.158758
v -0.493600 0.281495 0.145045
v -0.469903 0.257334 0.126934
v -0.439396 0.246977 0.107258
v -0.434009 0.434655 0.149156
v -0.456028 0.414998 0.173694
v -0.472878 0.384324 0.189504
v -0.482002 0.347310 0.194149
v -0.482010 0.309593 0.186920
v -0.472901 0.276915 0.168919
v -0.456107 0.254331 0.142883
v -0.434865 0.246443 0.112928
v -0.427347 0.434017 0.152484
v -0.437035 0.413166 0.183233
v -0.444452 0.381581 0.203781
v -0.448470 0.344075 0.210990
v -0.448478 0.306358 0.203761
v -0.444475 0.274173 0.183196
v -0.437185 0.252617 0.152429
v -0.427783 0.245183 0.114456
v -0.419888 0.433901 0.153075
v -0.415772 0.412840 0.184908
v -0.412626 0.381094 0.206288
v -0.410928 0.343501 0.213947
v -0.410936 0.305783 0.206718
v -0.412649 0.273686 0.185703
v -0.416017 0.252451 0.154129
v -0.420267 0.244960 0.114958
v -0.412768 0.434333 0.150818
v -0.395474 0.414071 0.178463
v -0.382246 0.382937 0.196642
v -0.375091 0.345674 0.202568
v -0.375099 0.307956 0.195339
v -0.382273 0.275535 0.176057
v -0.395786 0.253741 0.147583
v -0.413237 0.245605 0.112541
v -0.407070 0.435249 0.146043
v -0.379232 0.416671 0.164880
v -0.357936 0.386828 0.176312
v -0.346415 0.350264 0.178587
v -0.346423 0.312546 0.171358
v -0.357980 0.279359 0.155597
v -0.379549 0.256358 0.133967
v -0.407786 0.246935 0.108750
v -0.422581 0.247316 0.095799
v -0.403663 0.436507 0.139486
v -0.369518 0.420244 0.146227
v -0.343398 0.392175 0.148393
v -0.329266 0.356572 0.145654
v -0.329274 0.318854 0.138425
v -0.343427 0.284769 0.127771
v -0.369815 0.259939 0.115512
v -0.404137 0.247625 0.103321
v -0.403064 0.437912 0.132156
v -0.367813 0.424246 0.125343
v -0.340845 0.398165 0.117137
v -0.326254 0.363638 0.108783
v -0.326262 0.325920 0.101554
v -0.340871 0.290762 0.096553
v -0.368068 0.263872 0.094650
v -0.403532 0.249018 0.096002
v -0.405366 0.439252 0.125163
v -0.374374 0.428068 0.105408
v -0.350671 0.403895 0.087292
v -0.337873 0.370444 0.073561
v -0.337847 0.332668 0.066358
v -0.350691 0.296481 0.066716
v -0.374562 0.267584 0.074687
v -0.405837 0.250367 0.089012
v -0.410217 0.440326 0.119568
v -0.388203 0.431128 0.089457
v -0.371369 0.408475 0.063414
v -0.362322 0.375907 0.045318
v -0.362286 0.338109 0.038183
v -0.371393 0.301067 0.042841
v -0.388287 0.270468 0.058674
v -0.410698 0.251461 0.083410
v -0.416879 0.440968 0.116222
v -0.407196 0.432960 0.079918
v -0.399790 0.411208 0.049148
v -0.395787 0.379023 0.028583
v -0.395795 0.341305 0.021354
v -0.399819 0.303811 0.028561
v -0.407237 0.272228 0.049114
v -0.417531 0.252401 0.080105
v -0.424338 0.441083 0.115635
v -0.428494 0.272541 0.047437
v -0.425193 0.252868 0.079539
v -0.150937 0.029520 0.074384
v -0.166463 0.029532 0.072843
v -0.181390 0.029537 0.068302
v -0.195145 0.029534 0.060937
v -0.207199 0.029523 0.051030
v -0.217088 0.029506 0.038962
v -0.224433 0.029483 0.025196
v -0.228951 0.029454 0.010262
v -0.230469 0.029421 -0.005267
v -0.228928 0.029384 -0.020793
v -0.224388 0.029346 -0.035721
v -0.217022 0.029308 -0.049475
v -0.207115 0.029272 -0.061529
v -0.195047 0.029238 -0.071418
v -0.181281 0.029208 -0.078763
v -0.166347 0.029183 -0.083281
v -0.150818 0.029164 -0.084799
v -0.135292 0.029152 -0.083258
v -0.120365 0.029148 -0.078718
v -0.106610 0.029151 -0.071352
v -0.094556 0.029161 -0.061445
v -0.084667 0.029178 -0.049377
v -0.077322 0.029202 -0.035611
v -0.072804 0.029231 -0.020677
v -0.071286 0.029264 -0.005148
v -0.072827 0.029300 0.010378
v -0.077367 0.029338 0.025305
v -0.084733 0.029376 0.039060
v -0.094640 0.029413 0.051114
v -0.106708 0.029447 0.061003
v -0.120474 0.029477 0.068348
v -0.135408 0.029501 0.072866
v -0.150920 0.045883 0.074347
v -0.166447 0.045895 0.072806
v -0.181374 0.045899 0.068266
v -0.195129 0.045896 0.060901
v -0.207183 0.045886 0.050993
v -0.217072 0.045869 0.038925
v -0.224417 0.045845 0.025159
v -0.228935 0.045816 0.010225
v -0.230453 0.045783 -0.005303
v -0.228912 0.045747 -0.020830
v -0.224372 0.045709 -0.035757
v -0.217006 0.045671 -0.049512
v -0.207099 0.045634 -0.061566
v -0.195031 0.045600 -0.071455
v -0.181265 0.045570 -0.078800
v -0.166331 0.045545 -0.083318
v -0.150802 0.045527 -0.084835
v -0.135276 0.045515 -0.083295
v -0.120348 0.045510 -0.078754
v -0.106594 0.045513 -0.071389
v -0.094540 0.045523 -0.061482
v -0.084651 0.045541 -0.049413
v -0.077306 0.045564 -0.035648
v -0.072788 0.045593 -0.020714
v -0.071270 0.045626 -0.005185
v -0.072811 0.045662 0.010341
v -0.077351 0.045700 0.025269
v -0.084716 0.045738 0.039024
v -0.094624 0.045775 0.051077
v -0.106692 0.045809 0.060966
v -0.120458 0.045839 0.068311
v -0.135392 0.045864 0.072829
v -0.150902 0.064356 0.074306
v -0.166429 0.064368 0.072765
v -0.181356 0.064373 0.068225
v -0.195111 0.064370 0.060859
v -0.207165 0.064360 0.050952
v -0.217054 0.064343 0.038884
v -0.224399 0.064319 0.025118
v -0.228917 0.064290 0.010184
v -0.230434 0.064257 -0.005345
v -0.228894 0.064221 -0.020871
v -0.224353 0.064183 -0.035799
v -0.216988 0.064145 -0.049553
v -0.207081 0.064108 -0.061607
v -0.195013 0.064074 -0.071496
v -0.181247 0.064044 -0.078841
v -0.166313 0.064019 -0.083359
v -0.150784 0.064000 -0.084877
v -0.135258 0.063988 -0.083336
v -0.120330 0.063984 -0.078796
v -0.106575 0.063987 -0.071430
v -0.094522 0.063997 -0.061523
v -0.084632 0.064014 -0.049455
v -0.077288 0.064038 -0.035689
v -0.072770 0.064067 -0.020755
v -0.071252 0.064100 -0.005226
v -0.072793 0.064136 0.010300
v -0.077333 0.064174 0.025228
v -0.084698 0.064212 0.038982
v -0.094605 0.064249 0.051036
v -0.106674 0.064283 0.060925
v -0.120439 0.064313 0.068270
v -0.135374 0.064338 0.072788
v -0.150883 0.083358 0.074263
v -0.166410 0.083370 0.072722
v -0.181337 0.083375 0.068182
v -0.195092 0.083372 0.060817
v -0.207146 0.083361 0.050910
v -0.217035 0.083344 0.038841
v -0.224380 0.083321 0.025076
v -0.228898 0.083292 0.010141
v -0.230416 0.083258 -0.005387
v -0.228875 0.083222 -0.020914
v -0.224335 0.083184 -0.035841
v -0.216969 0.083146 -0.049596
v -0.207062 0.083110 -0.061649
v -0.194994 0.083076 -0.071539
v -0.181228 0.083046 -0.078883
v -0.166294 0.083021 -0.083401
v -0.150765 0.083002 -0.084919
v -0.135239 0.082990 -0.083378
v -0.120311 0.082985 -0.078838
v -0.106557 0.082988 -0.071473
v -0.094503 0.082999 -0.061566
v -0.084614 0.083016 -0.049497
v -0.077269 0.083039 -0.035731
v -0.072751 0.083068 -0.020797
v -0.071233 0.083102 -0.005269
v -0.072774 0.083138 0.010258
v -0.077314 0.083176 0.025185
v -0.084679 0.083214 0.038940
v -0.094587 0.083250 0.050993
v -0.106655 0.083284 0.060883
v -0.120421 0.083315 0.068227
v -0.135355 0.083339 0.072745
v -0.150864 0.102598 0.074126
v -0.166372 0.102610 0.072587
v -0.181282 0.102614 0.068052
v -0.195020 0.102611 0.060695
v -0.207060 0.102601 0.050800
v -0.216937 0.102584 0.038746
v -0.224273 0.102560 0.024996
v -0.228786 0.102532 0.010080
v -0.230302 0.102498 -0.005430
v -0.228763 0.102462 -0.020938
v -0.224228 0.102424 -0.035848
v -0.216872 0.102386 -0.049586
v -0.206976 0.102350 -0.061625
v -0.194922 0.102316 -0.071503
v -0.181173 0.102286 -0.078839
v -0.166256 0.102261 -0.083352
v -0.150746 0.102242 -0.084868
v -0.135238 0.102231 -0.083329
v -0.120329 0.102226 -0.078794
v -0.106590 0.102229 -0.071437
v -0.094551 0.102239 -0.061542
v -0.084673 0.102256 -0.049488
v -0.077337 0.102280 -0.035738
v -0.072825 0.102309 -0.020822
v -0.071309 0.102342 -0.005312
v -0.072848 0.102378 0.010196
v -0.077383 0.102416 0.025106
v -0.084739 0.102454 0.038844
v -0.094634 0.102491 0.050883
v -0.106688 0.102525 0.060761
v -0.120438 0.102554 0.068097
v -0.135354 0.102579 0.072610
v -0.150912 -0.005615 -0.005129
v -0.150949 0.016398 0.074364
v -0.166466 0.016410 0.072824
v -0.181384 0.016414 0.068286
v -0.195131 0.016411 0.060926
v -0.207177 0.016401 0.051025
v -0.217060 0.016384 0.038964
v -0.224400 0.016360 0.025206
v -0.228916 0.016331 0.010282
v -0.230433 0.016298 -0.005237
v -0.228893 0.016262 -0.020754
v -0.224355 0.016224 -0.035672
v -0.216995 0.016186 -0.049419
v -0.207093 0.016149 -0.061465
v -0.195033 0.016115 -0.071348
v -0.181275 0.016085 -0.078688
v -0.166350 0.016061 -0.083203
v -0.150831 0.016042 -0.084720
v -0.135315 0.016030 -0.083180
v -0.120396 0.016026 -0.078643
v -0.106650 0.016028 -0.071282
v -0.094604 0.016039 -0.061381
v -0.084721 0.016056 -0.049320
v -0.077380 0.016079 -0.035563
v -0.072865 0.016108 -0.020638
v -0.071348 0.016141 -0.005119
v -0.072888 0.016178 0.010398
v -0.077426 0.016216 0.025316
v -0.084786 0.016254 0.039062
v -0.094687 0.016290 0.051108
v -0.106748 0.016324 0.060991
v -0.120505 0.016354 0.068332
v -0.135430 0.016379 0.072847
v -0.150925 -0.004634 0.013623
v -0.150943 0.004317 0.050318
v -0.154583 -0.004631 0.013260
v -0.161764 0.004325 0.049245
v -0.158101 -0.004630 0.012190
v -0.172168 0.004328 0.046080
v -0.161342 -0.004631 0.010454
v -0.181754 0.004326 0.040947
v -0.164182 -0.004633 0.008120
v -0.190155 0.004319 0.034042
v -0.166512 -0.004637 0.005276
v -0.197047 0.004307 0.025632
v -0.168243 -0.004643 0.002033
v -0.202166 0.004291 0.016038
v -0.169308 -0.004649 -0.001486
v -0.205314 0.004271 0.005630
v -0.169665 -0.004657 -0.005145
v -0.206372 0.004248 -0.005193
v -0.169302 -0.004666 -0.008804
v -0.205298 0.004222 -0.016014
v -0.168232 -0.004675 -0.012321
v -0.202134 0.004196 -0.026417
v -0.166497 -0.004684 -0.015562
v -0.197001 0.004169 -0.036003
v -0.164162 -0.004692 -0.018403
v -0.190096 0.004144 -0.044404
v -0.161319 -0.004700 -0.020733
v -0.181685 0.004120 -0.051296
v -0.158075 -0.004707 -0.022464
v -0.172092 0.004099 -0.056415
v -0.154556 -0.004713 -0.023528
v -0.161684 0.004082 -0.059563
v -0.150897 -0.004718 -0.023886
v -0.150861 0.004069 -0.060621
v -0.147239 -0.004721 -0.023523
v -0.140040 0.004061 -0.059547
v -0.143721 -0.004722 -0.022453
v -0.129637 0.004057 -0.056383
v -0.140480 -0.004721 -0.020717
v -0.120051 0.004059 -0.051250
v -0.137640 -0.004719 -0.018383
v -0.111650 0.004066 -0.044345
v -0.135310 -0.004714 -0.015539
v -0.104758 0.004079 -0.035934
v -0.133579 -0.004709 -0.012296
v -0.099639 0.004095 -0.026341
v -0.132514 -0.004702 -0.008777
v -0.096490 0.004115 -0.015932
v -0.132157 -0.004694 -0.005118
v -0.095432 0.004138 -0.005110
v -0.132520 -0.004686 -0.001459
v -0.096506 0.004163 0.005711
v -0.133590 -0.004677 0.002058
v -0.099671 0.004190 0.016114
v -0.135325 -0.004668 0.005299
v -0.104804 0.004216 0.025700
v -0.137660 -0.004659 0.008140
v -0.111708 0.004242 0.034101
v -0.140503 -0.004651 0.010470
v -0.120119 0.004266 0.040993
v -0.143747 -0.004644 0.012201
v -0.129713 0.004287 0.046112
v -0.147266 -0.004638 0.013265
v -0.140121 0.004304 0.049261
vn 0.6150 0.0532 -0.7867
vn 0.0016 -0.9776 -0.2106
vn 0.7769 -0.2417 0.5814
vn -0.7750 0.0191 -0.6317
vn -0.6202 -0.2745 0.7348
vn 0.1112 -0.3198 0.9410
vn -0.1112 0.0969 -0.9891
vn 0.9868 -0.0884 -0.1357
vn -0.9872 -0.1357 0.0842
vn 0.6182 0.1616 -0.7692
vn 0.6196 0.1604 -0.7683
vn 0.7833 -0.1286 0.6081
vn -0.7832 0.1287 -0.6083
vn -0.6216 -0.1611 0.7666
vn 0.1144 -0.2048 0.9721
vn -0.1156 0.2043 -0.9721
vn 0.9935 0.0225 -0.1119
vn -0.9933 -0.0232 0.1131
vn 0.6214 0.1643 -0.7660
vn 0.7848 -0.1275 0.6065
vn -0.7824 0.1281 -0.6095
vn -0.6232 -0.1608 0.7654
vn 0.1139 -0.2043 0.9723
vn -0.1171 0.2042 -0.9719
vn 0.9931 0.0240 -0.1145
vn -0.9936 -0.0231 0.1102
vn 0.6414 0.1912 -0.7430
vn 0.7829 -0.1303 0.6084
vn -0.7825 0.1300 -0.6089
vn -0.6228 -0.1637 0.7651
vn 0.1130 -0.2079 0.9716
vn -0.1147 0.2078 -0.9714
vn 0.9936 0.0238 -0.1105
vn -0.9936 -0.0238 0.1108
vn 0.5991 0.4240 -0.6792
vn 0.7971 -0.0935 0.5966
vn -0.7776 0.0572 -0.6262
vn -0.6176 -0.2353 0.7505
vn 0.1384 -0.2336 0.9624
vn -0.0873 0.1792 -0.9799
vn 0.9919 0.0801 -0.0982
vn -0.9901 -0.1059 0.0925
vn 0.3592 0.7242 -0.5887
vn 0.7527 0.1431 0.6426
vn -0.6943 -0.1352 -0.7069
vn -0.5277 -0.4399 0.7267
vn 0.1845 -0.2167 0.9587
vn -0.0408 0.1953 -0.9799
vn 0.9124 0.4088 -0.0192
vn -0.9204 -0.3902 0.0240
vn 0.0502 0.8470 -0.5292
vn 0.5130 0.4428 0.7354
vn -0.4796 -0.3746 -0.7935
vn -0.3106 -0.6836 0.6604
vn 0.1528 -0.1526 0.9764
vn -0.0725 0.2596 -0.9630
vn 0.5955 0.7971 0.1002
vn -0.5945 -0.7978 -0.1005
vn -0.1917 0.8379 -0.5111
vn 0.2036 0.5654 0.7993
vn -0.1686 -0.5094 -0.8438
vn -0.0028 -0.8126 0.5828
vn 0.1231 -0.1544 0.9803
vn -0.1021 0.2578 -0.9608
vn 0.1776 0.9666 0.1848
vn -0.1109 -0.9747 -0.1943
vn -0.4223 0.7573 -0.4983
vn -0.0401 0.5557 0.8304
vn 0.0343 -0.5305 -0.8470
vn 0.1946 -0.8237 0.5326
vn 0.1084 -0.1814 0.9774
vn -0.1156 0.2295 -0.9664
vn -0.1600 0.9621 0.2206
vn 0.1629 -0.9611 -0.2232
vn -0.6811 0.5258 -0.5096
vn -0.2700 0.4811 0.8340
vn 0.2069 -0.4464 -0.8706
vn 0.3719 -0.7482 0.5495
vn 0.0882 -0.1620 0.9828
vn -0.1355 0.2464 -0.9597
vn -0.4803 0.8471 0.2273
vn 0.4072 -0.8826 -0.2349
vn -0.7765 0.2855 -0.5617
vn -0.5265 0.2494 0.8128
vn 0.4561 -0.1912 -0.8691
vn 0.6264 -0.5025 0.5959
vn 0.0532 -0.1682 0.9843
vn -0.1719 0.2412 -0.9551
vn -0.8226 0.5292 0.2082
vn 0.8250 -0.5256 -0.2076
vn -0.7872 0.1733 -0.5918
vn -0.6201 -0.0006 0.7846
vn 0.6048 0.0230 -0.7960
vn 0.7652 -0.2703 0.5843
vn 0.0925 -0.1986 0.9757
vn -0.1334 0.2144 -0.9676
vn -0.9685 0.1955 0.1541
vn 0.9740 -0.1701 -0.1493
vn -0.7789 0.0313 -0.6264
vn -0.6291 -0.1158 0.7686
vn 0.6114 0.1135 -0.7831
vn 0.7730 -0.1821 0.6077
vn 0.0966 -0.2057 0.9738
vn -0.1292 0.2074 -0.9697
vn -0.9916 0.0387 0.1234
vn 0.9907 -0.0516 -0.1261
vn -0.6200 -0.2592 0.7406
vn 0.6191 0.0614 -0.7829
vn 0.7780 -0.2293 0.5849
vn 0.1116 -0.3052 0.9457
vn -0.1130 0.1057 -0.9879
vn -0.9886 -0.1209 0.0892
vn 0.9882 -0.0786 -0.1315
vn -0.0007 -0.9782 -0.2078
vn -0.0007 0.0037 1.0000
vn -0.1950 0.0028 0.9808
vn -0.3818 0.0021 0.9242
vn -0.5544 0.0018 0.8322
vn -0.7061 0.0017 0.7081
vn -0.8307 0.0015 0.5568
vn -0.9233 0.0012 0.3840
vn -0.9805 0.0009 0.1965
vn -1.0000 0.0006 0.0014
vn -0.9811 0.0002 -0.1937
vn -0.9244 -0.0002 -0.3814
vn -0.8323 -0.0005 -0.5544
vn -0.7081 -0.0009 -0.7061
vn -0.5567 -0.0012 -0.8307
vn -0.3839 -0.0015 -0.9234
vn -0.1963 -0.0018 -0.9805
vn -0.0008 -0.0023 -1.0000
vn 0.1950 -0.0030 -0.9808
vn 0.3828 -0.0034 -0.9238
vn 0.5553 -0.0030 -0.8316
vn 0.7065 -0.0022 -0.7077
vn 0.8309 -0.0016 -0.5564
vn 0.9235 -0.0013 -0.3835
vn 0.9807 -0.0011 -0.1956
vn 1.0000 -0.0007 -0.0001
vn 0.9808 -0.0001 0.1950
vn 0.9242 0.0004 0.3820
vn 0.8322 0.0006 0.5545
vn 0.7081 0.0009 0.7061
vn 0.5565 0.0020 0.8309
vn 0.3831 0.0033 0.9237
vn 0.1946 0.0040 0.9809
vn -0.0023 0.0049 1.0000
vn -0.1965 0.0038 0.9805
vn -0.3825 0.0025 0.9239
vn -0.5546 0.0019 0.8321
vn -0.3838 -0.0017 -0.9234
vn -0.1960 -0.0023 -0.9806
vn -0.0001 -0.0032 -1.0000
vn 0.1958 -0.0043 -0.9806
vn 0.3828 -0.0050 -0.9238
vn 0.5545 -0.0045 -0.8322
vn 0.7059 -0.0035 -0.7083
vn 0.8307 -0.0026 -0.5566
vn 0.9236 -0.0022 -0.3834
vn 0.9807 -0.0018 -0.1955
vn 1.0000 -0.0011 -0.0003
vn 0.9809 -0.0002 0.1945
vn 0.9242 0.0004 0.3819
vn 0.8320 0.0005 0.5548
vn 0.7078 0.0008 0.7064
vn 0.5565 0.0019 0.8308
vn 0.3831 0.0034 0.9237
vn 0.1939 0.0047 0.9810
vn -0.0036 0.0044 1.0000
vn -0.1985 0.0040 0.9801
vn -0.3837 0.0029 0.9234
vn -0.5548 0.0021 0.8320
vn -0.7060 0.0019 0.7082
vn -0.8307 0.0018 0.5568
vn -0.9234 0.0014 0.3839
vn -0.9805 0.0010 0.1964
vn -0.5566 -0.0013 -0.8308
vn -0.3835 -0.0020 -0.9235
vn -0.1957 -0.0028 -0.9807
vn 0.0004 -0.0035 -1.0000
vn 0.1963 -0.0041 -0.9805
vn 0.3827 -0.0044 -0.9239
vn 0.5539 -0.0043 -0.8326
vn 0.7055 -0.0039 -0.7087
vn 0.8306 -0.0035 -0.5568
vn 0.9235 -0.0029 -0.3836
vn 0.9807 -0.0021 -0.1957
vn 1.0000 -0.0012 -0.0007
vn 0.9810 -0.0003 0.1939
vn 0.9242 0.0003 0.3819
vn 0.8317 0.0005 0.5552
vn 0.7077 0.0008 0.7065
vn 0.5566 0.0015 0.8308
vn 0.3833 0.0023 0.9236
vn 0.1938 0.0035 0.9810
vn -0.0035 0.0015 1.0000
vn -0.1993 0.0022 0.9799
vn -0.3846 0.0022 0.9231
vn -0.5549 0.0021 0.8319
vn -0.7057 0.0023 0.7085
vn -0.8306 0.0025 0.5569
vn -0.9234 0.0023 0.3837
vn -0.9806 0.0017 0.1961
vn -1.0000 0.0011 0.0012
vn -0.9810 0.0005 -0.1938
vn -0.9244 -0.0000 -0.3814
vn -0.8323 -0.0004 -0.5544
vn -0.7080 -0.0009 -0.7062
vn -0.5564 -0.0015 -0.8309
vn -0.3834 -0.0023 -0.9236
vn -0.1958 -0.0027 -0.9806
vn 0.0001 -0.0025 -1.0000
vn 0.1960 -0.0019 -0.9806
vn 0.3826 -0.0016 -0.9239
vn 0.5541 -0.0017 -0.8325
vn 0.7058 -0.0021 -0.7085
vn 0.8306 -0.0023 -0.5568
vn 0.9234 -0.0019 -0.3839
vn 0.9806 -0.0013 -0.1959
vn 1.0000 -0.0008 -0.0010
vn 0.9811 -0.0004 0.1935
vn 0.9243 0.0001 0.3817
vn 0.8317 0.0006 0.5553
vn 0.7077 0.0009 0.7065
vn 0.5565 0.0009 0.8308
vn 0.3835 0.0008 0.9235
vn 0.1943 0.0010 0.9809
vn -0.0018 -0.6855 0.7280
vn -0.1446 -0.6852 0.7138
vn -0.2799 -0.6849 0.6727
vn -0.4040 -0.6847 0.6066
vn -0.5140 -0.6845 0.5169
vn -0.6052 -0.6844 0.4066
vn -0.6730 -0.6845 0.2803
vn -0.7144 -0.6848 0.1435
vn -0.7284 -0.6852 0.0015
vn -0.7144 -0.6855 -0.1405
vn -0.6730 -0.6858 -0.2770
vn -0.6058 -0.6860 -0.4029
vn -0.5153 -0.6863 -0.5133
vn -0.4048 -0.6866 -0.6038
vn -0.2789 -0.6869 -0.6711
vn -0.1426 -0.6868 -0.7127
vn -0.0002 -0.6866 -0.7271
vn 0.1425 -0.6862 -0.7133
vn 0.2787 -0.6859 -0.6722
vn 0.4037 -0.6859 -0.6054
vn 0.5140 -0.6860 -0.5149
vn 0.6046 -0.6861 -0.4046
vn 0.6720 -0.6860 -0.2789
vn 0.7137 -0.6859 -0.1420
vn 0.7277 -0.6859 -0.0000
vn 0.7139 -0.6858 0.1415
vn 0.6727 -0.6855 0.2785
vn 0.6055 -0.6852 0.4048
vn 0.5153 -0.6851 0.5150
vn 0.4052 -0.6852 0.6053
vn 0.2793 -0.6853 0.6725
vn 0.1418 -0.6855 0.7141
vn 0.0005 1.0000 -0.0017
vn 0.0006 0.5146 0.8574
vn -0.1665 0.5144 0.8412
vn -0.3273 0.5142 0.7928
vn -0.4758 0.5140 0.7137
vn -0.6060 0.5139 0.6071
vn -0.7130 0.5137 0.4772
vn -0.7926 0.5135 0.3288
vn -0.8417 0.5133 0.1678
vn -0.8584 0.5130 0.0003
vn -0.8421 0.5127 -0.1672
vn -0.7935 0.5124 -0.3284
vn -0.7144 0.5121 -0.4769
vn -0.6078 0.5118 -0.6072
vn -0.4778 0.5115 -0.7142
vn -0.3294 0.5113 -0.7938
vn -0.1684 0.5111 -0.8429
vn -0.0007 0.5108 -0.8597
vn 0.1673 0.5106 -0.8434
vn 0.3288 0.5107 -0.7944
vn 0.4771 0.5111 -0.7149
vn 0.6069 0.5114 -0.6084
vn 0.7136 0.5116 -0.4786
vn 0.7932 0.5117 -0.3302
vn 0.8423 0.5119 -0.1689
vn 0.8589 0.5122 -0.0009
vn 0.8423 0.5126 0.1667
vn 0.7935 0.5130 0.3274
vn 0.7145 0.5131 0.4755
vn 0.6081 0.5132 0.6057
vn 0.4780 0.5138 0.7125
vn 0.3293 0.5143 0.7919
vn 0.1680 0.5146 0.8408
vn 0.0007 0.9891 0.1470
vn 0.0009 0.9380 0.3466
vn -0.0283 0.9891 0.1442
vn -0.0670 0.9380 0.3400
vn -0.0562 0.9892 0.1357
vn -0.1323 0.9380 0.3203
vn -0.0819 0.9891 0.1220
vn -0.1926 0.9380 0.2882
vn -0.1045 0.9891 0.1036
vn -0.2454 0.9380 0.2449
vn -0.1230 0.9891 0.0810
vn -0.2888 0.9379 0.1922
vn -0.1368 0.9891 0.0554
vn -0.3210 0.9378 0.1321
vn -0.1453 0.9890 0.0275
vn -0.3410 0.9377 0.0668
vn -0.1482 0.9890 -0.0015
vn -0.3477 0.9376 -0.0012
vn -0.1453 0.9889 -0.0305
vn -0.3411 0.9375 -0.0691
vn -0.1369 0.9889 -0.0585
vn -0.3214 0.9373 -0.1345
vn -0.1232 0.9888 -0.0842
vn -0.2893 0.9372 -0.1947
vn -0.1047 0.9888 -0.1067
vn -0.2461 0.9371 -0.2476
vn -0.0822 0.9887 -0.1253
vn -0.1934 0.9370 -0.2910
vn -0.0566 0.9887 -0.1390
vn -0.1332 0.9369 -0.3232
vn -0.0287 0.9886 -0.1475
vn -0.0679 0.9368 -0.3431
vn 0.0003 0.9886 -0.1504
vn -0.0000 0.9368 -0.3499
vn 0.0293 0.9886 -0.1476
vn 0.0680 0.9368 -0.3433
vn 0.0572 0.9886 -0.1392
vn 0.1334 0.9368 -0.3235
vn 0.0829 0.9886 -0.1254
vn 0.1936 0.9369 -0.2913
vn 0.1054 0.9887 -0.1069
vn 0.2463 0.9369 -0.2480
vn 0.1239 0.9887 -0.0844
vn 0.2896 0.9370 -0.1952
vn 0.1377 0.9887 -0.0586
vn 0.3219 0.9371 -0.1350
vn 0.1462 0.9888 -0.0307
vn 0.3418 0.9372 -0.0697
vn 0.1490 0.9888 -0.0017
vn 0.3485 0.9373 -0.0016
vn 0.1462 0.9889 0.0274
vn 0.3418 0.9374 0.0664
vn 0.1377 0.9889 0.0553
vn 0.3219 0.9375 0.1318
vn 0.1240 0.9890 0.0810
vn 0.2898 0.9376 0.1920
vn 0.1056 0.9890 0.1035
vn 0.2467 0.9377 0.2447
vn 0.0831 0.9890 0.1220
vn 0.1940 0.9378 0.2880
vn 0.0575 0.9891 0.1357
vn 0.1340 0.9379 0.3201
vn 0.0297 0.9891 0.1441
vn 0.0688 0.9379 0.3399
vn 0.0053 0.5525 0.8335
vn 0.0003 0.4598 0.8880
vn -0.1561 0.5460 0.8231
vn -0.1720 0.4598 0.8712
vn -0.3172 0.5419 0.7783
vn -0.3377 0.4602 0.8211
vn -0.4642 0.5427 0.7000
vn -0.4905 0.4609 0.7396
vn -0.5905 0.5468 0.5936
vn -0.6244 0.4619 0.6299
vn -0.6913 0.5517 0.4665
vn -0.7343 0.4632 0.4962
vn -0.7659 0.5562 0.3224
vn -0.8161 0.4648 0.3435
vn -0.8111 0.5607 0.1665
vn -0.8664 0.4665 0.1779
vn -0.8247 0.5655 0.0051
vn -0.8836 0.4683 0.0057
vn -0.8064 0.5705 -0.1559
vn -0.8667 0.4701 -0.1666
vn -0.7572 0.5753 -0.3093
vn -0.8166 0.4719 -0.3323
vn -0.6807 0.5791 -0.4486
vn -0.7351 0.4736 -0.4851
vn -0.5788 0.5817 -0.5716
vn -0.6254 0.4751 -0.6190
vn -0.4542 0.5837 -0.6730
vn -0.4917 0.4764 -0.7289
vn -0.3135 0.5856 -0.7475
vn -0.3390 0.4774 -0.8106
vn -0.1609 0.5870 -0.7934
vn -0.1734 0.4781 -0.8610
vn -0.0023 0.5880 -0.8088
vn -0.0011 0.4785 -0.8781
vn 0.1561 0.5883 -0.7935
vn 0.1712 0.4784 -0.8613
vn 0.3094 0.5874 -0.7478
vn 0.3369 0.4781 -0.8112
vn 0.4517 0.5864 -0.6723
vn 0.4896 0.4773 -0.7297
vn 0.5757 0.5855 -0.5708
vn 0.6235 0.4763 -0.6200
vn 0.6776 0.5827 -0.4487
vn 0.7335 0.4750 -0.4862
vn 0.7550 0.5782 -0.3094
vn 0.8152 0.4735 -0.3336
vn 0.8042 0.5733 -0.1568
vn 0.8656 0.4718 -0.1680
vn 0.8225 0.5687 0.0039
vn 0.8827 0.4699 0.0043
vn 0.8082 0.5651 0.1658
vn 0.8659 0.4681 0.1766
vn 0.7621 0.5624 0.3209
vn 0.8157 0.4663 0.3423
vn 0.6863 0.5602 0.4640
vn 0.7342 0.4646 0.4950
vn 0.5838 0.5583 0.5895
vn 0.6245 0.4631 0.6289
vn 0.4587 0.5570 0.6923
vn 0.4908 0.4618 0.7388
vn 0.3152 0.5565 0.7687
vn 0.3382 0.4608 0.8205
vn 0.1614 0.5561 0.8153
vn 0.1725 0.4601 0.8709
vn -0.1913 0.1705 0.9666
vn 0.0006 0.1705 0.9854
vn -0.3758 0.1709 0.9108
vn -0.5459 0.1717 0.8201
vn -0.6951 0.1729 0.6979
vn -0.8175 0.1743 0.5489
vn -0.9085 0.1761 0.3790
vn -0.9646 0.1780 0.1945
vn -0.9837 0.1800 0.0027
vn -0.9649 0.1820 -0.1892
vn -0.9091 0.1840 -0.3737
vn -0.8184 0.1859 -0.5438
vn -0.6962 0.1876 -0.6929
vn -0.5472 0.1890 -0.8154
vn -0.3773 0.1901 -0.9064
vn -0.1928 0.1909 -0.9625
vn -0.0010 0.1913 -0.9815
vn 0.1909 0.1913 -0.9628
vn 0.3755 0.1908 -0.9070
vn 0.5456 0.1900 -0.8162
vn 0.6947 0.1889 -0.6940
vn 0.8171 0.1874 -0.5451
vn 0.9082 0.1857 -0.3752
vn 0.9643 0.1838 -0.1907
vn 0.9833 0.1818 0.0011
vn 0.9646 0.1798 0.1930
vn 0.9088 0.1778 0.3775
vn 0.8180 0.1759 0.5476
vn 0.6958 0.1742 0.6968
vn 0.5469 0.1727 0.8192
vn 0.3769 0.1716 0.9102
vn 0.1925 0.1709 0.9663
vn -0.0004 0.8549 0.5188
vn -0.0998 0.8549 0.5091
vn -0.1414 0.6819 0.7177
vn -0.0001 0.6819 0.7315
vn -0.1954 0.8551 0.4802
vn -0.2772 0.6822 0.6766
vn -0.2836 0.8555 0.4332
vn -0.4025 0.6828 0.6097
vn -0.3609 0.8561 0.3699
vn -0.5123 0.6836 0.5198
vn -0.4244 0.8569 0.2926
vn -0.6025 0.6847 0.4101
vn -0.4716 0.8578 0.2045
vn -0.6695 0.6860 0.2849
vn -0.5006 0.8588 0.1088
vn -0.7108 0.6874 0.1491
vn -0.5103 0.8599 0.0094
vn -0.7248 0.6889 0.0079
vn -0.5004 0.8611 -0.0902
vn -0.7110 0.6904 -0.1334
vn -0.4711 0.8623 -0.1857
vn -0.6699 0.6918 -0.2693
vn -0.4238 0.8635 -0.2735
vn -0.6031 0.6932 -0.3946
vn -0.3604 0.8645 -0.3503
vn -0.5131 0.6945 -0.5044
vn -0.2833 0.8654 -0.4134
vn -0.4035 0.6955 -0.5945
vn -0.1956 0.8660 -0.4602
vn -0.2783 0.6964 -0.6615
vn -0.1005 0.8664 -0.4891
vn -0.1425 0.6969 -0.7028
vn -0.0015 0.8665 -0.4991
vn -0.0012 0.6972 -0.7169
vn 0.0976 0.8664 -0.4898
vn 0.1401 0.6972 -0.7031
vn 0.1932 0.8660 -0.4611
vn 0.2760 0.6969 -0.6620
vn 0.2814 0.8655 -0.4144
vn 0.4012 0.6963 -0.5951
vn 0.3588 0.8648 -0.3513
vn 0.5110 0.6954 -0.5052
vn 0.4224 0.8640 -0.2742
vn 0.6012 0.6944 -0.3955
vn 0.4696 0.8630 -0.1863
vn 0.6682 0.6931 -0.2704
vn 0.4988 0.8619 -0.0909
vn 0.7095 0.6917 -0.1345
vn 0.5088 0.8608 0.0086
vn 0.7236 0.6902 0.0067
vn 0.4992 0.8597 0.1081
vn 0.7098 0.6887 0.1480
vn 0.4703 0.8587 0.2038
vn 0.6687 0.6872 0.2839
vn 0.4233 0.8577 0.2919
vn 0.6018 0.6859 0.4091
vn 0.3599 0.8568 0.3692
vn 0.5119 0.6846 0.5190
vn 0.2828 0.8560 0.4327
vn 0.4022 0.6835 0.6091
vn 0.1947 0.8555 0.4799
vn 0.2770 0.6827 0.6761
vn 0.0991 0.8551 0.5090
vn 0.1412 0.6822 0.7174
vn -0.1408 -0.6933 0.7067
vn 0.0012 -0.6934 0.7206
vn -0.2774 -0.6930 0.6654
vn -0.4033 -0.6924 0.5982
vn -0.5136 -0.6916 0.5078
vn -0.6043 -0.6905 0.3976
vn -0.6716 -0.6892 0.2718
vn -0.7131 -0.6878 0.1353
vn -0.7272 -0.6863 -0.0067
vn -0.7134 -0.6848 -0.1487
vn -0.6721 -0.6833 -0.2853
vn -0.6049 -0.6820 -0.4111
vn -0.5145 -0.6807 -0.5215
vn -0.4042 -0.6796 -0.6121
vn -0.2785 -0.6788 -0.6795
vn -0.1419 -0.6782 -0.7210
vn 0.0001 -0.6780 -0.7351
vn 0.1421 -0.6780 -0.7212
vn 0.2786 -0.6783 -0.6799
vn 0.4045 -0.6789 -0.6128
vn 0.5149 -0.6797 -0.5223
vn 0.6055 -0.6808 -0.4121
vn 0.6729 -0.6821 -0.2863
vn 0.7144 -0.6835 -0.1498
vn 0.7285 -0.6850 -0.0078
vn 0.7146 -0.6865 0.1342
vn 0.6733 -0.6880 0.2707
vn 0.6062 -0.6894 0.3966
vn 0.5157 -0.6906 0.5070
vn 0.4055 -0.6917 0.5976
vn 0.2797 -0.6925 0.6650
vn 0.1432 -0.6931 0.7065
vn 0.0086 -0.1570 0.9876
vn -0.1825 -0.1620 0.9698
vn -0.3730 -0.1627 0.9134
vn -0.5472 -0.1609 0.8214
vn -0.6991 -0.1564 0.6977
vn -0.8218 -0.1512 0.5493
vn -0.9135 -0.1463 0.3796
vn -0.9708 -0.1408 0.1943
vn -0.9908 -0.1351 0.0013
vn -0.9727 -0.1295 -0.1926
vn -0.9170 -0.1243 -0.3790
vn -0.8269 -0.1199 -0.5494
vn -0.7038 -0.1170 -0.7007
vn -0.5528 -0.1138 -0.8255
vn -0.3816 -0.1114 -0.9176
vn -0.1955 -0.1097 -0.9745
vn -0.0015 -0.1085 -0.9941
vn 0.1923 -0.1078 -0.9754
vn 0.3793 -0.1084 -0.9189
vn 0.5532 -0.1096 -0.8258
vn 0.7044 -0.1109 -0.7011
vn 0.8264 -0.1146 -0.5513
vn 0.9170 -0.1199 -0.3804
vn 0.9729 -0.1254 -0.1945
vn 0.9914 -0.1311 -0.0011
vn 0.9718 -0.1362 0.1927
vn 0.9152 -0.1407 0.3776
vn 0.8232 -0.1452 0.5489
vn 0.7001 -0.1487 0.6984
vn 0.5499 -0.1522 0.8213
vn 0.3780 -0.1541 0.9129
vn 0.1942 -0.1552 0.9686
vn 0.0139 -0.5959 0.8030
vn -0.1030 -0.6220 0.7762
vn -0.2753 -0.6430 0.7147
vn -0.4693 -0.6322 0.6165
vn -0.5678 -0.6006 0.5629
vn -0.6427 -0.6197 0.4505
vn -0.7239 -0.6193 0.3041
vn -0.7490 -0.6390 0.1749
vn -0.7656 -0.6433 -0.0006
vn -0.7482 -0.6443 -0.1584
vn -0.7142 -0.6340 -0.2967
vn -0.6428 -0.6442 -0.4145
vn -0.5416 -0.6435 -0.5409
vn -0.4486 -0.6582 -0.6046
vn -0.3152 -0.6834 -0.6585
vn -0.1410 -0.7001 -0.7000
vn 0.0405 -0.6850 -0.7274
vn 0.1921 -0.6540 -0.7317
vn 0.3018 -0.6323 -0.7135
vn 0.4020 -0.6439 -0.6510
vn 0.5445 -0.6515 -0.5284
vn 0.6393 -0.6429 -0.4218
vn 0.6992 -0.6479 -0.3023
vn 0.7599 -0.6394 -0.1174
vn 0.7810 -0.6245 -0.0086
vn 0.7557 -0.6402 0.1383
vn 0.7095 -0.6397 0.2956
vn 0.6421 -0.6563 0.3962
vn 0.5124 -0.6600 0.5495
vn 0.4079 -0.6347 0.6564
vn 0.2996 -0.6247 0.7211
vn 0.1204 -0.6133 0.7806
vn 0.0045 0.3013 0.9535
vn -0.1548 0.0998 0.9829
vn -0.3688 0.1478 0.9177
vn -0.5923 0.0378 0.8048
vn -0.6601 0.3470 0.6663
vn -0.8214 0.0228 0.5699
vn -0.8858 0.2783 0.3713
vn -0.9754 0.0357 0.2174
vn -0.9829 0.1842 0.0014
vn -0.9782 0.0465 -0.2026
vn -0.9021 0.2186 -0.3721
vn -0.8352 0.0487 -0.5477
vn -0.6975 0.1713 -0.6958
vn -0.5717 0.0900 -0.8155
vn -0.2824 0.0774 -0.9562
vn -0.2006 -0.1006 -0.9745
vn -0.1111 0.0710 -0.9913
vn 0.2208 0.0896 -0.9712
vn 0.3791 0.1923 -0.9052
vn 0.5386 0.0971 -0.8370
vn 0.7973 0.0990 -0.5954
vn 0.8589 0.0710 -0.5072
vn 0.8514 0.0917 -0.5165
vn 0.9708 0.0950 -0.2203
vn 0.9708 0.2398 0.0001
vn 0.9788 0.0442 0.2000
vn 0.8622 0.2063 0.4626
vn 0.8522 0.0214 0.5228
vn 0.6244 0.1266 0.7708
vn 0.4857 0.0437 0.8730
vn 0.5450 0.1544 0.8241
vn 0.2133 0.1401 0.9669
vn -0.0028 0.9958 0.0911
vn -0.0535 0.9927 0.1083
vn -0.0489 0.9945 0.0924
vn -0.0388 0.9909 0.1285
vn -0.0639 0.9959 0.0639
vn -0.1201 0.9908 0.0621
vn -0.0905 0.9954 0.0315
vn -0.1317 0.9913 0.0041
vn -0.1035 0.9946 -0.0043
vn -0.1261 0.9918 -0.0211
vn -0.0934 0.9946 -0.0442
vn -0.1001 0.9915 -0.0829
vn -0.0736 0.9940 -0.0804
vn -0.0430 0.9922 -0.1167
vn 0.0202 0.9882 -0.1518
vn -0.0263 0.9891 -0.1448
vn -0.0752 0.9880 -0.1348
vn -0.0055 0.9918 -0.1273
vn 0.0396 0.9939 -0.1033
vn 0.0844 0.9922 -0.0913
vn 0.1397 0.9889 -0.0501
vn 0.1163 0.9910 -0.0656
vn 0.0991 0.9892 -0.1081
vn 0.1148 0.9908 -0.0717
vn 0.1037 0.9946 -0.0001
vn 0.1270 0.9911 0.0390
vn 0.0877 0.9936 0.0716
vn 0.0980 0.9918 0.0819
vn 0.0659 0.9893 0.1302
vn 0.0854 0.9909 0.1045
vn 0.1396 0.9876 0.0719
vn 0.0724 0.9921 0.1026
vn 0.0006 -0.8597 -0.5108
vn 0.0006 -0.7784 -0.6278
vn -0.0782 -0.8606 -0.5032
vn -0.1164 -0.7786 -0.6166
vn -0.1622 -0.8621 -0.4801
vn -0.2299 -0.7791 -0.5832
vn -0.2403 -0.8650 -0.4405
vn -0.3355 -0.7802 -0.5280
vn -0.3103 -0.8679 -0.3880
vn -0.4293 -0.7813 -0.4530
vn -0.3716 -0.8713 -0.3204
vn -0.5080 -0.7825 -0.3600
vn -0.4226 -0.8753 -0.2353
vn -0.5673 -0.7840 -0.2520
vn -0.4584 -0.8789 -0.1322
vn -0.6044 -0.7854 -0.1335
vn -0.4718 -0.8816 -0.0131
vn -0.6171 -0.7869 -0.0094
vn -0.4579 -0.8827 0.1059
vn -0.6048 -0.7881 0.1147
vn -0.4218 -0.8823 0.2090
vn -0.5682 -0.7891 0.2335
vn -0.3703 -0.8812 0.2938
vn -0.5091 -0.7899 0.3419
vn -0.3090 -0.8801 0.3605
vn -0.4306 -0.7906 0.4353
vn -0.2392 -0.8788 0.4128
vn -0.3365 -0.7910 0.5110
vn -0.1610 -0.8772 0.4523
vn -0.2303 -0.7911 0.5667
vn -0.0772 -0.8766 0.4750
vn -0.1163 -0.7913 0.6003
vn 0.0014 -0.8759 0.4824
vn 0.0011 -0.7912 0.6115
vn 0.0799 -0.8764 0.4749
vn 0.1190 -0.7909 0.6003
vn 0.1638 -0.8769 0.4519
vn 0.2329 -0.7907 0.5661
vn 0.2420 -0.8784 0.4122
vn 0.3389 -0.7902 0.5106
vn 0.3120 -0.8794 0.3596
vn 0.4331 -0.7897 0.4346
vn 0.3731 -0.8806 0.2922
vn 0.5114 -0.7889 0.3407
vn 0.4241 -0.8815 0.2075
vn 0.5703 -0.7880 0.2321
vn 0.4604 -0.8815 0.1048
vn 0.6065 -0.7870 0.1133
vn 0.4742 -0.8803 -0.0142
vn 0.6185 -0.7857 -0.0107
vn 0.4605 -0.8776 -0.1333
vn 0.6054 -0.7844 -0.1350
vn 0.4243 -0.8742 -0.2361
vn 0.5679 -0.7831 -0.2533
vn 0.3733 -0.8704 -0.3209
vn 0.5086 -0.7818 -0.3607
vn 0.3120 -0.8671 -0.3884
vn 0.4302 -0.7806 -0.4535
vn 0.2419 -0.8644 -0.4409
vn 0.3360 -0.7796 -0.5286
vn 0.1638 -0.8617 -0.4803
vn 0.2303 -0.7790 -0.5832
vn 0.0797 -0.8604 -0.5033
vn 0.1175 -0.7785 -0.6165
vn -0.0998 -0.8450 -0.5254
vn 0.0005 -0.8447 -0.5353
vn -0.1965 -0.8460 -0.4957
vn -0.2857 -0.8475 -0.4473
vn -0.3638 -0.8495 -0.3822
vn -0.4283 -0.8515 -0.3025
vn -0.4764 -0.8534 -0.2113
vn -0.5061 -0.8551 -0.1122
vn -0.5163 -0.8564 -0.0090
vn -0.5065 -0.8570 0.0943
vn -0.4772 -0.8572 0.1937
vn -0.4294 -0.8569 0.2854
vn -0.3650 -0.8562 0.3656
vn -0.2866 -0.8554 0.4314
vn -0.1969 -0.8547 0.4803
vn -0.0997 -0.8543 0.5102
vn 0.0011 -0.8540 0.5202
vn 0.1022 -0.8540 0.5101
vn 0.1994 -0.8544 0.4799
vn 0.2888 -0.8549 0.4310
vn 0.3673 -0.8555 0.3650
vn 0.4315 -0.8560 0.2846
vn 0.4791 -0.8563 0.1928
vn 0.5082 -0.8562 0.0933
vn 0.5177 -0.8555 -0.0099
vn 0.5071 -0.8544 -0.1132
vn 0.4772 -0.8528 -0.2121
vn 0.4291 -0.8510 -0.3029
vn 0.3646 -0.8490 -0.3824
vn 0.2862 -0.8472 -0.4475
vn 0.1971 -0.8459 -0.4956
vn 0.1008 -0.8450 -0.5252
vn 0.0002 -0.7254 -0.6883
vn -0.1199 -0.7258 -0.6773
vn -0.1297 -0.7038 -0.6985
vn 0.0003 -0.7034 -0.7108
vn -0.2392 -0.7268 -0.6438
vn -0.2563 -0.7042 -0.6621
vn -0.3527 -0.7286 -0.5872
vn -0.3758 -0.7050 -0.6015
vn -0.4557 -0.7305 -0.5086
vn -0.4833 -0.7061 -0.5176
vn -0.5433 -0.7323 -0.4105
vn -0.5736 -0.7074 -0.4129
vn -0.6127 -0.7343 -0.2921
vn -0.6428 -0.7090 -0.2899
vn -0.6585 -0.7362 -0.1560
vn -0.6865 -0.7108 -0.1531
vn -0.6744 -0.7383 -0.0102
vn -0.7012 -0.7129 -0.0095
vn -0.6579 -0.7408 0.1356
vn -0.6861 -0.7150 0.1342
vn -0.6115 -0.7433 0.2713
vn -0.6421 -0.7171 0.2710
vn -0.5417 -0.7451 0.3891
vn -0.5728 -0.7191 0.3936
vn -0.4541 -0.7464 0.4865
vn -0.4824 -0.7207 0.4979
vn -0.3511 -0.7469 0.5646
vn -0.3747 -0.7220 0.5817
vn -0.2377 -0.7470 0.6209
vn -0.2552 -0.7229 0.6421
vn -0.1185 -0.7471 0.6540
vn -0.1286 -0.7235 0.6783
vn 0.0012 -0.7470 0.6648
vn 0.0013 -0.7235 0.6903
vn 0.1209 -0.7468 0.6540
vn 0.1311 -0.7231 0.6781
vn 0.2400 -0.7464 0.6207
vn 0.2576 -0.7222 0.6419
vn 0.3533 -0.7461 0.5643
vn 0.3771 -0.7209 0.5815
vn 0.4563 -0.7454 0.4860
vn 0.4848 -0.7194 0.4975
vn 0.5439 -0.7439 0.3883
vn 0.5752 -0.7176 0.3928
vn 0.6136 -0.7418 0.2704
vn 0.6445 -0.7155 0.2696
vn 0.6599 -0.7392 0.1346
vn 0.6881 -0.7133 0.1328
vn 0.6762 -0.7366 -0.0112
vn 0.7029 -0.7112 -0.0107
vn 0.6602 -0.7345 -0.1572
vn 0.6880 -0.7091 -0.1543
vn 0.6141 -0.7327 -0.2932
vn 0.6441 -0.7073 -0.2911
vn 0.5444 -0.7309 -0.4115
vn 0.5748 -0.7059 -0.4139
vn 0.4567 -0.7294 -0.5094
vn 0.4842 -0.7048 -0.5185
vn 0.3535 -0.7277 -0.5878
vn 0.3764 -0.7039 -0.6024
vn 0.2401 -0.7262 -0.6441
vn 0.2569 -0.7034 -0.6628
vn 0.1206 -0.7255 -0.6775
vn 0.1304 -0.7033 -0.6989
vn -0.1922 0.0719 -0.9787
vn -0.0009 0.0713 -0.9975
vn -0.3767 0.0737 -0.9234
vn -0.5478 0.0760 -0.8331
vn -0.6992 0.0781 -0.7107
vn -0.8246 0.0794 -0.5601
vn -0.9188 0.0797 -0.3865
vn -0.9773 0.0790 -0.1967
vn -0.9970 0.0773 0.0016
vn -0.9770 0.0748 0.1998
vn -0.9182 0.0715 0.3896
vn -0.8237 0.0675 0.5629
vn -0.6980 0.0630 0.7133
vn -0.5465 0.0583 0.8354
vn -0.3752 0.0541 0.9253
vn -0.1906 0.0511 0.9803
vn 0.0007 0.0502 0.9987
vn 0.1921 0.0515 0.9800
vn 0.3766 0.0548 0.9248
vn 0.5477 0.0594 0.8346
vn 0.6990 0.0643 0.7122
vn 0.8245 0.0690 0.5616
vn 0.9187 0.0732 0.3881
vn 0.9771 0.0766 0.1983
vn 0.9969 0.0792 -0.0000
vn 0.9768 0.0808 -0.1982
vn 0.9181 0.0814 -0.3879
vn 0.8236 0.0809 -0.5614
vn 0.6979 0.0794 -0.7118
vn 0.5464 0.0770 -0.8340
vn 0.3751 0.0744 -0.9240
vn 0.1905 0.0722 -0.9790
vn -0.1017 0.8555 -0.5078
vn -0.0012 0.8547 -0.5190
vn -0.1971 0.8576 -0.4750
vn -0.2832 0.8607 -0.4230
vn -0.3567 0.8641 -0.3551
vn -0.4157 0.8671 -0.2747
vn -0.4586 0.8692 -0.1850
vn -0.4846 0.8702 -0.0892
vn -0.4933 0.8698 0.0096
vn -0.4845 0.8681 0.1083
vn -0.4583 0.8651 0.2040
vn -0.4152 0.8610 0.2936
vn -0.3562 0.8564 0.3739
vn -0.2825 0.8516 0.4416
vn -0.1963 0.8474 0.4933
vn -0.1009 0.8445 0.5259
vn -0.0004 0.8436 0.5370
vn 0.1001 0.8447 0.5257
vn 0.1955 0.8478 0.4930
vn 0.2816 0.8521 0.4411
vn 0.3551 0.8570 0.3733
vn 0.4141 0.8618 0.2930
vn 0.4570 0.8659 0.2033
vn 0.4830 0.8690 0.1076
vn 0.4917 0.8707 0.0088
vn 0.4828 0.8711 -0.0900
vn 0.4567 0.8701 -0.1857
vn 0.4136 0.8678 -0.2753
vn 0.3546 0.8647 -0.3557
vn 0.2809 0.8613 -0.4235
vn 0.1948 0.8580 -0.4753
vn 0.0993 0.8557 -0.5079
vn 0.0018 0.9994 0.0359
vn -0.0846 0.9069 -0.4127
vn -0.0008 0.9994 0.0350
vn -0.0012 0.9065 -0.4223
vn 0.0090 0.9993 0.0373
vn -0.1625 0.9082 -0.3857
vn 0.0147 0.9991 0.0396
vn -0.2335 0.9099 -0.3428
vn 0.0230 0.9990 0.0377
vn -0.2934 0.9115 -0.2882
vn 0.0318 0.9989 0.0354
vn -0.3422 0.9130 -0.2221
vn 0.0381 0.9988 0.0294
vn -0.3776 0.9138 -0.1494
vn 0.0441 0.9989 0.0185
vn -0.3994 0.9140 -0.0716
vn 0.0452 0.9989 0.0129
vn -0.4067 0.9135 0.0107
vn 0.0429 0.9991 -0.0006
vn -0.3992 0.9124 0.0907
vn 0.0389 0.9992 -0.0083
vn -0.3776 0.9104 0.1690
vn 0.0321 0.9994 -0.0126
vn -0.3415 0.9080 0.2428
vn 0.0220 0.9996 -0.0181
vn -0.2932 0.9054 0.3072
vn 0.0155 0.9997 -0.0178
vn -0.2327 0.9024 0.3627
vn 0.0081 0.9998 -0.0164
vn -0.1621 0.8998 0.4050
vn 0.0025 0.9999 -0.0148
vn -0.0838 0.8980 0.4319
vn -0.0010 0.9999 -0.0136
vn -0.0005 0.8973 0.4414
vn -0.0044 0.9999 -0.0148
vn 0.0828 0.8982 0.4318
vn -0.0101 0.9998 -0.0163
vn 0.1610 0.9001 0.4048
vn -0.0174 0.9997 -0.0178
vn 0.2316 0.9028 0.3623
vn -0.0239 0.9996 -0.0181
vn 0.2920 0.9059 0.3067
vn -0.0341 0.9993 -0.0125
vn 0.3402 0.9086 0.2423
vn -0.0408 0.9991 -0.0083
vn 0.3761 0.9111 0.1684
vn -0.0448 0.9990 -0.0005
vn 0.3976 0.9131 0.0901
vn -0.0471 0.9988 0.0129
vn 0.4050 0.9143 0.0100
vn -0.0459 0.9988 0.0187
vn 0.3976 0.9147 -0.0722
vn -0.0399 0.9988 0.0294
vn 0.3756 0.9145 -0.1500
vn -0.0336 0.9988 0.0354
vn 0.3401 0.9136 -0.2227
vn -0.0248 0.9990 0.0377
vn 0.2913 0.9120 -0.2887
vn -0.0164 0.9991 0.0397
vn 0.2312 0.9104 -0.3432
vn -0.0109 0.9992 0.0373
vn 0.1602 0.9085 -0.3860
vn -0.0036 0.9994 0.0358
vn 0.0822 0.9071 -0.4128
vn 0.0013 -0.9999 -0.0153
vn 0.0448 0.9652 0.2577
vn -0.0006 0.9651 0.2620
vn 0.0942 0.9650 0.2447
vn 0.1358 0.9647 0.2258
vn 0.1775 0.9647 0.1946
vn 0.2124 0.9642 0.1590
vn 0.2380 0.9646 0.1136
vn 0.2572 0.9644 0.0609
vn 0.2620 0.9650 0.0133
vn 0.2547 0.9660 -0.0449
vn 0.2390 0.9664 -0.0945
vn 0.2128 0.9676 -0.1356
vn 0.1750 0.9686 -0.1763
vn 0.1365 0.9694 -0.2042
vn 0.0924 0.9702 -0.2242
vn 0.0454 0.9705 -0.2368
vn -0.0011 0.9706 -0.2405
vn -0.0475 0.9704 -0.2368
vn -0.0946 0.9700 -0.2240
vn -0.1387 0.9691 -0.2040
vn -0.1771 0.9683 -0.1761
vn -0.2149 0.9672 -0.1352
vn -0.2410 0.9660 -0.0941
vn -0.2566 0.9655 -0.0444
vn -0.2639 0.9645 0.0137
vn -0.2589 0.9640 0.0615
vn -0.2397 0.9641 0.1140
vn -0.2140 0.9638 0.1592
vn -0.1791 0.9643 0.1949
vn -0.1372 0.9644 0.2260
vn -0.0956 0.9648 0.2449
vn -0.0464 0.9651 0.2577
vn -0.0010 0.9999 0.0112
vn 0.0005 -0.8318 0.5550
vn 0.0010 -0.9473 0.3204
vn -0.1080 -0.8319 0.5444
vn -0.0622 -0.9473 0.3142
vn -0.2123 -0.8318 0.5129
vn -0.1246 -0.9460 0.2992
vn -0.3085 -0.8317 0.4617
vn -0.1786 -0.9477 0.2645
vn -0.3932 -0.8315 0.3924
vn -0.2243 -0.9490 0.2215
vn -0.4624 -0.8315 0.3079
vn -0.2713 -0.9458 0.1785
vn -0.5136 -0.8315 0.2118
vn -0.2989 -0.9466 0.1207
vn -0.5452 -0.8314 0.1075
vn -0.3169 -0.9466 0.0598
vn -0.5558 -0.8313 -0.0010
vn -0.3228 -0.9465 -0.0034
vn -0.5452 -0.8311 -0.1095
vn -0.3164 -0.9463 -0.0665
vn -0.5135 -0.8310 -0.2138
vn -0.2979 -0.9461 -0.1271
vn -0.4621 -0.8309 -0.3099
vn -0.2683 -0.9457 -0.1832
vn -0.3930 -0.8307 -0.3942
vn -0.2277 -0.9457 -0.2319
vn -0.3085 -0.8307 -0.4635
vn -0.1782 -0.9458 -0.2714
vn -0.2105 -0.8308 -0.5153
vn -0.1212 -0.9466 -0.2986
vn -0.1067 -0.8307 -0.5464
vn -0.0628 -0.9450 -0.3210
vn 0.0010 -0.8321 -0.5547
vn 0.0008 -0.9492 -0.3148
vn 0.1064 -0.8330 -0.5429
vn 0.0629 -0.9416 -0.3308
vn 0.2073 -0.8324 -0.5139
vn 0.1171 -0.9479 -0.2962
vn 0.3066 -0.8312 -0.4638
vn 0.1763 -0.9467 -0.2694
vn 0.3927 -0.8309 -0.3943
vn 0.2282 -0.9455 -0.2321
vn 0.4619 -0.8309 -0.3104
vn 0.2690 -0.9454 -0.1838
vn 0.5136 -0.8308 -0.2144
vn 0.2988 -0.9458 -0.1276
vn 0.5457 -0.8308 -0.1099
vn 0.3182 -0.9457 -0.0669
vn 0.5564 -0.8309 -0.0014
vn 0.3242 -0.9460 -0.0037
vn 0.5458 -0.8311 0.1071
vn 0.3184 -0.9461 0.0594
vn 0.5142 -0.8312 0.2114
vn 0.2998 -0.9464 0.1199
vn 0.4629 -0.8314 0.3076
vn 0.2703 -0.9465 0.1762
vn 0.3937 -0.8315 0.3920
vn 0.2299 -0.9467 0.2254
vn 0.3095 -0.8316 0.4612
vn 0.1809 -0.9469 0.2657
vn 0.2133 -0.8317 0.5126
vn 0.1249 -0.9471 0.2956
vn 0.1090 -0.8318 0.5443
vn 0.0642 -0.9472 0.3141
vn 0.0005 -0.8065 0.5913
vn -0.1147 -0.8066 0.5799
vn -0.2261 -0.8067 0.5460
vn -0.3288 -0.8065 0.4913
vn -0.4184 -0.8064 0.4179
vn -0.4921 -0.8063 0.3282
vn -0.5469 -0.8062 0.2258
vn -0.5807 -0.8060 0.1147
vn -0.5921 -0.8059 -0.0009
vn -0.5808 -0.8057 -0.1165
vn -0.5471 -0.8055 -0.2276
vn -0.4923 -0.8053 -0.3303
vn -0.4189 -0.8051 -0.4200
vn -0.3292 -0.8050 -0.4935
vn -0.2248 -0.8051 -0.5489
vn -0.1145 -0.8044 -0.5829
vn -0.0012 -0.8044 -0.5940
vn 0.1149 -0.8044 -0.5829
vn 0.2256 -0.8044 -0.5496
vn 0.3283 -0.8048 -0.4945
vn 0.4189 -0.8049 -0.4202
vn 0.4927 -0.8051 -0.3303
vn 0.5475 -0.8052 -0.2279
vn 0.5813 -0.8053 -0.1169
vn 0.5927 -0.8054 -0.0013
vn 0.5813 -0.8056 0.1142
vn 0.5477 -0.8058 0.2254
vn 0.4930 -0.8059 0.3278
vn 0.4193 -0.8061 0.4176
vn 0.3296 -0.8062 0.4913
vn 0.2272 -0.8063 0.5461
vn 0.1161 -0.8064 0.5798
vn 0.0005 -0.5889 0.8082
vn -0.1555 -0.5900 0.7923
vn -0.3084 -0.5915 0.7450
vn -0.4496 -0.5897 0.6709
vn -0.5716 -0.5889 0.5714
vn -0.6723 -0.5887 0.4488
vn -0.7471 -0.5885 0.3091
vn -0.7932 -0.5883 0.1573
vn -0.8088 -0.5881 -0.0005
vn -0.7933 -0.5879 -0.1583
vn -0.7473 -0.5877 -0.3102
vn -0.6724 -0.5875 -0.4502
vn -0.5723 -0.5868 -0.5729
vn -0.4499 -0.5866 -0.6734
vn -0.3092 -0.5869 -0.7483
vn -0.1574 -0.5876 -0.7937
vn -0.0002 -0.5879 -0.8089
vn 0.1574 -0.5871 -0.7941
vn 0.3085 -0.5871 -0.7484
vn 0.4483 -0.5872 -0.6739
vn 0.5715 -0.5876 -0.5728
vn 0.6727 -0.5873 -0.4499
vn 0.7476 -0.5870 -0.3106
vn 0.7936 -0.5873 -0.1589
vn 0.8092 -0.5875 -0.0011
vn 0.7937 -0.5877 0.1567
vn 0.7477 -0.5880 0.3085
vn 0.6730 -0.5882 0.4484
vn 0.5724 -0.5884 0.5710
vn 0.4499 -0.5886 0.6717
vn 0.3101 -0.5887 0.7465
vn 0.1584 -0.5888 0.7926
vn 0.0005 -0.2654 0.9641
vn -0.1860 -0.2651 0.9461
vn -0.3666 -0.2685 0.8908
vn -0.5362 -0.2652 0.8013
vn -0.6815 -0.2655 0.6819
vn -0.8017 -0.2652 0.5357
vn -0.8908 -0.2649 0.3691
vn -0.9458 -0.2647 0.1882
vn -0.9644 -0.2644 -0.0000
vn -0.9460 -0.2641 -0.1882
vn -0.8911 -0.2639 -0.3692
vn -0.8019 -0.2635 -0.5362
vn -0.6819 -0.2627 -0.6827
vn -0.5368 -0.2619 -0.8020
vn -0.3698 -0.2623 -0.8913
vn -0.1884 -0.2621 -0.9465
vn -0.0004 -0.2624 -0.9649
vn 0.1880 -0.2629 -0.9463
vn 0.3686 -0.2629 -0.8917
vn 0.5350 -0.2629 -0.8029
vn 0.6817 -0.2641 -0.6823
vn 0.8023 -0.2631 -0.5359
vn 0.8911 -0.2632 -0.3698
vn 0.9460 -0.2634 -0.1889
vn 0.9646 -0.2637 -0.0007
vn 0.9461 -0.2640 0.1875
vn 0.8913 -0.2643 0.3684
vn 0.8022 -0.2646 0.5352
vn 0.6824 -0.2648 0.6814
vn 0.5363 -0.2650 0.8014
vn 0.3695 -0.2652 0.8906
vn 0.1886 -0.2653 0.9455
vn 0.0005 -0.0914 0.9958
vn -0.1935 -0.0907 0.9769
vn -0.3811 -0.0904 0.9201
vn -0.5531 -0.0910 0.8282
vn -0.7039 -0.0912 0.7044
vn -0.8278 -0.0911 0.5535
vn -0.9200 -0.0909 0.3813
vn -0.9767 -0.0906 0.1945
vn -0.9959 -0.0902 0.0003
vn -0.9769 -0.0900 -0.1940
vn -0.9202 -0.0897 -0.3809
vn -0.8279 -0.0888 -0.5538
vn -0.7046 -0.0875 -0.7042
vn -0.5549 -0.0880 -0.8272
vn -0.3816 -0.0887 -0.9201
vn -0.1952 -0.0881 -0.9768
vn -0.0008 -0.0884 -0.9961
vn 0.1941 -0.0883 -0.9770
vn 0.3808 -0.0882 -0.9204
vn 0.5526 -0.0882 -0.8288
vn 0.7041 -0.0884 -0.7046
vn 0.8282 -0.0886 -0.5534
vn 0.9200 -0.0890 -0.3816
vn 0.9768 -0.0893 -0.1948
vn 0.9960 -0.0895 -0.0005
vn 0.9769 -0.0898 0.1938
vn 0.9203 -0.0901 0.3807
vn 0.8283 -0.0903 0.5529
vn 0.7045 -0.0906 0.7039
vn 0.5537 -0.0908 0.8278
vn 0.3815 -0.0910 0.9199
vn 0.1947 -0.0912 0.9766
vn 0.0006 -0.2138 0.9769
vn -0.1902 -0.2139 0.9582
vn -0.3735 -0.2141 0.9026
vn -0.5425 -0.2140 0.8123
vn -0.6907 -0.2137 0.6908
vn -0.8122 -0.2134 0.5429
vn -0.9026 -0.2132 0.3740
vn -0.9583 -0.2130 0.1907
vn -0.9771 -0.2127 0.0001
vn -0.9584 -0.2125 -0.1906
vn -0.9029 -0.2122 -0.3739
vn -0.8115 -0.2106 -0.5451
vn -0.6921 -0.2098 -0.6907
vn -0.5458 -0.2102 -0.8111
vn -0.3743 -0.2120 -0.9027
vn -0.1911 -0.2116 -0.9585
vn -0.0006 -0.2110 -0.9775
vn 0.1905 -0.2109 -0.9588
vn 0.3736 -0.2113 -0.9032
vn 0.5423 -0.2109 -0.8133
vn 0.6909 -0.2107 -0.6916
vn 0.8125 -0.2111 -0.5434
vn 0.9027 -0.2115 -0.3746
vn 0.9584 -0.2117 -0.1913
vn 0.9773 -0.2120 -0.0007
vn 0.9586 -0.2123 0.1900
vn 0.9030 -0.2125 0.3733
vn 0.8128 -0.2128 0.5423
vn 0.6913 -0.2130 0.6904
vn 0.5433 -0.2133 0.8120
vn 0.3744 -0.2135 0.9024
vn 0.1911 -0.2136 0.9580
vn 0.0007 -0.2793 0.9602
vn -0.1868 -0.2795 0.9418
vn -0.3659 -0.2807 0.8873
vn -0.5329 -0.2818 0.7979
vn -0.6794 -0.2802 0.6782
vn -0.7984 -0.2791 0.5336
vn -0.8872 -0.2789 0.3675
vn -0.9419 -0.2787 0.1874
vn -0.9605 -0.2784 -0.0000
vn -0.9421 -0.2782 -0.1874
vn -0.8875 -0.2779 -0.3676
vn -0.7969 -0.2776 -0.5366
vn -0.6808 -0.2761 -0.6784
vn -0.5376 -0.2773 -0.7963
vn -0.3677 -0.2774 -0.8876
vn -0.1875 -0.2771 -0.9424
vn 0.0013 -0.2745 -0.9616
vn 0.1873 -0.2723 -0.9438
vn 0.3658 -0.2748 -0.8892
vn 0.5333 -0.2770 -0.7993
vn 0.6791 -0.2768 -0.6799
vn 0.7986 -0.2770 -0.5343
vn 0.8874 -0.2772 -0.3683
vn 0.9421 -0.2774 -0.1881
vn 0.9607 -0.2777 -0.0008
vn 0.9423 -0.2780 0.1867
vn 0.8877 -0.2782 0.3669
vn 0.7990 -0.2785 0.5330
vn 0.6796 -0.2788 0.6786
vn 0.5341 -0.2790 0.7981
vn 0.3680 -0.2792 0.8869
vn 0.1879 -0.2793 0.9416
vn 0.0005 -0.0950 0.9955
vn -0.1938 -0.0949 0.9764
vn -0.3789 -0.0948 0.9206
vn -0.5515 -0.0962 0.8286
vn -0.7047 -0.0945 0.7032
vn -0.8276 -0.0943 0.5533
vn -0.9197 -0.0941 0.3813
vn -0.9764 -0.0940 0.1945
vn -0.9956 -0.0939 0.0003
vn -0.9765 -0.0937 -0.1940
vn -0.9199 -0.0935 -0.3808
vn -0.8267 -0.0944 -0.5546
vn -0.7049 -0.0951 -0.7029
vn -0.5558 -0.0945 -0.8259
vn -0.3813 -0.0926 -0.9198
vn -0.1944 -0.0925 -0.9765
vn 0.0027 -0.0925 -0.9957
vn 0.1928 -0.0907 -0.9770
vn 0.3775 -0.0923 -0.9214
vn 0.5529 -0.0924 -0.8281
vn 0.7038 -0.0925 -0.7044
vn 0.8277 -0.0926 -0.5535
vn 0.9197 -0.0928 -0.3815
vn 0.9764 -0.0931 -0.1947
vn 0.9956 -0.0933 -0.0005
vn 0.9766 -0.0936 0.1938
vn 0.9200 -0.0939 0.3806
vn 0.8281 -0.0941 0.5527
vn 0.7043 -0.0944 0.7036
vn 0.5535 -0.0947 0.8275
vn 0.3814 -0.0949 0.9195
vn 0.1947 -0.0950 0.9763
vn 0.0011 -0.2181 0.9759
vn -0.1893 -0.2191 0.9572
vn -0.3729 -0.2182 0.9019
vn -0.5426 -0.2166 0.8116
vn -0.6903 -0.2169 0.6902
vn -0.8114 -0.2174 0.5426
vn -0.9017 -0.2174 0.3738
vn -0.9573 -0.2172 0.1906
vn -0.9761 -0.2171 0.0003
vn -0.9574 -0.2171 -0.1903
vn -0.9018 -0.2166 -0.3738
vn -0.8114 -0.2166 -0.5428
vn -0.6902 -0.2175 -0.6902
vn -0.5431 -0.2167 -0.8112
vn -0.3738 -0.2154 -0.9022
vn -0.1906 -0.2151 -0.9578
vn 0.0012 -0.2167 -0.9762
vn 0.1901 -0.2185 -0.9571
vn 0.3716 -0.2168 -0.9027
vn 0.5422 -0.2149 -0.8123
vn 0.6902 -0.2150 -0.6909
vn 0.8116 -0.2152 -0.5431
vn 0.9018 -0.2156 -0.3744
vn 0.9574 -0.2162 -0.1913
vn 0.9763 -0.2165 -0.0005
vn 0.9576 -0.2165 0.1900
vn 0.9022 -0.2166 0.3730
vn 0.8120 -0.2169 0.5418
vn 0.6906 -0.2172 0.6898
vn 0.5427 -0.2173 0.8114
vn 0.3741 -0.2173 0.9016
vn 0.1910 -0.2174 0.9572
vn 0.0030 -0.5897 0.8076
vn -0.1553 -0.5904 0.7920
vn -0.3098 -0.5896 0.7459
vn -0.4487 -0.5897 0.6715
vn -0.5701 -0.5903 0.5714
vn -0.6705 -0.5906 0.4490
vn -0.7450 -0.5912 0.3091
vn -0.7911 -0.5913 0.1569
vn -0.8063 -0.5916 -0.0000
vn -0.7918 -0.5901 -0.1578
vn -0.7446 -0.5910 -0.3104
vn -0.6699 -0.5913 -0.4490
vn -0.5707 -0.5897 -0.5714
vn -0.4486 -0.5884 -0.6727
vn -0.3087 -0.5878 -0.7478
vn -0.1571 -0.5873 -0.7940
vn 0.0004 -0.5871 -0.8095
vn 0.1575 -0.5871 -0.7940
vn 0.3088 -0.5876 -0.7479
vn 0.4484 -0.5882 -0.6730
vn 0.5709 -0.5890 -0.5720
vn 0.6704 -0.5899 -0.4501
vn 0.7440 -0.5913 -0.3110
vn 0.7905 -0.5914 -0.1590
vn 0.8064 -0.5914 -0.0004
vn 0.7902 -0.5924 0.1571
vn 0.7452 -0.5913 0.3082
vn 0.6714 -0.5906 0.4477
vn 0.5710 -0.5901 0.5708
vn 0.4485 -0.5908 0.6707
vn 0.3093 -0.5905 0.7454
vn 0.1577 -0.5895 0.7922
vn 0.0020 0.1517 0.9884
vn -0.1915 0.1469 0.9704
vn -0.3795 0.1525 0.9126
vn -0.5498 0.1510 0.8215
vn -0.6993 0.1495 0.6991
vn -0.8221 0.1500 0.5493
vn -0.9135 0.1479 0.3789
vn -0.9699 0.1475 0.1935
vn -0.9888 0.1491 0.0014
vn -0.9701 0.1485 -0.1919
vn -0.9137 0.1482 -0.3785
vn -0.8231 0.1478 -0.5483
vn -0.7006 0.1505 -0.6975
vn -0.5504 0.1516 -0.8210
vn -0.3793 0.1525 -0.9126
vn -0.1938 0.1531 -0.9690
vn -0.0008 0.1538 -0.9881
vn 0.1928 0.1536 -0.9691
vn 0.3787 0.1526 -0.9128
vn 0.5497 0.1517 -0.8215
vn 0.6996 0.1501 -0.6986
vn 0.8226 0.1528 -0.5477
vn 0.9143 0.1464 -0.3777
vn 0.9700 0.1473 -0.1933
vn 0.9892 0.1469 0.0006
vn 0.9702 0.1465 0.1928
vn 0.9143 0.1478 0.3772
vn 0.8223 0.1503 0.5488
vn 0.6996 0.1480 0.6991
vn 0.5505 0.1503 0.8212
vn 0.3796 0.1478 0.9133
vn 0.1931 0.1516 0.9694
vn -0.0004 0.2109 0.9775
vn -0.1903 0.2098 0.9590
vn -0.3730 0.2101 0.9037
vn -0.5430 0.2100 0.8130
vn -0.6912 0.2098 0.6915
vn -0.8127 0.2112 0.5431
vn -0.9032 0.2103 0.3743
vn -0.9587 0.2101 0.1918
vn -0.9776 0.2106 0.0010
vn -0.9589 0.2106 -0.1899
vn -0.9035 0.2109 -0.3731
vn -0.8135 0.2117 -0.5416
vn -0.6921 0.2122 -0.6899
vn -0.5438 0.2128 -0.8118
vn -0.3750 0.2132 -0.9022
vn -0.1917 0.2137 -0.9579
vn -0.0007 0.2137 -0.9769
vn 0.1903 0.2132 -0.9583
vn 0.3741 0.2132 -0.9026
vn 0.5431 0.2131 -0.8122
vn 0.6906 0.2116 -0.6916
vn 0.8134 0.2113 -0.5419
vn 0.9037 0.2122 -0.3718
vn 0.9589 0.2107 -0.1903
vn 0.9776 0.2105 -0.0000
vn 0.9591 0.2101 0.1899
vn 0.9039 0.2093 0.3731
vn 0.8130 0.2084 0.5437
vn 0.6910 0.2116 0.6912
vn 0.5442 0.2094 0.8124
vn 0.3744 0.2110 0.9030
vn 0.1907 0.2111 0.9587
vn 0.0011 -0.6101 0.7923
vn -0.1530 -0.6106 0.7770
vn -0.3015 -0.6112 0.7318
vn -0.4383 -0.6115 0.6587
vn -0.5583 -0.6116 0.5606
vn -0.6573 -0.6115 0.4406
vn -0.7309 -0.6114 0.3032
vn -0.7762 -0.6113 0.1545
vn -0.7915 -0.6111 -0.0003
vn -0.7764 -0.6109 -0.1550
vn -0.7315 -0.6101 -0.3044
vn -0.6587 -0.6091 -0.4417
vn -0.5600 -0.6092 -0.5615
vn -0.4393 -0.6092 -0.6602
vn -0.3025 -0.6086 -0.7336
vn -0.1539 -0.6082 -0.7787
vn 0.0004 -0.6079 -0.7940
vn 0.1540 -0.6081 -0.7788
vn 0.3022 -0.6085 -0.7338
vn 0.4389 -0.6091 -0.6606
vn 0.5583 -0.6103 -0.5620
vn 0.6590 -0.6090 -0.4414
vn 0.7335 -0.6070 -0.3059
vn 0.7774 -0.6090 -0.1571
vn 0.7916 -0.6110 -0.0008
vn 0.7761 -0.6116 0.1540
vn 0.7304 -0.6122 0.3029
vn 0.6571 -0.6121 0.4400
vn 0.5590 -0.6113 0.5602
vn 0.4394 -0.6111 0.6583
vn 0.3020 -0.6110 0.7318
vn 0.1540 -0.6101 0.7772
vn 0.0004 0.2171 0.9762
vn -0.1904 0.2163 0.9576
vn -0.3735 0.2157 0.9022
vn -0.5422 0.2154 0.8122
vn -0.6902 0.2154 0.6909
vn -0.8117 0.2148 0.5431
vn -0.9020 0.2149 0.3745
vn -0.9577 0.2149 0.1914
vn -0.9766 0.2151 0.0009
vn -0.9579 0.2155 -0.1895
vn -0.9025 0.2162 -0.3724
vn -0.8116 0.2205 -0.5409
vn -0.6910 0.2174 -0.6894
vn -0.5433 0.2178 -0.8108
vn -0.3745 0.2191 -0.9010
vn -0.1915 0.2190 -0.9567
vn -0.0007 0.2198 -0.9755
vn 0.1903 0.2198 -0.9568
vn 0.3737 0.2195 -0.9012
vn 0.5424 0.2196 -0.8109
vn 0.6905 0.2173 -0.6899
vn 0.8127 0.2175 -0.5405
vn 0.9009 0.2243 -0.3715
vn 0.9573 0.2166 -0.1913
vn 0.9765 0.2155 0.0003
vn 0.9577 0.2153 0.1907
vn 0.9023 0.2150 0.3738
vn 0.8122 0.2150 0.5423
vn 0.6904 0.2165 0.6903
vn 0.5426 0.2158 0.8118
vn 0.3740 0.2159 0.9020
vn 0.1908 0.2173 0.9573
vn -0.0004 0.8892 0.4576
vn -0.0909 0.8889 0.4489
vn -0.1767 0.8888 0.4229
vn -0.2556 0.8887 0.3807
vn -0.3250 0.8885 0.3239
vn -0.3820 0.8883 0.2548
vn -0.4241 0.8883 0.1764
vn -0.4503 0.8882 0.0907
vn -0.4592 0.8883 0.0014
vn -0.4503 0.8885 -0.0877
vn -0.4240 0.8891 -0.1724
vn -0.3810 0.8898 -0.2511
vn -0.3245 0.8897 -0.3211
vn -0.2562 0.8898 -0.3777
vn -0.1769 0.8902 -0.4198
vn -0.0914 0.8904 -0.4460
vn -0.0013 0.8905 -0.4549
vn 0.0897 0.8905 -0.4460
vn 0.1763 0.8905 -0.4195
vn 0.2555 0.8902 -0.3771
vn 0.3250 0.8896 -0.3208
vn 0.3816 0.8893 -0.2519
vn 0.4233 0.8893 -0.1729
vn 0.4495 0.8890 -0.0874
vn 0.4588 0.8886 0.0012
vn 0.4501 0.8884 0.0903
vn 0.4243 0.8883 0.1756
vn 0.3824 0.8884 0.2539
vn 0.3247 0.8888 0.3235
vn 0.2550 0.8888 0.3808
vn 0.1768 0.8890 0.4225
vn 0.0907 0.8892 0.4485
vn -0.0003 0.9441 0.3297
vn -0.0661 0.9440 0.3233
vn -0.1281 0.9438 0.3046
vn -0.1847 0.9437 0.2742
vn -0.2346 0.9437 0.2334
vn -0.2755 0.9436 0.1838
vn -0.3058 0.9435 0.1273
vn -0.3244 0.9436 0.0656
vn -0.3305 0.9438 0.0009
vn -0.3240 0.9439 -0.0632
vn -0.3054 0.9441 -0.1241
vn -0.2753 0.9443 -0.1803
vn -0.2346 0.9444 -0.2302
vn -0.1851 0.9446 -0.2711
vn -0.1281 0.9448 -0.3017
vn -0.0665 0.9449 -0.3205
vn -0.0011 0.9452 -0.3265
vn 0.0651 0.9452 -0.3201
vn 0.1277 0.9451 -0.3010
vn 0.1845 0.9448 -0.2707
vn 0.2338 0.9446 -0.2303
vn 0.2750 0.9444 -0.1803
vn 0.3053 0.9442 -0.1238
vn 0.3239 0.9440 -0.0631
vn 0.3305 0.9438 0.0005
vn 0.3246 0.9436 0.0649
vn 0.3063 0.9435 0.1266
vn 0.2760 0.9436 0.1830
vn 0.2343 0.9437 0.2334
vn 0.1842 0.9437 0.2747
vn 0.1278 0.9438 0.3048
vn 0.0656 0.9440 0.3233
vn -0.0004 0.9750 0.2222
vn -0.0452 0.9749 0.2179
vn -0.0873 0.9748 0.2052
vn -0.1254 0.9748 0.1848
vn -0.1587 0.9747 0.1571
vn -0.1859 0.9748 0.1237
vn -0.2060 0.9748 0.0855
vn -0.2183 0.9749 0.0437
vn -0.2224 0.9750 -0.0001
vn -0.2179 0.9750 -0.0433
vn -0.2055 0.9751 -0.0833
vn -0.1856 0.9752 -0.1203
vn -0.1586 0.9753 -0.1535
vn -0.1261 0.9754 -0.1809
vn -0.0874 0.9755 -0.2020
vn -0.0450 0.9755 -0.2152
vn -0.0005 0.9757 -0.2193
vn 0.0448 0.9757 -0.2146
vn 0.0874 0.9756 -0.2013
vn 0.1249 0.9755 -0.1811
vn 0.1573 0.9754 -0.1545
vn 0.1850 0.9752 -0.1211
vn 0.2058 0.9750 -0.0833
vn 0.2184 0.9749 -0.0431
vn 0.2228 0.9749 -0.0007
vn 0.2188 0.9748 0.0427
vn 0.2065 0.9748 0.0845
vn 0.1860 0.9748 0.1230
vn 0.1581 0.9748 0.1571
vn 0.1245 0.9748 0.1850
vn 0.0862 0.9749 0.2054
vn 0.0442 0.9750 0.2180
vn -0.0005 0.9858 0.1682
vn -0.0346 0.9857 0.1648
vn -0.0667 0.9856 0.1553
vn -0.0957 0.9855 0.1398
vn -0.1210 0.9855 0.1187
vn -0.1416 0.9855 0.0931
vn -0.1566 0.9856 0.0640
vn -0.1659 0.9856 0.0328
vn -0.1693 0.9856 -0.0002
vn -0.1664 0.9855 -0.0332
vn -0.1574 0.9855 -0.0637
vn -0.1425 0.9855 -0.0917
vn -0.1222 0.9856 -0.1165
vn -0.0975 0.9858 -0.1367
vn -0.0675 0.9860 -0.1525
vn -0.0345 0.9861 -0.1628
vn -0.0003 0.9861 -0.1662
vn 0.0352 0.9860 -0.1629
vn 0.0681 0.9858 -0.1532
vn 0.0964 0.9857 -0.1382
vn 0.1208 0.9856 -0.1181
vn 0.1414 0.9856 -0.0928
vn 0.1568 0.9855 -0.0641
vn 0.1662 0.9855 -0.0332
vn 0.1693 0.9856 -0.0008
vn 0.1659 0.9856 0.0318
vn 0.1562 0.9857 0.0632
vn 0.1408 0.9857 0.0924
vn 0.1199 0.9857 0.1182
vn 0.0943 0.9857 0.1395
vn 0.0651 0.9857 0.1552
vn 0.0332 0.9858 0.1649
vn -0.0007 0.9958 0.0918
vn -0.0196 0.9958 0.0899
vn -0.0373 0.9957 0.0847
vn -0.0531 0.9957 0.0763
vn -0.0673 0.9956 0.0648
vn -0.0791 0.9956 0.0504
vn -0.0876 0.9956 0.0340
vn -0.0924 0.9956 0.0178
vn -0.0940 0.9956 0.0011
vn -0.0928 0.9956 -0.0162
vn -0.0882 0.9955 -0.0331
vn -0.0800 0.9956 -0.0493
vn -0.0685 0.9956 -0.0633
vn -0.0545 0.9957 -0.0744
vn -0.0380 0.9958 -0.0828
vn -0.0200 0.9959 -0.0882
vn -0.0007 0.9959 -0.0900
vn 0.0196 0.9959 -0.0881
vn 0.0382 0.9958 -0.0830
vn 0.0541 0.9957 -0.0747
vn 0.0677 0.9957 -0.0634
vn 0.0787 0.9957 -0.0497
vn 0.0866 0.9956 -0.0344
vn 0.0915 0.9957 -0.0176
vn 0.0931 0.9957 -0.0001
vn 0.0914 0.9957 0.0173
vn 0.0863 0.9957 0.0341
vn 0.0779 0.9957 0.0499
vn 0.0663 0.9957 0.0641
vn 0.0520 0.9958 0.0759
vn 0.0357 0.9958 0.0846
vn 0.0180 0.9958 0.0900
vn -0.0004 1.0000 0.0012
vn -0.0723 -0.8122 0.5789
vn -0.0500 -0.5349 0.8434
vn -0.0232 -0.1818 0.9831
vn 0.0059 0.1981 0.9802
vn 0.0343 0.5499 0.8345
vn -0.1754 -0.9531 0.2465
vn -0.2856 -0.7971 0.5320
vn -0.3685 -0.5124 0.7757
vn -0.3972 -0.1535 0.9048
vn -0.3680 0.2263 0.9019
vn -0.2852 0.5740 0.7676
vn -0.1601 0.8390 0.5201
vn -0.0274 0.9723 0.2321
vn -0.2590 -0.9471 0.1894
vn -0.4665 -0.7850 0.4077
vn -0.6360 -0.4920 0.5944
vn -0.7121 -0.1296 0.6900
vn -0.6837 0.2489 0.6861
vn -0.5548 0.5933 0.5833
vn -0.3440 0.8521 0.3944
vn -0.1110 0.9783 0.1749
vn -0.0766 -0.9970 0.0075
vn -0.3144 -0.9435 0.1045
vn -0.5880 -0.7789 0.2183
vn -0.8156 -0.4840 0.3171
vn -0.9225 -0.1151 0.3686
vn -0.8930 0.2626 0.3656
vn -0.7337 0.6050 0.3095
vn -0.4659 0.8601 0.2077
vn -0.1665 0.9819 0.0900
vn -0.3333 -0.9428 0.0048
vn -0.6318 -0.7751 -0.0026
vn -0.8783 -0.4781 -0.0078
vn -0.9935 -0.1135 -0.0091
vn -0.9641 0.2652 -0.0107
vn -0.7944 0.6072 -0.0121
vn -0.5074 0.8616 -0.0116
vn -0.1853 0.9826 -0.0097
vn -0.3127 -0.9452 -0.0945
vn -0.5877 -0.7792 -0.2177
vn -0.8113 -0.4865 -0.3242
vn -0.9155 -0.1239 -0.3828
vn -0.8863 0.2564 -0.3857
vn -0.7278 0.5997 -0.3325
vn -0.4621 0.8564 -0.2303
vn -0.1647 0.9803 -0.1091
vn -0.2557 -0.9502 -0.1784
vn -0.4624 -0.7902 -0.4021
vn -0.6276 -0.5026 -0.5946
vn -0.7004 -0.1426 -0.6993
vn -0.6712 0.2376 -0.7021
vn -0.5446 0.5831 -0.6028
vn -0.3370 0.8453 -0.4146
vn -0.1077 0.9753 -0.1929
vn -0.1711 -0.9571 -0.2339
vn -0.2764 -0.8055 -0.5243
vn -0.3549 -0.5249 -0.7737
vn -0.3811 -0.1687 -0.9090
vn -0.3519 0.2114 -0.9119
vn -0.2716 0.5613 -0.7818
vn -0.1510 0.8302 -0.5366
vn -0.0231 0.9684 -0.2485
vn -0.0718 -0.9649 -0.2528
vn -0.0579 -0.8225 -0.5658
vn -0.0343 -0.5500 -0.8345
vn -0.0060 -0.1984 -0.9801
vn 0.0234 0.1819 -0.9830
vn 0.0492 0.5361 -0.8427
vn 0.0679 0.8131 -0.5781
vn 0.0763 0.9606 -0.2673
vn 0.0271 -0.9723 -0.2320
vn 0.1598 -0.8390 -0.5202
vn 0.2852 -0.5739 -0.7677
vn 0.3680 -0.2264 -0.9018
vn 0.3974 0.1536 -0.9047
vn 0.3688 0.5119 -0.7758
vn 0.2858 0.7968 -0.5325
vn 0.1753 0.9531 -0.2466
vn 0.1109 -0.9784 -0.1746
vn 0.3439 -0.8523 -0.3941
vn 0.5549 -0.5932 -0.5833
vn 0.6836 -0.2488 -0.6861
vn 0.7128 0.1308 -0.6890
vn 0.6384 0.4925 -0.5916
vn 0.4697 0.7836 -0.4067
vn 0.2590 0.9471 -0.1894
vn 0.0766 0.9970 -0.0075
vn 0.1665 -0.9819 -0.0897
vn 0.4661 -0.8601 -0.2075
vn 0.7337 -0.6049 -0.3094
vn 0.8929 -0.2626 -0.3657
vn 0.9221 0.1174 -0.3687
vn 0.8171 0.4809 -0.3178
vn 0.5916 0.7756 -0.2200
vn 0.3144 0.9435 -0.1045
vn 0.1853 -0.9826 0.0097
vn 0.5074 -0.8616 0.0116
vn 0.7945 -0.6072 0.0121
vn 0.9641 -0.2652 0.0107
vn 0.9934 0.1148 0.0079
vn 0.8779 0.4788 0.0039
vn 0.6331 0.7741 -0.0007
vn 0.3333 0.9428 -0.0048
vn 0.1648 -0.9803 0.1087
vn 0.4623 -0.8564 0.2297
vn 0.7280 -0.5996 0.3323
vn 0.8862 -0.2565 0.3857
vn 0.9155 0.1237 0.3828
vn 0.8114 0.4863 0.3242
vn 0.5877 0.7792 0.2177
vn 0.3127 0.9452 0.0945
vn 0.1098 -0.9758 0.1893
vn 0.3405 -0.8452 0.4119
vn 0.5456 -0.5826 0.6024
vn 0.6713 -0.2374 0.7021
vn 0.7005 0.1426 0.6992
vn 0.6277 0.5025 0.5945
vn 0.4625 0.7902 0.4021
vn 0.2557 0.9502 0.1784
vn 0.0210 -0.9694 0.2447
vn 0.1489 -0.8316 0.5350
vn 0.2717 -0.5598 0.7828
vn 0.3519 -0.2113 0.9119
vn 0.3811 0.1688 0.9090
vn 0.3548 0.5248 0.7737
vn 0.2764 0.8055 0.5243
vn 0.1711 0.9571 0.2339
vn -0.0805 -0.9605 0.2665
vn 0.0577 0.8226 0.5657
vn 0.0717 0.9649 0.2528
vn -0.0662 0.9126 -0.4035
vn -0.0972 0.6917 -0.7156
vn -0.1139 0.3708 -0.9217
vn -0.1139 -0.0037 -0.9935
vn -0.0974 -0.3781 -0.9206
vn -0.1265 0.9911 -0.0413
vn -0.2786 0.8997 -0.3361
vn -0.4086 0.6728 -0.6167
vn -0.4783 0.3487 -0.8060
vn -0.4784 -0.0258 -0.8778
vn -0.4088 -0.3970 -0.8218
vn -0.2709 -0.7214 -0.6373
vn -0.1244 -0.8929 -0.4327
vn -0.2037 0.9787 0.0234
vn -0.4485 0.8725 -0.1940
vn -0.6577 0.6330 -0.4084
vn -0.7700 0.3020 -0.5621
vn -0.7700 -0.0724 -0.6339
vn -0.6580 -0.4368 -0.6134
vn -0.4348 -0.7455 -0.5052
vn -0.1617 -0.9110 -0.3793
vn 0.0002 0.9821 0.1884
vn -0.2499 0.9617 0.1123
vn -0.5501 0.8351 0.0012
vn -0.8067 0.5781 -0.1222
vn -0.9444 0.2378 -0.2272
vn -0.9444 -0.1366 -0.2989
vn -0.8070 -0.4917 -0.3273
vn -0.5445 -0.7799 -0.3086
vn -0.2363 -0.9366 -0.2587
vn -0.2581 0.9426 0.2117
vn -0.5679 0.7932 0.2196
vn -0.8329 0.5168 0.1981
vn -0.9750 0.1660 0.1478
vn -0.9751 -0.2084 0.0760
vn -0.8331 -0.5531 -0.0069
vn -0.5630 -0.8216 -0.0896
vn -0.2442 -0.9581 -0.1495
vn -0.2269 0.9244 0.3066
vn -0.4993 0.7532 0.4282
vn -0.7322 0.4581 0.5039
vn -0.8572 0.0973 0.5057
vn -0.8573 -0.2771 0.4340
vn -0.7323 -0.6118 0.2989
vn -0.4910 -0.8630 0.1188
vn -0.1999 -0.9788 -0.0440
vn -0.1611 0.9098 0.3824
vn -0.3546 0.7212 0.5951
vn -0.5201 0.4112 0.7486
vn -0.6089 0.0424 0.7921
vn -0.6089 -0.3320 0.7204
vn -0.5198 -0.6592 0.5435
vn -0.3474 -0.8949 0.2803
vn -0.1670 -0.9857 0.0234
vn -0.0707 0.9012 0.4276
vn -0.1559 0.7020 0.6949
vn -0.2288 0.3831 0.8949
vn -0.2679 0.0095 0.9634
vn -0.2679 -0.3649 0.8917
vn -0.2279 -0.6881 0.6889
vn -0.1532 -0.9141 0.3753
vn -0.0919 -0.9955 0.0224
vn 0.0304 0.8996 0.4356
vn 0.0665 0.6986 0.7124
vn 0.0974 0.3781 0.9206
vn 0.1139 0.0037 0.9935
vn 0.1139 -0.3708 0.9217
vn 0.0981 -0.6943 0.7130
vn 0.0687 -0.9175 0.3918
vn 0.0337 -0.9983 0.0472
vn 0.1270 0.9054 0.4050
vn 0.2789 0.7115 0.6449
vn 0.4088 0.3970 0.8218
vn 0.4784 0.0258 0.8778
vn 0.4785 -0.3489 0.8058
vn 0.4081 -0.6765 0.6130
vn 0.2773 -0.9055 0.3211
vn 0.1419 -0.9899 0.0035
vn 0.2042 0.9179 0.3403
vn 0.4488 0.7387 0.5028
vn 0.6580 0.4368 0.6134
vn 0.7700 0.0724 0.6339
vn 0.7699 -0.3023 0.5620
vn 0.6551 -0.6380 0.4047
vn 0.4378 -0.8795 0.1867
vn 0.1990 -0.9796 -0.0266
vn -0.0082 -0.9767 -0.2147
vn 0.2504 0.9349 0.2515
vn 0.5504 0.7761 0.3077
vn 0.8070 0.4917 0.3273
vn 0.9444 0.1366 0.2989
vn 0.9443 -0.2380 0.2272
vn 0.8036 -0.5828 0.1207
vn 0.5382 -0.8428 0.0001
vn 0.2347 -0.9675 -0.0941
vn 0.2585 0.9540 0.1521
vn 0.5683 0.8180 0.0892
vn 0.8331 0.5530 0.0069
vn 0.9751 0.2084 -0.0761
vn 0.9750 -0.1659 -0.1479
vn 0.8303 -0.5210 -0.1978
vn 0.5595 -0.7999 -0.2172
vn 0.2493 -0.9458 -0.2082
vn 0.2273 0.9721 0.0573
vn 0.4996 0.8580 -0.1193
vn 0.7325 0.6119 -0.2985
vn 0.8573 0.2772 -0.4339
vn 0.8572 -0.0974 -0.5057
vn 0.7313 -0.4612 -0.5025
vn 0.4939 -0.7603 -0.4218
vn 0.2203 -0.9282 -0.2999
vn 0.1615 0.9867 -0.0186
vn 0.3549 0.8900 -0.2862
vn 0.5200 0.6592 -0.5432
vn 0.6083 0.3325 -0.7207
vn 0.6088 -0.0426 -0.7922
vn 0.5205 -0.4126 -0.7476
vn 0.3500 -0.7289 -0.5884
vn 0.1477 -0.9131 -0.3800
vn 0.0712 0.9954 -0.0640
vn 0.1562 0.9092 -0.3860
vn 0.2284 0.6870 -0.6898
vn 0.2672 0.3649 -0.8919
vn 0.2676 -0.0098 -0.9635
vn 0.2291 -0.3833 -0.8947
vn 0.1502 -0.7107 -0.6873
vn 0.0463 -0.9024 -0.4284
vn -0.0300 0.9970 -0.0719
vn -0.0722 -0.7105 -0.6999
vn -0.0745 -0.9023 -0.4246
vn 0.0007 -0.0022 -1.0000
vn 0.1958 -0.0024 -0.9806
vn 0.3834 -0.0024 -0.9236
vn 0.5562 -0.0024 -0.8311
vn 0.7076 -0.0023 -0.7066
vn 0.8319 -0.0021 -0.5549
vn 0.9242 -0.0018 -0.3820
vn 0.9809 -0.0014 -0.1944
vn 1.0000 -0.0010 0.0007
vn 0.9806 -0.0005 0.1958
vn 0.9236 -0.0001 0.3834
vn 0.8311 0.0004 0.5562
vn 0.7066 0.0009 0.7076
vn 0.5550 0.0013 0.8319
vn 0.3820 0.0017 0.9242
vn 0.1944 0.0020 0.9809
vn -0.0007 0.0022 1.0000
vn -0.1958 0.0024 0.9806
vn -0.3834 0.0024 0.9236
vn -0.5562 0.0024 0.8311
vn -0.7076 0.0023 0.7066
vn -0.8319 0.0021 0.5549
vn -0.9242 0.0018 0.3820
vn -0.9809 0.0014 0.1944
vn -1.0000 0.0010 -0.0007
vn -0.9806 0.0005 -0.1958
vn -0.9236 0.0001 -0.3834
vn -0.8311 -0.0004 -0.5562
vn -0.7066 -0.0009 -0.7076
vn -0.5550 -0.0013 -0.8319
vn -0.3820 -0.0017 -0.9242
vn -0.1944 -0.0020 -0.9809
vn -0.0001 -0.6873 -0.7263
vn 0.1419 -0.6874 -0.7123
vn 0.2784 -0.6875 -0.6707
vn 0.4042 -0.6875 -0.6034
vn 0.5144 -0.6874 -0.5128
vn 0.6048 -0.6872 -0.4024
vn 0.6720 -0.6870 -0.2765
vn 0.7133 -0.6867 -0.1399
vn 0.7272 -0.6864 0.0021
vn 0.7131 -0.6861 0.1441
vn 0.6716 -0.6857 0.2806
vn 0.6042 -0.6854 0.4064
vn 0.5136 -0.6851 0.5166
vn 0.4033 -0.6847 0.6070
vn 0.2774 -0.6845 0.6742
vn 0.1408 -0.6842 0.7155
vn -0.0012 -0.6841 0.7294
vn -0.1432 -0.6840 0.7153
vn -0.2797 -0.6839 0.6738
vn -0.4055 -0.6839 0.6064
vn -0.5157 -0.6840 0.5158
vn -0.6062 -0.6842 0.4055
vn -0.6734 -0.6844 0.2796
vn -0.7147 -0.6847 0.1430
vn -0.7286 -0.6850 0.0010
vn -0.7145 -0.6853 -0.1410
vn -0.6729 -0.6857 -0.2775
vn -0.6056 -0.6860 -0.4033
vn -0.5150 -0.6863 -0.5135
vn -0.4046 -0.6867 -0.6040
vn -0.2787 -0.6869 -0.6711
vn -0.1421 -0.6872 -0.7125
vn 0.0010 1.0000 -0.0022
vn 0.0011 0.5106 -0.8598
vn 0.1687 0.5104 -0.8432
vn 0.3297 0.5104 -0.7942
vn 0.4781 0.5104 -0.7148
vn 0.6081 0.5105 -0.6079
vn 0.7148 0.5107 -0.4777
vn 0.7941 0.5110 -0.3292
vn 0.8428 0.5113 -0.1680
vn 0.8592 0.5117 -0.0005
vn 0.8426 0.5120 0.1670
vn 0.7936 0.5125 0.3280
vn 0.7141 0.5129 0.4764
vn 0.6072 0.5133 0.6065
vn 0.4770 0.5136 0.7132
vn 0.3285 0.5139 0.7924
vn 0.1674 0.5142 0.8412
vn -0.0001 0.5144 0.8575
vn -0.1676 0.5145 0.8409
vn -0.3287 0.5146 0.7919
vn -0.4771 0.5146 0.7125
vn -0.6071 0.5145 0.6056
vn -0.7138 0.5143 0.4754
vn -0.7931 0.5140 0.3269
vn -0.8418 0.5137 0.1657
vn -0.8582 0.5133 -0.0018
vn -0.8416 0.5130 -0.1693
vn -0.7926 0.5125 -0.3303
vn -0.7131 0.5121 -0.4787
vn -0.6062 0.5117 -0.6088
vn -0.4760 0.5114 -0.7155
vn -0.3275 0.5110 -0.7947
vn -0.1664 0.5108 -0.8435
vn 0.0011 0.9885 -0.1509
vn 0.0012 0.9366 -0.3504
vn 0.0301 0.9885 -0.1480
vn 0.0691 0.9366 -0.3436
vn 0.0580 0.9885 -0.1395
vn 0.1344 0.9365 -0.3238
vn 0.0837 0.9885 -0.1258
vn 0.1946 0.9366 -0.2915
vn 0.1062 0.9885 -0.1073
vn 0.2474 0.9366 -0.2482
vn 0.1247 0.9886 -0.0847
vn 0.2906 0.9367 -0.1954
vn 0.1384 0.9886 -0.0590
vn 0.3228 0.9368 -0.1351
vn 0.1468 0.9887 -0.0311
vn 0.3425 0.9369 -0.0698
vn 0.1497 0.9887 -0.0021
vn 0.3492 0.9371 -0.0018
vn 0.1468 0.9888 0.0269
vn 0.3424 0.9372 0.0661
vn 0.1383 0.9889 0.0548
vn 0.3226 0.9374 0.1314
vn 0.1245 0.9889 0.0805
vn 0.2904 0.9375 0.1916
vn 0.1060 0.9890 0.1030
vn 0.2470 0.9377 0.2443
vn 0.0835 0.9891 0.1215
vn 0.1942 0.9379 0.2876
vn 0.0578 0.9891 0.1352
vn 0.1340 0.9380 0.3198
vn 0.0299 0.9892 0.1436
vn 0.0686 0.9381 0.3395
vn 0.0009 0.9892 0.1465
vn 0.0007 0.9382 0.3462
vn -0.0281 0.9892 0.1436
vn -0.0673 0.9382 0.3394
vn -0.0560 0.9892 0.1351
vn -0.1326 0.9382 0.3196
vn -0.0817 0.9892 0.1214
vn -0.1928 0.9382 0.2873
vn -0.1042 0.9892 0.1029
vn -0.2455 0.9382 0.2440
vn -0.1227 0.9892 0.0803
vn -0.2888 0.9381 0.1912
vn -0.1364 0.9891 0.0546
vn -0.3209 0.9380 0.1309
vn -0.1449 0.9891 0.0267
vn -0.3407 0.9379 0.0656
vn -0.1477 0.9890 -0.0023
vn -0.3473 0.9377 -0.0024
vn -0.1448 0.9890 -0.0313
vn -0.3406 0.9376 -0.0703
vn -0.1364 0.9889 -0.0592
vn -0.3207 0.9374 -0.1356
vn -0.1226 0.9888 -0.0849
vn -0.2885 0.9372 -0.1958
vn -0.1041 0.9887 -0.1074
vn -0.2452 0.9371 -0.2485
vn -0.0815 0.9887 -0.1259
vn -0.1923 0.9369 -0.2918
vn -0.0558 0.9886 -0.1396
vn -0.1321 0.9368 -0.3239
vn -0.0279 0.9886 -0.1481
vn -0.0668 0.9367 -0.3437
vn -0.6150 -0.0541 0.7867
vn -0.0016 0.9776 0.2106
vn -0.7770 0.2409 -0.5816
vn 0.7750 -0.0200 0.6316
vn 0.6203 0.2737 -0.7351
vn -0.1112 0.3190 -0.9412
vn 0.1112 -0.0978 0.9890
vn -0.9869 0.0875 0.1356
vn 0.9873 0.1349 -0.0843
vn -0.6182 -0.1616 0.7692
vn -0.6196 -0.1605 0.7684
vn -0.7833 0.1286 -0.6081
vn 0.7832 -0.1287 0.6083
vn 0.6216 0.1610 -0.7666
vn -0.1144 0.2048 -0.9721
vn 0.1157 -0.2043 0.9720
vn -0.9935 -0.0225 0.1119
vn 0.9933 0.0232 -0.1131
vn -0.6214 -0.1643 0.7661
vn -0.7848 0.1275 -0.6065
vn 0.7824 -0.1281 0.6095
vn 0.6232 0.1608 -0.7654
vn -0.1139 0.2043 -0.9723
vn 0.1171 -0.2042 0.9719
vn -0.9931 -0.0240 0.1145
vn 0.9936 0.0231 -0.1102
vn -0.6414 -0.1911 0.7431
vn -0.7829 0.1303 -0.6084
vn 0.7825 -0.1300 0.6089
vn 0.6228 0.1637 -0.7651
vn -0.1129 0.2079 -0.9716
vn 0.1148 -0.2078 0.9714
vn -0.9936 -0.0238 0.1105
vn 0.9936 0.0238 -0.1108
vn -0.5989 -0.4240 0.6793
vn -0.7970 0.0936 -0.5966
vn 0.7776 -0.0571 0.6261
vn 0.6177 0.2354 -0.7504
vn -0.1382 0.2336 -0.9625
vn 0.0875 -0.1792 0.9799
vn -0.9919 -0.0801 0.0982
vn 0.9900 0.1060 -0.0925
vn -0.3590 -0.7241 0.5889
vn -0.7526 -0.1430 -0.6428
vn 0.6945 0.1355 0.7066
vn 0.5280 0.4400 -0.7264
vn -0.1841 0.2169 -0.9587
vn 0.0411 -0.1951 0.9799
vn -0.9124 -0.4088 0.0192
vn 0.9204 0.3903 -0.0240
vn -0.0501 -0.8469 0.5294
vn -0.5129 -0.4426 -0.7355
vn 0.4798 0.3750 0.7932
vn 0.3109 0.6838 -0.6601
vn -0.1525 0.1530 -0.9764
vn 0.0728 -0.2592 0.9631
vn -0.5955 -0.7971 -0.1002
vn 0.5945 0.7978 0.1005
vn 0.1917 -0.8378 0.5113
vn -0.2036 -0.5652 -0.7995
vn 0.1688 0.5097 0.8436
vn 0.0031 0.8128 -0.5826
vn -0.1230 0.1547 -0.9803
vn 0.1022 -0.2574 0.9609
vn -0.1775 -0.9666 -0.1848
vn 0.1112 0.9746 0.1942
vn 0.4222 -0.7571 0.4985
vn 0.0401 -0.5556 -0.8305
vn -0.0343 0.5306 0.8469
vn -0.1946 0.8238 -0.5325
vn -0.1084 0.1816 -0.9774
vn 0.1155 -0.2293 0.9665
vn 0.1600 -0.9621 -0.2206
vn -0.1629 0.9611 0.2232
vn 0.6810 -0.5257 0.5098
vn 0.2699 -0.4810 -0.8342
vn -0.2072 0.4465 0.8705
vn -0.3722 0.7482 -0.5493
vn -0.0885 0.1623 -0.9828
vn 0.1353 -0.2460 0.9598
vn 0.4803 -0.8471 -0.2273
vn -0.4076 0.8824 0.2349
vn 0.7764 -0.2855 0.5619
vn 0.5264 -0.2492 -0.8129
vn -0.4565 0.1917 0.8688
vn -0.6267 0.5029 -0.5953
vn -0.0536 0.1685 -0.9842
vn 0.1715 -0.2409 0.9553
vn 0.8226 -0.5291 -0.2082
vn -0.8248 0.5259 0.2076
vn 0.7871 -0.1734 0.5919
vn 0.6199 0.0007 -0.7846
vn -0.6047 -0.0226 0.7961
vn -0.7651 0.2707 -0.5842
vn -0.0926 0.1987 -0.9757
vn 0.1332 -0.2143 0.9676
vn 0.9685 -0.1954 -0.1541
vn -0.9739 0.1708 0.1495
vn 0.7789 -0.0321 0.6263
vn 0.6290 0.1157 -0.7687
vn -0.6115 -0.1135 0.7831
vn -0.7731 0.1820 -0.6076
vn -0.0968 0.2056 -0.9738
vn 0.1290 -0.2074 0.9697
vn 0.9916 -0.0387 -0.1235
vn -0.9907 0.0516 0.1261
vn 0.6201 0.2584 -0.7408
vn -0.6191 -0.0621 0.7829
vn -0.7781 0.2286 -0.5851
vn -0.1116 0.3045 -0.9460
vn 0.1131 -0.1065 0.9879
vn 0.9887 0.1202 -0.0894
vn -0.9883 0.0779 0.1314
vn 0.0007 0.9782 0.2078
vn 0.0007 -0.0056 -1.0000
vn 0.1950 -0.0047 -0.9808
vn 0.3818 -0.0040 -0.9242
vn 0.5544 -0.0037 -0.8322
vn 0.7061 -0.0035 -0.7081
vn 0.8307 -0.0033 -0.5568
vn 0.9233 -0.0031 -0.3840
vn 0.9805 -0.0028 -0.1965
vn 1.0000 -0.0024 -0.0014
vn 0.9811 -0.0021 0.1937
vn 0.9244 -0.0017 0.3814
vn 0.8323 -0.0014 0.5544
vn 0.7081 -0.0010 0.7061
vn 0.5567 -0.0007 0.8307
vn 0.3839 -0.0004 0.9234
vn 0.1963 -0.0000 0.9805
vn 0.0008 0.0005 1.0000
vn -0.1950 0.0011 0.9808
vn -0.3828 0.0015 0.9238
vn -0.5553 0.0011 0.8316
vn -0.7065 0.0003 0.7077
vn -0.8309 -0.0003 0.5564
vn -0.9235 -0.0006 0.3835
vn -0.9807 -0.0008 0.1956
vn -1.0000 -0.0012 0.0001
vn -0.9808 -0.0018 -0.1950
vn -0.9242 -0.0023 -0.3820
vn -0.8322 -0.0025 -0.5545
vn -0.7081 -0.0028 -0.7061
vn -0.5565 -0.0039 -0.8309
vn -0.3831 -0.0052 -0.9237
vn -0.1946 -0.0059 -0.9809
vn 0.0023 -0.0049 -1.0000
vn 0.1965 -0.0038 -0.9805
vn 0.3825 -0.0025 -0.9239
vn 0.5546 -0.0019 -0.8321
vn 0.7061 -0.0017 -0.7081
vn 0.8307 -0.0015 -0.5568
vn 0.9233 -0.0012 -0.3840
vn 0.9805 -0.0009 -0.1965
vn 1.0000 -0.0006 -0.0014
vn 0.9811 -0.0002 0.1937
vn 0.9244 0.0002 0.3814
vn 0.8323 0.0005 0.5544
vn 0.5567 0.0012 0.8307
vn 0.3838 0.0017 0.9234
vn 0.1960 0.0023 0.9806
vn 0.0001 0.0032 1.0000
vn -0.1957 0.0043 0.9806
vn -0.3828 0.0050 0.9238
vn -0.5545 0.0045 0.8322
vn -0.7059 0.0035 0.7083
vn -0.8307 0.0026 0.5566
vn -0.9236 0.0022 0.3834
vn -0.9807 0.0018 0.1955
vn -1.0000 0.0011 0.0003
vn -0.9809 0.0002 -0.1945
vn -0.9242 -0.0004 -0.3819
vn -0.8320 -0.0005 -0.5548
vn -0.7078 -0.0008 -0.7064
vn -0.5565 -0.0019 -0.8308
vn -0.3831 -0.0034 -0.9237
vn -0.1939 -0.0047 -0.9810
vn 0.0036 -0.0044 -1.0000
vn 0.1985 -0.0040 -0.9801
vn 0.3837 -0.0029 -0.9234
vn 0.5548 -0.0021 -0.8320
vn 0.7060 -0.0019 -0.7082
vn 0.8307 -0.0017 -0.5568
vn 0.9234 -0.0014 -0.3839
vn 0.9805 -0.0010 -0.1964
vn 0.5566 0.0013 0.8308
vn 0.3835 0.0020 0.9235
vn 0.1957 0.0028 0.9807
vn -0.0004 0.0035 1.0000
vn -0.1963 0.0041 0.9805
vn -0.3826 0.0044 0.9239
vn -0.5539 0.0043 0.8326
vn -0.7055 0.0039 0.7087
vn -0.8306 0.0035 0.5568
vn -0.9235 0.0029 0.3836
vn -0.9807 0.0021 0.1957
vn -1.0000 0.0012 0.0007
vn -0.9810 0.0003 -0.1939
vn -0.9242 -0.0003 -0.3819
vn -0.8317 -0.0005 -0.5552
vn -0.7077 -0.0008 -0.7065
vn -0.5566 -0.0015 -0.8308
vn -0.3833 -0.0023 -0.9236
vn -0.1938 -0.0035 -0.9810
vn 0.0035 0.0009 -1.0000
vn 0.1993 0.0003 -0.9799
vn 0.3846 0.0002 -0.9231
vn 0.5549 0.0003 -0.8319
vn 0.7057 0.0001 -0.7085
vn 0.8306 -0.0000 -0.5569
vn 0.9234 0.0002 -0.3837
vn 0.9806 0.0008 -0.1962
vn 1.0000 0.0014 -0.0012
vn 0.9810 0.0020 0.1938
vn 0.9244 0.0024 0.3814
vn 0.8323 0.0028 0.5544
vn 0.7080 0.0033 0.7062
vn 0.5564 0.0040 0.8309
vn 0.3834 0.0047 0.9236
vn 0.1958 0.0051 0.9806
vn -0.0000 0.0049 1.0000
vn -0.1960 0.0044 0.9806
vn -0.3826 0.0040 0.9239
vn -0.5541 0.0042 0.8325
vn -0.7058 0.0046 0.7084
vn -0.8306 0.0047 0.5568
vn -0.9234 0.0043 0.3839
vn -0.9806 0.0037 0.1959
vn -1.0000 0.0033 0.0010
vn -0.9811 0.0029 -0.1936
vn -0.9243 0.0023 -0.3817
vn -0.8317 0.0019 -0.5553
vn -0.7077 0.0016 -0.7065
vn -0.5565 0.0016 -0.8308
vn -0.3835 0.0016 -0.9235
vn -0.1943 0.0015 -0.9809
vn 0.0018 0.6873 -0.7264
vn 0.1443 0.6870 -0.7122
vn 0.2793 0.6867 -0.6711
vn 0.4031 0.6865 -0.6052
vn 0.5128 0.6863 -0.5157
vn 0.6038 0.6862 -0.4056
vn 0.6714 0.6863 -0.2796
vn 0.7128 0.6866 -0.1432
vn 0.7267 0.6870 -0.0015
vn 0.7127 0.6873 0.1402
vn 0.6715 0.6876 0.2764
vn 0.6044 0.6878 0.4020
vn 0.5141 0.6881 0.5121
vn 0.4039 0.6884 0.6024
vn 0.2783 0.6886 0.6696
vn 0.1422 0.6886 0.7110
vn 0.0002 0.6883 0.7254
vn -0.1422 0.6879 0.7117
vn -0.2780 0.6877 0.6706
vn -0.4028 0.6877 0.6040
vn -0.5128 0.6878 0.5137
vn -0.6032 0.6879 0.4036
vn -0.6704 0.6878 0.2782
vn -0.7121 0.6877 0.1417
vn -0.7260 0.6877 -0.0000
vn -0.7122 0.6876 -0.1412
vn -0.6711 0.6873 -0.2778
vn -0.6041 0.6870 -0.4039
vn -0.5141 0.6869 -0.5138
vn -0.4043 0.6869 -0.6039
vn -0.2786 0.6871 -0.6710
vn -0.1415 0.6873 -0.7125
vn -0.0005 -1.0000 0.0017
vn -0.0006 -0.5154 -0.8569
vn 0.1664 -0.5152 -0.8407
vn 0.3271 -0.5150 -0.7923
vn 0.4755 -0.5148 -0.7133
vn 0.6057 -0.5147 -0.6068
vn 0.7126 -0.5145 -0.4769
vn 0.7921 -0.5143 -0.3286
vn 0.8412 -0.5141 -0.1677
vn 0.8579 -0.5138 -0.0003
vn 0.8417 -0.5135 0.1671
vn 0.7931 -0.5132 0.3282
vn 0.7140 -0.5129 0.4767
vn 0.6074 -0.5126 0.6069
vn 0.4775 -0.5123 0.7138
vn 0.3293 -0.5121 0.7933
vn 0.1683 -0.5119 0.8424
vn 0.0007 -0.5116 0.8592
vn -0.1672 -0.5114 0.8429
vn -0.3286 -0.5115 0.7940
vn -0.4769 -0.5119 0.7145
vn -0.6066 -0.5122 0.6081
vn -0.7132 -0.5124 0.4783
vn -0.7927 -0.5125 0.3300
vn -0.8418 -0.5127 0.1688
vn -0.8584 -0.5130 0.0009
vn -0.8418 -0.5134 -0.1666
vn -0.7930 -0.5138 -0.3272
vn -0.7141 -0.5139 -0.4753
vn -0.6077 -0.5140 -0.6054
vn -0.4777 -0.5145 -0.7121
vn -0.3291 -0.5151 -0.7914
vn -0.1679 -0.5154 -0.8403
vn -0.0007 -0.9891 -0.1470
vn -0.0009 -0.9376 -0.3476
vn 0.0283 -0.9891 -0.1442
vn 0.0672 -0.9377 -0.3410
vn 0.0562 -0.9891 -0.1358
vn 0.1327 -0.9377 -0.3212
vn 0.0819 -0.9891 -0.1221
vn 0.1931 -0.9376 -0.2890
vn 0.1045 -0.9891 -0.1036
vn 0.2461 -0.9376 -0.2457
vn 0.1230 -0.9891 -0.0811
vn 0.2896 -0.9375 -0.1928
vn 0.1368 -0.9890 -0.0554
vn 0.3220 -0.9374 -0.1325
vn 0.1453 -0.9890 -0.0275
vn 0.3419 -0.9373 -0.0670
vn 0.1482 -0.9890 0.0015
vn 0.3487 -0.9372 0.0012
vn 0.1454 -0.9889 0.0306
vn 0.3421 -0.9371 0.0693
vn 0.1370 -0.9888 0.0585
vn 0.3223 -0.9370 0.1349
vn 0.1232 -0.9888 0.0842
vn 0.2902 -0.9368 0.1953
vn 0.1048 -0.9887 0.1068
vn 0.2468 -0.9367 0.2483
vn 0.0823 -0.9887 0.1253
vn 0.1939 -0.9366 0.2918
vn 0.0566 -0.9887 0.1391
vn 0.1336 -0.9365 0.3241
vn 0.0287 -0.9886 0.1476
vn 0.0681 -0.9365 0.3441
vn -0.0003 -0.9886 0.1505
vn -0.0000 -0.9364 0.3509
vn -0.0293 -0.9886 0.1476
vn -0.0682 -0.9364 0.3443
vn -0.0572 -0.9886 0.1392
vn -0.1337 -0.9364 0.3244
vn -0.0829 -0.9886 0.1255
vn -0.1941 -0.9365 0.2921
vn -0.1055 -0.9887 0.1070
vn -0.2470 -0.9366 0.2487
vn -0.1240 -0.9887 0.0844
vn -0.2904 -0.9367 0.1958
vn -0.1377 -0.9887 0.0587
vn -0.3228 -0.9367 0.1354
vn -0.1462 -0.9888 0.0307
vn -0.3427 -0.9368 0.0699
vn -0.1491 -0.9888 0.0017
vn -0.3495 -0.9369 0.0016
vn -0.1462 -0.9889 -0.0274
vn -0.3428 -0.9371 -0.0666
vn -0.1378 -0.9889 -0.0553
vn -0.3228 -0.9372 -0.1322
vn -0.1241 -0.9890 -0.0811
vn -0.2907 -0.9373 -0.1926
vn -0.1056 -0.9890 -0.1036
vn -0.2474 -0.9373 -0.2454
vn -0.0831 -0.9890 -0.1220
vn -0.1946 -0.9374 -0.2888
vn -0.0575 -0.9891 -0.1357
vn -0.1343 -0.9375 -0.3210
vn -0.0297 -0.9891 -0.1442
vn -0.0689 -0.9376 -0.3409
vn -0.0053 -0.5517 -0.8340
vn -0.0003 -0.4598 -0.8880
vn 0.1562 -0.5452 -0.8236
vn 0.1720 -0.4598 -0.8712
vn 0.3175 -0.5410 -0.7788
vn 0.3377 -0.4602 -0.8211
vn 0.4645 -0.5419 -0.7004
vn 0.4905 -0.4609 -0.7396
vn 0.5908 -0.5460 -0.5940
vn 0.6244 -0.4619 -0.6299
vn 0.6918 -0.5510 -0.4668
vn 0.7343 -0.4632 -0.4962
vn 0.7664 -0.5555 -0.3226
vn 0.8161 -0.4648 -0.3435
vn 0.8116 -0.5600 -0.1665
vn 0.8665 -0.4665 -0.1779
vn 0.8252 -0.5648 -0.0051
vn 0.8836 -0.4683 -0.0057
vn 0.8068 -0.5698 0.1560
vn 0.8667 -0.4701 0.1666
vn 0.7576 -0.5747 0.3095
vn 0.8166 -0.4719 0.3323
vn 0.6811 -0.5785 0.4489
vn 0.7351 -0.4736 0.4851
vn 0.5791 -0.5811 0.5719
vn 0.6254 -0.4751 0.6190
vn 0.4544 -0.5831 0.6734
vn 0.4917 -0.4764 0.7289
vn 0.3136 -0.5850 0.7479
vn 0.3390 -0.4774 0.8106
vn 0.1609 -0.5864 0.7938
vn 0.1734 -0.4781 0.8610
vn 0.0023 -0.5874 0.8093
vn 0.0011 -0.4784 0.8781
vn -0.1562 -0.5877 0.7939
vn -0.1712 -0.4784 0.8613
vn -0.3096 -0.5868 0.7482
vn -0.3369 -0.4781 0.8112
vn -0.4520 -0.5858 0.6727
vn -0.4896 -0.4773 0.7297
vn -0.5759 -0.5849 0.5711
vn -0.6235 -0.4763 0.6200
vn -0.6779 -0.5821 0.4490
vn -0.7335 -0.4750 0.4862
vn -0.7554 -0.5776 0.3096
vn -0.8152 -0.4734 0.3336
vn -0.8047 -0.5726 0.1569
vn -0.8656 -0.4717 0.1680
vn -0.8230 -0.5680 -0.0039
vn -0.8827 -0.4699 -0.0043
vn -0.8087 -0.5644 -0.1659
vn -0.8659 -0.4681 -0.1766
vn -0.7625 -0.5617 -0.3211
vn -0.8157 -0.4663 -0.3423
vn -0.6867 -0.5594 -0.4642
vn -0.7343 -0.4646 -0.4950
vn -0.5842 -0.5576 -0.5898
vn -0.6245 -0.4631 -0.6289
vn -0.4589 -0.5563 -0.6928
vn -0.4908 -0.4618 -0.7388
vn -0.3154 -0.5558 -0.7692
vn -0.3382 -0.4608 -0.8206
vn -0.1615 -0.5554 -0.8157
vn -0.1725 -0.4601 -0.8709
vn 0.1913 -0.1698 -0.9667
vn -0.0006 -0.1698 -0.9855
vn 0.3759 -0.1703 -0.9109
vn 0.5460 -0.1711 -0.8201
vn 0.6951 -0.1722 -0.6979
vn 0.8176 -0.1737 -0.5490
vn 0.9086 -0.1754 -0.3790
vn 0.9647 -0.1773 -0.1946
vn 0.9838 -0.1793 -0.0027
vn 0.9650 -0.1813 0.1892
vn 0.9092 -0.1834 0.3738
vn 0.8185 -0.1852 0.5439
vn 0.6962 -0.1869 0.6930
vn 0.5473 -0.1884 0.8155
vn 0.3773 -0.1895 0.9065
vn 0.1928 -0.1902 0.9626
vn 0.0010 -0.1906 0.9817
vn -0.1910 -0.1906 0.9629
vn -0.3755 -0.1902 0.9071
vn -0.5457 -0.1894 0.8163
vn -0.6948 -0.1882 0.6941
vn -0.8172 -0.1868 0.5452
vn -0.9083 -0.1851 0.3752
vn -0.9644 -0.1832 0.1907
vn -0.9835 -0.1811 -0.0011
vn -0.9647 -0.1791 -0.1930
vn -0.9089 -0.1771 -0.3776
vn -0.8181 -0.1752 -0.5477
vn -0.6959 -0.1735 -0.6968
vn -0.5470 -0.1721 -0.8193
vn -0.3770 -0.1710 -0.9103
vn -0.1925 -0.1702 -0.9664
vn 0.0004 -0.8550 -0.5186
vn 0.0998 -0.8550 -0.5089
vn 0.1414 -0.6819 -0.7177
vn 0.0001 -0.6819 -0.7315
vn 0.1953 -0.8552 -0.4800
vn 0.2772 -0.6822 -0.6766
vn 0.2835 -0.8556 -0.4330
vn 0.4025 -0.6828 -0.6097
vn 0.3608 -0.8562 -0.3697
vn 0.5123 -0.6836 -0.5198
vn 0.4242 -0.8570 -0.2925
vn 0.6025 -0.6847 -0.4101
vn 0.4714 -0.8579 -0.2044
vn 0.6695 -0.6860 -0.2849
vn 0.5004 -0.8590 -0.1088
vn 0.7108 -0.6874 -0.1491
vn 0.5101 -0.8601 -0.0094
vn 0.7248 -0.6889 -0.0079
vn 0.5002 -0.8612 0.0901
vn 0.7110 -0.6904 0.1334
vn 0.4709 -0.8624 0.1857
vn 0.6699 -0.6918 0.2693
vn 0.4237 -0.8636 0.2734
vn 0.6031 -0.6932 0.3946
vn 0.3603 -0.8646 0.3502
vn 0.5131 -0.6945 0.5044
vn 0.2832 -0.8655 0.4132
vn 0.4035 -0.6955 0.5945
vn 0.1955 -0.8662 0.4600
vn 0.2783 -0.6964 0.6615
vn 0.1004 -0.8665 0.4889
vn 0.1425 -0.6969 0.7028
vn 0.0015 -0.8667 0.4989
vn 0.0012 -0.6972 0.7169
vn -0.0976 -0.8665 0.4895
vn -0.1401 -0.6972 0.7031
vn -0.1931 -0.8662 0.4609
vn -0.2760 -0.6969 0.6620
vn -0.2813 -0.8656 0.4142
vn -0.4012 -0.6963 0.5951
vn -0.3586 -0.8649 0.3511
vn -0.5110 -0.6954 0.5052
vn -0.4222 -0.8641 0.2740
vn -0.6012 -0.6944 0.3955
vn -0.4694 -0.8631 0.1862
vn -0.6682 -0.6931 0.2704
vn -0.4986 -0.8621 0.0908
vn -0.7095 -0.6917 0.1345
vn -0.5086 -0.8610 -0.0086
vn -0.7236 -0.6902 -0.0067
vn -0.4990 -0.8599 -0.1081
vn -0.7098 -0.6887 -0.1480
vn -0.4701 -0.8588 -0.2037
vn -0.6687 -0.6872 -0.2839
vn -0.4231 -0.8578 -0.2918
vn -0.6018 -0.6858 -0.4091
vn -0.3598 -0.8569 -0.3691
vn -0.5119 -0.6846 -0.5190
vn -0.2826 -0.8562 -0.4325
vn -0.4022 -0.6835 -0.6091
vn -0.1946 -0.8556 -0.4797
vn -0.2770 -0.6827 -0.6761
vn -0.0990 -0.8552 -0.5087
vn -0.1412 -0.6822 -0.7174
vn 0.1407 0.6938 -0.7063
vn -0.0012 0.6938 -0.7201
vn 0.2772 0.6935 -0.6650
vn 0.4030 0.6929 -0.5979
vn 0.5133 0.6921 -0.5075
vn 0.6039 0.6910 -0.3973
vn 0.6712 0.6897 -0.2716
vn 0.7127 0.6883 -0.1352
vn 0.7268 0.6868 0.0067
vn 0.7129 0.6853 0.1486
vn 0.6716 0.6838 0.2851
vn 0.6045 0.6824 0.4109
vn 0.5141 0.6812 0.5212
vn 0.4040 0.6801 0.6117
vn 0.2783 0.6793 0.6791
vn 0.1419 0.6787 0.7206
vn -0.0001 0.6784 0.7347
vn -0.1420 0.6785 0.7208
vn -0.2785 0.6788 0.6795
vn -0.4043 0.6794 0.6124
vn -0.5146 0.6802 0.5220
vn -0.6052 0.6813 0.4119
vn -0.6725 0.6826 0.2862
vn -0.7140 0.6840 0.1497
vn -0.7281 0.6855 0.0078
vn -0.7142 0.6870 -0.1341
vn -0.6729 0.6885 -0.2706
vn -0.6058 0.6898 -0.3964
vn -0.5154 0.6911 -0.5067
vn -0.4053 0.6922 -0.5972
vn -0.2796 0.6930 -0.6645
vn -0.1431 0.6936 -0.7060
vn -0.0086 0.1580 -0.9874
vn 0.1825 0.1630 -0.9696
vn 0.3730 0.1637 -0.9133
vn 0.5471 0.1618 -0.8213
vn 0.6990 0.1573 -0.6976
vn 0.8217 0.1521 -0.5492
vn 0.9134 0.1471 -0.3796
vn 0.9707 0.1416 -0.1942
vn 0.9907 0.1359 -0.0013
vn 0.9726 0.1302 0.1926
vn 0.9169 0.1250 0.3790
vn 0.8268 0.1205 0.5494
vn 0.7038 0.1176 0.7006
vn 0.5527 0.1144 0.8255
vn 0.3815 0.1119 0.9176
vn 0.1955 0.1101 0.9745
vn 0.0015 0.1089 0.9940
vn -0.1923 0.1083 0.9753
vn -0.3792 0.1090 0.9189
vn -0.5532 0.1102 0.8257
vn -0.7043 0.1115 0.7011
vn -0.8263 0.1152 0.5513
vn -0.9169 0.1206 0.3804
vn -0.9728 0.1261 0.1945
vn -0.9913 0.1318 0.0011
vn -0.9717 0.1370 -0.1927
vn -0.9151 0.1415 -0.3776
vn -0.8231 0.1460 -0.5488
vn -0.7001 0.1495 -0.6983
vn -0.5498 0.1530 -0.8211
vn -0.3780 0.1550 -0.9127
vn -0.1942 0.1561 -0.9685
vn -0.0140 0.5939 -0.8044
vn 0.1030 0.6201 -0.7778
vn 0.2758 0.6410 -0.7162
vn 0.4705 0.6302 -0.6177
vn 0.5689 0.5985 -0.5640
vn 0.6439 0.6177 -0.4515
vn 0.7254 0.6173 -0.3047
vn 0.7506 0.6371 -0.1754
vn 0.7673 0.6413 0.0006
vn 0.7498 0.6423 0.1588
vn 0.7157 0.6320 0.2973
vn 0.6442 0.6422 0.4153
vn 0.5428 0.6415 0.5421
vn 0.4497 0.6562 0.6060
vn 0.3160 0.6814 0.6602
vn 0.1414 0.6981 0.7019
vn -0.0406 0.6830 0.7293
vn -0.1926 0.6520 0.7333
vn -0.3025 0.6303 0.7150
vn -0.4028 0.6419 0.6525
vn -0.5458 0.6494 0.5294
vn -0.6408 0.6408 0.4227
vn -0.7007 0.6458 0.3032
vn -0.7615 0.6374 0.1176
vn -0.7826 0.6225 0.0087
vn -0.7573 0.6382 -0.1386
vn -0.7110 0.6377 -0.2963
vn -0.6437 0.6543 -0.3970
vn -0.5134 0.6579 -0.5509
vn -0.4087 0.6326 -0.6579
vn -0.3004 0.6226 -0.7226
vn -0.1205 0.6113 -0.7821
vn -0.0047 -0.3014 -0.9535
vn 0.1540 -0.0986 -0.9831
vn 0.3685 -0.1472 -0.9179
vn 0.5930 -0.0363 -0.8044
vn 0.6600 -0.3476 -0.6660
vn 0.8212 -0.0211 -0.5702
vn 0.8857 -0.2785 -0.3714
vn 0.9754 -0.0342 -0.2179
vn 0.9830 -0.1839 -0.0014
vn 0.9782 -0.0450 0.2028
vn 0.9021 -0.2185 0.3721
vn 0.8355 -0.0472 0.5475
vn 0.6976 -0.1708 0.6958
vn 0.5725 -0.0890 0.8151
vn 0.2835 -0.0769 0.9559
vn 0.2005 0.1027 0.9743
vn 0.1098 -0.0706 0.9914
vn -0.2219 -0.0886 0.9710
vn -0.3792 -0.1919 0.9052
vn -0.5382 -0.0960 0.8373
vn -0.7973 -0.0983 0.5955
vn -0.8589 -0.0698 0.5074
vn -0.8515 -0.0910 0.5164
vn -0.9711 -0.0940 0.2195
vn -0.9708 -0.2397 0.0001
vn -0.9789 -0.0427 -0.1998
vn -0.8623 -0.2063 -0.4625
vn -0.8524 -0.0199 -0.5226
vn -0.6241 -0.1264 -0.7711
vn -0.4857 -0.0422 -0.8731
vn -0.5448 -0.1541 -0.8243
vn -0.2126 -0.1391 -0.9672
vn 0.0028 -0.9956 -0.0938
vn 0.0539 -0.9923 -0.1115
vn 0.0500 -0.9942 -0.0953
vn 0.0409 -0.9905 -0.1313
vn 0.0659 -0.9957 -0.0658
vn 0.1230 -0.9903 -0.0642
vn 0.0932 -0.9951 -0.0327
vn 0.1351 -0.9908 -0.0049
vn 0.1065 -0.9943 0.0043
vn 0.1295 -0.9913 0.0218
vn 0.0962 -0.9943 0.0454
vn 0.1030 -0.9911 0.0848
vn 0.0758 -0.9937 0.0825
vn 0.0450 -0.9919 0.1192
vn -0.0192 -0.9877 0.1551
vn 0.0270 -0.9886 0.1482
vn 0.0754 -0.9875 0.1383
vn 0.0046 -0.9915 0.1304
vn -0.0408 -0.9935 0.1060
vn -0.0860 -0.9918 0.0941
vn -0.1427 -0.9884 0.0521
vn -0.1191 -0.9906 0.0672
vn -0.1019 -0.9887 0.1100
vn -0.1180 -0.9904 0.0723
vn -0.1066 -0.9943 0.0001
vn -0.1304 -0.9907 -0.0397
vn -0.0903 -0.9932 -0.0731
vn -0.1007 -0.9914 -0.0836
vn -0.0679 -0.9888 -0.1332
vn -0.0870 -0.9904 -0.1073
vn -0.1415 -0.9871 -0.0746
vn -0.0730 -0.9917 -0.1058
vn -0.0006 0.8597 0.5108
vn -0.0006 0.7784 0.6278
vn 0.0782 0.8606 0.5032
vn 0.1164 0.7786 0.6166
vn 0.1621 0.8621 0.4801
vn 0.2299 0.7791 0.5832
vn 0.2403 0.8650 0.4405
vn 0.3355 0.7802 0.5280
vn 0.3103 0.8679 0.3879
vn 0.4293 0.7813 0.4530
vn 0.3716 0.8714 0.3204
vn 0.5080 0.7825 0.3600
vn 0.4225 0.8753 0.2353
vn 0.5673 0.7840 0.2520
vn 0.4583 0.8789 0.1322
vn 0.6044 0.7854 0.1335
vn 0.4717 0.8816 0.0131
vn 0.6171 0.7869 0.0094
vn 0.4579 0.8827 -0.1059
vn 0.6048 0.7881 -0.1147
vn 0.4218 0.8823 -0.2090
vn 0.5682 0.7891 -0.2335
vn 0.3703 0.8812 -0.2937
vn 0.5091 0.7899 -0.3419
vn 0.3090 0.8801 -0.3605
vn 0.4306 0.7906 -0.4353
vn 0.2392 0.8788 -0.4128
vn 0.3365 0.7909 -0.5110
vn 0.1610 0.8773 -0.4522
vn 0.2303 0.7911 -0.5667
vn 0.0772 0.8766 -0.4750
vn 0.1163 0.7913 -0.6003
vn -0.0014 0.8760 -0.4824
vn -0.0011 0.7912 -0.6115
vn -0.0799 0.8765 -0.4748
vn -0.1190 0.7909 -0.6003
vn -0.1638 0.8769 -0.4519
vn -0.2329 0.7907 -0.5661
vn -0.2419 0.8784 -0.4122
vn -0.3389 0.7902 -0.5106
vn -0.3120 0.8794 -0.3596
vn -0.4331 0.7897 -0.4346
vn -0.3731 0.8806 -0.2922
vn -0.5114 0.7889 -0.3407
vn -0.4241 0.8815 -0.2075
vn -0.5703 0.7880 -0.2321
vn -0.4603 0.8815 -0.1048
vn -0.6065 0.7870 -0.1133
vn -0.4742 0.8803 0.0142
vn -0.6185 0.7857 0.0107
vn -0.4604 0.8776 0.1333
vn -0.6054 0.7844 0.1350
vn -0.4243 0.8742 0.2360
vn -0.5679 0.7831 0.2533
vn -0.3733 0.8704 0.3209
vn -0.5086 0.7818 0.3607
vn -0.3119 0.8671 0.3884
vn -0.4302 0.7806 0.4535
vn -0.2418 0.8644 0.4409
vn -0.3360 0.7796 0.5286
vn -0.1637 0.8617 0.4803
vn -0.2303 0.7790 0.5832
vn -0.0796 0.8604 0.5033
vn -0.1175 0.7785 0.6165
vn 0.0999 0.8446 0.5259
vn -0.0005 0.8443 0.5358
vn 0.1967 0.8456 0.4962
vn 0.2860 0.8472 0.4477
vn 0.3642 0.8492 0.3825
vn 0.4287 0.8512 0.3028
vn 0.4769 0.8531 0.2115
vn 0.5066 0.8548 0.1123
vn 0.5168 0.8561 0.0090
vn 0.5070 0.8567 -0.0944
vn 0.4777 0.8569 -0.1939
vn 0.4298 0.8566 -0.2856
vn 0.3654 0.8559 -0.3659
vn 0.2869 0.8551 -0.4318
vn 0.1971 0.8544 -0.4807
vn 0.0998 0.8540 -0.5107
vn -0.0011 0.8537 -0.5207
vn -0.1023 0.8537 -0.5106
vn -0.1995 0.8541 -0.4804
vn -0.2891 0.8546 -0.4314
vn -0.3676 0.8552 -0.3654
vn -0.4319 0.8557 -0.2849
vn -0.4796 0.8560 -0.1930
vn -0.5087 0.8558 -0.0934
vn -0.5182 0.8552 0.0099
vn -0.5077 0.8541 0.1133
vn -0.4776 0.8525 0.2123
vn -0.4295 0.8507 0.3032
vn -0.3650 0.8487 0.3828
vn -0.2865 0.8469 0.4479
vn -0.1973 0.8456 0.4961
vn -0.1009 0.8447 0.5257
vn -0.0002 0.7255 0.6883
vn 0.1199 0.7259 0.6773
vn 0.1297 0.7037 0.6985
vn -0.0003 0.7034 0.7108
vn 0.2392 0.7268 0.6438
vn 0.2563 0.7042 0.6621
vn 0.3527 0.7286 0.5872
vn 0.3758 0.7050 0.6015
vn 0.4557 0.7305 0.5086
vn 0.4833 0.7061 0.5176
vn 0.5433 0.7324 0.4105
vn 0.5736 0.7074 0.4129
vn 0.6127 0.7343 0.2921
vn 0.6429 0.7090 0.2899
vn 0.6585 0.7362 0.1560
vn 0.6865 0.7108 0.1531
vn 0.6743 0.7383 0.0102
vn 0.7012 0.7129 0.0095
vn 0.6579 0.7408 -0.1356
vn 0.6862 0.7150 -0.1342
vn 0.6115 0.7433 -0.2713
vn 0.6421 0.7171 -0.2710
vn 0.5417 0.7451 -0.3891
vn 0.5728 0.7190 -0.3936
vn 0.4541 0.7464 -0.4865
vn 0.4824 0.7207 -0.4979
vn 0.3511 0.7470 -0.5646
vn 0.3747 0.7220 -0.5817
vn 0.2377 0.7470 -0.6209
vn 0.2552 0.7229 -0.6421
vn 0.1185 0.7471 -0.6540
vn 0.1286 0.7235 -0.6783
vn -0.0012 0.7470 -0.6648
vn -0.0013 0.7235 -0.6903
vn -0.1209 0.7468 -0.6540
vn -0.1311 0.7231 -0.6782
vn -0.2400 0.7465 -0.6207
vn -0.2576 0.7222 -0.6419
vn -0.3533 0.7461 -0.5643
vn -0.3771 0.7209 -0.5815
vn -0.4563 0.7454 -0.4860
vn -0.4848 0.7194 -0.4975
vn -0.5439 0.7439 -0.3883
vn -0.5752 0.7175 -0.3928
vn -0.6136 0.7419 -0.2704
vn -0.6445 0.7155 -0.2696
vn -0.6599 0.7392 -0.1346
vn -0.6881 0.7133 -0.1328
vn -0.6762 0.7366 0.0112
vn -0.7029 0.7112 0.0107
vn -0.6602 0.7345 0.1572
vn -0.6880 0.7091 0.1543
vn -0.6141 0.7327 0.2932
vn -0.6442 0.7073 0.2911
vn -0.5444 0.7310 0.4114
vn -0.5748 0.7059 0.4139
vn -0.4567 0.7294 0.5094
vn -0.4842 0.7048 0.5185
vn -0.3535 0.7277 0.5878
vn -0.3764 0.7039 0.6024
vn -0.2401 0.7263 0.6441
vn -0.2569 0.7034 0.6628
vn -0.1206 0.7256 0.6775
vn -0.1304 0.7033 0.6989
vn 0.1922 -0.0716 0.9787
vn 0.0009 -0.0710 0.9975
vn 0.3767 -0.0734 0.9234
vn 0.5478 -0.0758 0.8331
vn 0.6992 -0.0779 0.7107
vn 0.8247 -0.0792 0.5601
vn 0.9189 -0.0795 0.3865
vn 0.9773 -0.0788 0.1967
vn 0.9970 -0.0771 -0.0016
vn 0.9770 -0.0746 -0.1998
vn 0.9182 -0.0713 -0.3896
vn 0.8238 -0.0673 -0.5629
vn 0.6980 -0.0628 -0.7133
vn 0.5465 -0.0581 -0.8354
vn 0.3752 -0.0539 -0.9254
vn 0.1906 -0.0509 -0.9803
vn -0.0007 -0.0499 -0.9988
vn -0.1921 -0.0513 -0.9800
vn -0.3766 -0.0546 -0.9248
vn -0.5477 -0.0591 -0.8346
vn -0.6990 -0.0641 -0.7122
vn -0.8245 -0.0689 -0.5616
vn -0.9187 -0.0730 -0.3881
vn -0.9772 -0.0764 -0.1983
vn -0.9969 -0.0790 -0.0000
vn -0.9768 -0.0806 0.1982
vn -0.9181 -0.0812 0.3879
vn -0.8236 -0.0807 0.5614
vn -0.6979 -0.0792 0.7118
vn -0.5464 -0.0768 0.8340
vn -0.3751 -0.0741 0.9240
vn -0.1905 -0.0720 0.9790
vn 0.1018 -0.8551 0.5084
vn 0.0012 -0.8543 0.5197
vn 0.1974 -0.8572 0.4756
vn 0.2835 -0.8603 0.4236
vn 0.3572 -0.8637 0.3556
vn 0.4162 -0.8667 0.2750
vn 0.4592 -0.8688 0.1852
vn 0.4853 -0.8698 0.0893
vn 0.4940 -0.8694 -0.0096
vn 0.4851 -0.8677 -0.1085
vn 0.4589 -0.8647 -0.2043
vn 0.4158 -0.8606 -0.2940
vn 0.3566 -0.8560 -0.3744
vn 0.2829 -0.8512 -0.4422
vn 0.1966 -0.8470 -0.4939
vn 0.1010 -0.8441 -0.5266
vn 0.0004 -0.8431 -0.5377
vn -0.1002 -0.8443 -0.5264
vn -0.1958 -0.8473 -0.4936
vn -0.2820 -0.8517 -0.4417
vn -0.3556 -0.8566 -0.3738
vn -0.4146 -0.8614 -0.2933
vn -0.4576 -0.8655 -0.2036
vn -0.4837 -0.8686 -0.1077
vn -0.4924 -0.8703 -0.0088
vn -0.4835 -0.8707 0.0901
vn -0.4573 -0.8697 0.1860
vn -0.4142 -0.8674 0.2757
vn -0.3550 -0.8643 0.3562
vn -0.2813 -0.8609 0.4240
vn -0.1950 -0.8576 0.4759
vn -0.0994 -0.8552 0.5086
vn -0.0017 -0.9994 -0.0358
vn 0.0846 -0.9069 0.4127
vn 0.0008 -0.9994 -0.0349
vn 0.0012 -0.9065 0.4223
vn -0.0090 -0.9993 -0.0372
vn 0.1625 -0.9082 0.3857
vn -0.0147 -0.9991 -0.0396
vn 0.2335 -0.9099 0.3428
vn -0.0229 -0.9990 -0.0376
vn 0.2934 -0.9115 0.2882
vn -0.0318 -0.9989 -0.0354
vn 0.3422 -0.9130 0.2221
vn -0.0381 -0.9988 -0.0294
vn 0.3776 -0.9138 0.1494
vn -0.0440 -0.9989 -0.0185
vn 0.3994 -0.9140 0.0716
vn -0.0452 -0.9989 -0.0129
vn 0.4067 -0.9135 -0.0107
vn -0.0429 -0.9991 0.0006
vn 0.3992 -0.9124 -0.0907
vn -0.0388 -0.9992 0.0083
vn 0.3776 -0.9104 -0.1690
vn -0.0321 -0.9994 0.0126
vn 0.3415 -0.9080 -0.2428
vn -0.0220 -0.9996 0.0180
vn 0.2932 -0.9054 -0.3072
vn -0.0154 -0.9997 0.0178
vn 0.2327 -0.9024 -0.3627
vn -0.0081 -0.9998 0.0163
vn 0.1621 -0.8998 -0.4050
vn -0.0025 -0.9999 0.0147
vn 0.0838 -0.8980 -0.4319
vn 0.0010 -0.9999 0.0135
vn 0.0005 -0.8973 -0.4414
vn 0.0044 -0.9999 0.0148
vn -0.0828 -0.8982 -0.4318
vn 0.0100 -0.9998 0.0163
vn -0.1610 -0.9001 -0.4048
vn 0.0173 -0.9997 0.0178
vn -0.2316 -0.9028 -0.3623
vn 0.0238 -0.9996 0.0180
vn -0.2920 -0.9059 -0.3067
vn 0.0340 -0.9993 0.0125
vn -0.3402 -0.9086 -0.2423
vn 0.0407 -0.9991 0.0083
vn -0.3761 -0.9111 -0.1684
vn 0.0447 -0.9990 0.0005
vn -0.3976 -0.9131 -0.0901
vn 0.0470 -0.9988 -0.0129
vn -0.4050 -0.9143 -0.0100
vn 0.0458 -0.9988 -0.0187
vn -0.3976 -0.9147 0.0722
vn 0.0399 -0.9988 -0.0294
vn -0.3756 -0.9145 0.1500
vn 0.0336 -0.9988 -0.0354
vn -0.3401 -0.9136 0.2227
vn 0.0248 -0.9990 -0.0377
vn -0.2913 -0.9120 0.2887
vn 0.0164 -0.9991 -0.0396
vn -0.2312 -0.9104 0.3432
vn 0.0108 -0.9992 -0.0372
vn -0.1602 -0.9085 0.3860
vn 0.0036 -0.9994 -0.0358
vn -0.0822 -0.9071 0.4128
vn -0.0013 0.9999 0.0153
vn -0.0448 -0.9652 -0.2577
vn 0.0006 -0.9651 -0.2620
vn -0.0942 -0.9650 -0.2447
vn -0.1358 -0.9647 -0.2258
vn -0.1775 -0.9647 -0.1946
vn -0.2124 -0.9642 -0.1590
vn -0.2380 -0.9646 -0.1136
vn -0.2572 -0.9644 -0.0609
vn -0.2620 -0.9650 -0.0133
vn -0.2547 -0.9660 0.0449
vn -0.2390 -0.9664 0.0945
vn -0.2128 -0.9676 0.1356
vn -0.1750 -0.9686 0.1763
vn -0.1365 -0.9694 0.2042
vn -0.0924 -0.9702 0.2242
vn -0.0454 -0.9705 0.2368
vn 0.0011 -0.9706 0.2405
vn 0.0475 -0.9704 0.2368
vn 0.0946 -0.9700 0.2240
vn 0.1387 -0.9691 0.2040
vn 0.1771 -0.9683 0.1761
vn 0.2149 -0.9672 0.1352
vn 0.2410 -0.9660 0.0941
vn 0.2566 -0.9655 0.0444
vn 0.2639 -0.9645 -0.0137
vn 0.2589 -0.9640 -0.0615
vn 0.2397 -0.9641 -0.1140
vn 0.2140 -0.9638 -0.1592
vn 0.1791 -0.9643 -0.1949
vn 0.1372 -0.9644 -0.2260
vn 0.0956 -0.9648 -0.2449
vn 0.0464 -0.9651 -0.2577
vn 0.0010 -0.9999 -0.0112
vn -0.0005 0.8319 -0.5549
vn -0.0010 0.9473 -0.3202
vn 0.1080 0.8320 -0.5442
vn 0.0621 0.9474 -0.3140
vn 0.2122 0.8319 -0.5127
vn 0.1246 0.9461 -0.2990
vn 0.3084 0.8318 -0.4616
vn 0.1785 0.9478 -0.2644
vn 0.3931 0.8316 -0.3923
vn 0.2241 0.9491 -0.2214
vn 0.4623 0.8316 -0.3078
vn 0.2711 0.9459 -0.1784
vn 0.5134 0.8316 -0.2117
vn 0.2987 0.9467 -0.1206
vn 0.5450 0.8315 -0.1075
vn 0.3167 0.9466 -0.0598
vn 0.5557 0.8314 0.0010
vn 0.3226 0.9465 0.0034
vn 0.5450 0.8312 0.1095
vn 0.3162 0.9463 0.0665
vn 0.5134 0.8311 0.2137
vn 0.2977 0.9462 0.1271
vn 0.4620 0.8310 0.3099
vn 0.2682 0.9458 0.1831
vn 0.3929 0.8308 0.3941
vn 0.2276 0.9458 0.2318
vn 0.3084 0.8308 0.4634
vn 0.1781 0.9459 0.2713
vn 0.2105 0.8309 0.5151
vn 0.1211 0.9467 0.2985
vn 0.1066 0.8308 0.5463
vn 0.0627 0.9451 0.3208
vn -0.0010 0.8322 0.5545
vn -0.0008 0.9492 0.3146
vn -0.1064 0.8331 0.5428
vn -0.0629 0.9417 0.3306
vn -0.2073 0.8325 0.5138
vn -0.1171 0.9480 0.2960
vn -0.3065 0.8313 0.4637
vn -0.1762 0.9468 0.2693
vn -0.3926 0.8310 0.3942
vn -0.2281 0.9456 0.2320
vn -0.4618 0.8310 0.3103
vn -0.2689 0.9455 0.1837
vn -0.5135 0.8309 0.2144
vn -0.2986 0.9458 0.1275
vn -0.5455 0.8309 0.1099
vn -0.3180 0.9457 0.0669
vn -0.5563 0.8310 0.0014
vn -0.3240 0.9460 0.0037
vn -0.5456 0.8311 -0.1071
vn -0.3182 0.9461 -0.0594
vn -0.5141 0.8313 -0.2113
vn -0.2996 0.9465 -0.1198
vn -0.4628 0.8314 -0.3075
vn -0.2701 0.9466 -0.1761
vn -0.3936 0.8316 -0.3919
vn -0.2298 0.9468 -0.2253
vn -0.3094 0.8317 -0.4611
vn -0.1808 0.9470 -0.2655
vn -0.2133 0.8318 -0.5125
vn -0.1249 0.9472 -0.2955
vn -0.1090 0.8319 -0.5442
vn -0.0641 0.9473 -0.3139
vn -0.0005 0.8064 -0.5913
vn 0.1147 0.8066 -0.5799
vn 0.2261 0.8067 -0.5460
vn 0.3288 0.8065 -0.4914
vn 0.4185 0.8064 -0.4180
vn 0.4922 0.8063 -0.3282
vn 0.5470 0.8061 -0.2258
vn 0.5807 0.8060 -0.1147
vn 0.5921 0.8058 0.0009
vn 0.5808 0.8057 0.1165
vn 0.5471 0.8055 0.2276
vn 0.4924 0.8053 0.3303
vn 0.4189 0.8050 0.4200
vn 0.3292 0.8050 0.4936
vn 0.2248 0.8051 0.5489
vn 0.1145 0.8044 0.5830
vn 0.0012 0.8044 0.5941
vn -0.1149 0.8044 0.5829
vn -0.2256 0.8043 0.5497
vn -0.3283 0.8048 0.4945
vn -0.4190 0.8049 0.4202
vn -0.4927 0.8051 0.3303
vn -0.5476 0.8051 0.2279
vn -0.5813 0.8052 0.1169
vn -0.5927 0.8054 0.0013
vn -0.5814 0.8056 -0.1143
vn -0.5477 0.8057 -0.2254
vn -0.4930 0.8059 -0.3278
vn -0.4194 0.8060 -0.4176
vn -0.3296 0.8062 -0.4914
vn -0.2272 0.8063 -0.5461
vn -0.1161 0.8064 -0.5799
vn -0.0005 0.5889 -0.8082
vn 0.1555 0.5900 -0.7923
vn 0.3084 0.5915 -0.7450
vn 0.4496 0.5897 -0.6709
vn 0.5715 0.5890 -0.5714
vn 0.6722 0.5888 -0.4488
vn 0.7471 0.5885 -0.3091
vn 0.7932 0.5883 -0.1573
vn 0.8088 0.5881 0.0005
vn 0.7933 0.5879 0.1583
vn 0.7473 0.5877 0.3102
vn 0.6724 0.5875 0.4502
vn 0.5723 0.5868 0.5729
vn 0.4499 0.5866 0.6734
vn 0.3092 0.5869 0.7483
vn 0.1574 0.5876 0.7937
vn 0.0002 0.5879 0.8089
vn -0.1574 0.5871 0.7941
vn -0.3085 0.5871 0.7484
vn -0.4483 0.5872 0.6739
vn -0.5715 0.5876 0.5728
vn -0.6727 0.5874 0.4499
vn -0.7476 0.5870 0.3106
vn -0.7936 0.5873 0.1589
vn -0.8092 0.5875 0.0011
vn -0.7937 0.5877 -0.1567
vn -0.7477 0.5880 -0.3085
vn -0.6730 0.5882 -0.4484
vn -0.5724 0.5885 -0.5710
vn -0.4499 0.5886 -0.6717
vn -0.3101 0.5887 -0.7465
vn -0.1584 0.5889 -0.7926
vn -0.0005 0.2655 -0.9641
vn 0.1860 0.2652 -0.9461
vn 0.3666 0.2686 -0.8907
vn 0.5362 0.2654 -0.8013
vn 0.6815 0.2656 -0.6819
vn 0.8016 0.2653 -0.5357
vn 0.8908 0.2651 -0.3691
vn 0.9458 0.2648 -0.1882
vn 0.9644 0.2645 -0.0000
vn 0.9459 0.2642 0.1882
vn 0.8911 0.2640 0.3692
vn 0.8019 0.2636 0.5362
vn 0.6819 0.2628 0.6826
vn 0.5368 0.2620 0.8020
vn 0.3698 0.2624 0.8913
vn 0.1884 0.2622 0.9464
vn 0.0004 0.2625 0.9649
vn -0.1880 0.2630 0.9463
vn -0.3686 0.2630 0.8916
vn -0.5349 0.2630 0.8029
vn -0.6817 0.2642 0.6823
vn -0.8022 0.2632 0.5359
vn -0.8910 0.2633 0.3698
vn -0.9460 0.2635 0.1889
vn -0.9646 0.2638 0.0007
vn -0.9461 0.2641 -0.1875
vn -0.8913 0.2644 -0.3684
vn -0.8022 0.2647 -0.5352
vn -0.6823 0.2649 -0.6814
vn -0.5362 0.2651 -0.8014
vn -0.3695 0.2653 -0.8906
vn -0.1886 0.2654 -0.9455
vn -0.0005 0.0913 -0.9958
vn 0.1935 0.0906 -0.9769
vn 0.3811 0.0904 -0.9201
vn 0.5531 0.0910 -0.8282
vn 0.7039 0.0911 -0.7044
vn 0.8278 0.0910 -0.5535
vn 0.9200 0.0908 -0.3813
vn 0.9767 0.0905 -0.1945
vn 0.9959 0.0902 -0.0003
vn 0.9769 0.0900 0.1940
vn 0.9202 0.0897 0.3809
vn 0.8279 0.0888 0.5538
vn 0.7046 0.0875 0.7042
vn 0.5549 0.0880 0.8272
vn 0.3816 0.0887 0.9201
vn 0.1952 0.0881 0.9768
vn 0.0008 0.0884 0.9961
vn -0.1941 0.0883 0.9770
vn -0.3808 0.0882 0.9205
vn -0.5526 0.0881 0.8288
vn -0.7041 0.0884 0.7046
vn -0.8282 0.0885 0.5534
vn -0.9200 0.0890 0.3816
vn -0.9768 0.0892 0.1948
vn -0.9960 0.0895 0.0005
vn -0.9769 0.0898 -0.1938
vn -0.9203 0.0900 -0.3807
vn -0.8283 0.0903 -0.5529
vn -0.7045 0.0906 -0.7039
vn -0.5537 0.0908 -0.8278
vn -0.3815 0.0910 -0.9199
vn -0.1947 0.0912 -0.9766
vn -0.0006 0.2138 -0.9769
vn 0.1902 0.2139 -0.9582
vn 0.3735 0.2140 -0.9026
vn 0.5425 0.2140 -0.8123
vn 0.6907 0.2137 -0.6908
vn 0.8122 0.2134 -0.5429
vn 0.9026 0.2132 -0.3740
vn 0.9583 0.2130 -0.1907
vn 0.9771 0.2127 -0.0001
vn 0.9584 0.2124 0.1906
vn 0.9029 0.2122 0.3739
vn 0.8115 0.2106 0.5451
vn 0.6921 0.2098 0.6907
vn 0.5458 0.2102 0.8111
vn 0.3743 0.2120 0.9027
vn 0.1911 0.2115 0.9585
vn 0.0006 0.2110 0.9775
vn -0.1905 0.2108 0.9588
vn -0.3736 0.2113 0.9032
vn -0.5423 0.2108 0.8133
vn -0.6909 0.2107 0.6916
vn -0.8125 0.2111 0.5434
vn -0.9028 0.2115 0.3746
vn -0.9584 0.2117 0.1913
vn -0.9773 0.2120 0.0007
vn -0.9586 0.2122 -0.1900
vn -0.9030 0.2125 -0.3733
vn -0.8128 0.2128 -0.5423
vn -0.6913 0.2130 -0.6904
vn -0.5433 0.2133 -0.8120
vn -0.3744 0.2135 -0.9024
vn -0.1911 0.2136 -0.9580
vn -0.0007 0.2794 -0.9602
vn 0.1868 0.2795 -0.9418
vn 0.3659 0.2807 -0.8873
vn 0.5329 0.2819 -0.7979
vn 0.6794 0.2802 -0.6782
vn 0.7984 0.2791 -0.5336
vn 0.8872 0.2789 -0.3675
vn 0.9419 0.2787 -0.1874
vn 0.9604 0.2785 -0.0000
vn 0.9421 0.2782 0.1874
vn 0.8875 0.2779 0.3676
vn 0.7969 0.2777 0.5366
vn 0.6808 0.2761 0.6784
vn 0.5376 0.2774 0.7963
vn 0.3677 0.2775 0.8876
vn 0.1875 0.2772 0.9423
vn -0.0013 0.2745 0.9616
vn -0.1873 0.2724 0.9438
vn -0.3658 0.2748 0.8892
vn -0.5333 0.2770 0.7993
vn -0.6791 0.2769 0.6799
vn -0.7986 0.2770 0.5343
vn -0.8874 0.2773 0.3683
vn -0.9421 0.2775 0.1881
vn -0.9607 0.2777 0.0008
vn -0.9423 0.2780 -0.1867
vn -0.8877 0.2783 -0.3669
vn -0.7990 0.2785 -0.5330
vn -0.6796 0.2788 -0.6786
vn -0.5341 0.2790 -0.7981
vn -0.3680 0.2792 -0.8869
vn -0.1879 0.2793 -0.9416
vn -0.0005 0.0949 -0.9955
vn 0.1938 0.0948 -0.9764
vn 0.3789 0.0948 -0.9206
vn 0.5515 0.0961 -0.8286
vn 0.7047 0.0945 -0.7032
vn 0.8276 0.0943 -0.5533
vn 0.9197 0.0941 -0.3813
vn 0.9764 0.0939 -0.1945
vn 0.9956 0.0938 -0.0003
vn 0.9765 0.0936 0.1940
vn 0.9199 0.0934 0.3808
vn 0.8267 0.0944 0.5547
vn 0.7049 0.0950 0.7029
vn 0.5558 0.0944 0.8259
vn 0.3813 0.0925 0.9198
vn 0.1944 0.0925 0.9766
vn -0.0027 0.0925 0.9957
vn -0.1928 0.0907 0.9770
vn -0.3775 0.0922 0.9214
vn -0.5529 0.0923 0.8281
vn -0.7038 0.0924 0.7044
vn -0.8277 0.0926 0.5535
vn -0.9197 0.0927 0.3815
vn -0.9764 0.0930 0.1947
vn -0.9956 0.0933 0.0005
vn -0.9766 0.0935 -0.1938
vn -0.9200 0.0938 -0.3806
vn -0.8281 0.0940 -0.5527
vn -0.7043 0.0943 -0.7036
vn -0.5535 0.0946 -0.8275
vn -0.3814 0.0948 -0.9195
vn -0.1947 0.0950 -0.9763
vn -0.0011 0.2180 -0.9759
vn 0.1893 0.2191 -0.9572
vn 0.3729 0.2181 -0.9019
vn 0.5427 0.2165 -0.8116
vn 0.6904 0.2169 -0.6902
vn 0.8114 0.2173 -0.5426
vn 0.9017 0.2173 -0.3738
vn 0.9574 0.2171 -0.1906
vn 0.9762 0.2171 -0.0003
vn 0.9574 0.2170 0.1903
vn 0.9019 0.2165 0.3738
vn 0.8114 0.2166 0.5428
vn 0.6902 0.2174 0.6902
vn 0.5431 0.2166 0.8112
vn 0.3738 0.2153 0.9022
vn 0.1906 0.2151 0.9578
vn -0.0012 0.2166 0.9763
vn -0.1901 0.2185 0.9571
vn -0.3717 0.2167 0.9027
vn -0.5422 0.2149 0.8123
vn -0.6902 0.2149 0.6909
vn -0.8117 0.2151 0.5431
vn -0.9019 0.2155 0.3744
vn -0.9574 0.2162 0.1913
vn -0.9763 0.2165 0.0005
vn -0.9576 0.2164 -0.1900
vn -0.9022 0.2166 -0.3730
vn -0.8120 0.2169 -0.5418
vn -0.6906 0.2171 -0.6899
vn -0.5427 0.2172 -0.8114
vn -0.3741 0.2172 -0.9016
vn -0.1910 0.2173 -0.9572
vn -0.0030 0.5885 -0.8085
vn 0.1554 0.5892 -0.7929
vn 0.3101 0.5884 -0.7467
vn 0.4492 0.5885 -0.6723
vn 0.5708 0.5890 -0.5721
vn 0.6712 0.5894 -0.4495
vn 0.7458 0.5899 -0.3095
vn 0.7920 0.5900 -0.1571
vn 0.8072 0.5903 -0.0000
vn 0.7926 0.5889 0.1580
vn 0.7455 0.5897 0.3107
vn 0.6707 0.5900 0.4495
vn 0.5714 0.5884 0.5721
vn 0.4491 0.5871 0.6735
vn 0.3091 0.5866 0.7486
vn 0.1573 0.5861 0.7949
vn -0.0004 0.5858 0.8105
vn -0.1577 0.5859 0.7949
vn -0.3091 0.5863 0.7488
vn -0.4489 0.5870 0.6738
vn -0.5715 0.5877 0.5726
vn -0.6712 0.5887 0.4506
vn -0.7449 0.5901 0.3113
vn -0.7914 0.5902 0.1592
vn -0.8073 0.5901 0.0004
vn -0.7911 0.5911 -0.1572
vn -0.7461 0.5900 -0.3086
vn -0.6721 0.5894 -0.4482
vn -0.5716 0.5889 -0.5714
vn -0.4490 0.5895 -0.6715
vn -0.3097 0.5892 -0.7463
vn -0.1579 0.5882 -0.7931
vn -0.0020 -0.1529 -0.9882
vn 0.1915 -0.1481 -0.9703
vn 0.3794 -0.1538 -0.9124
vn 0.5497 -0.1522 -0.8214
vn 0.6991 -0.1508 -0.6989
vn 0.8219 -0.1512 -0.5492
vn 0.9133 -0.1492 -0.3789
vn 0.9698 -0.1488 -0.1935
vn 0.9886 -0.1503 -0.0014
vn 0.9699 -0.1498 0.1919
vn 0.9135 -0.1495 0.3784
vn 0.8229 -0.1491 0.5482
vn 0.7005 -0.1518 0.6974
vn 0.5503 -0.1529 0.8208
vn 0.3793 -0.1537 0.9124
vn 0.1938 -0.1544 0.9688
vn 0.0008 -0.1550 0.9879
vn -0.1927 -0.1548 0.9690
vn -0.3787 -0.1539 0.9126
vn -0.5496 -0.1529 0.8213
vn -0.6995 -0.1514 0.6985
vn -0.8224 -0.1540 0.5476
vn -0.9141 -0.1476 0.3776
vn -0.9698 -0.1485 0.1932
vn -0.9890 -0.1481 -0.0006
vn -0.9701 -0.1478 -0.1928
vn -0.9141 -0.1491 -0.3771
vn -0.8222 -0.1516 -0.5487
vn -0.6994 -0.1492 -0.6989
vn -0.5504 -0.1515 -0.8210
vn -0.3796 -0.1491 -0.9131
vn -0.1931 -0.1528 -0.9692
vn 0.0004 -0.2087 -0.9780
vn 0.1904 -0.2076 -0.9595
vn 0.3731 -0.2079 -0.9042
vn 0.5433 -0.2078 -0.8134
vn 0.6915 -0.2077 -0.6919
vn 0.8131 -0.2090 -0.5433
vn 0.9036 -0.2081 -0.3744
vn 0.9591 -0.2080 -0.1919
vn 0.9780 -0.2084 -0.0010
vn 0.9594 -0.2084 0.1900
vn 0.9040 -0.2087 0.3732
vn 0.8139 -0.2096 0.5419
vn 0.6925 -0.2100 0.6902
vn 0.5440 -0.2106 0.8122
vn 0.3752 -0.2110 0.9026
vn 0.1917 -0.2115 0.9584
vn 0.0007 -0.2115 0.9774
vn -0.1904 -0.2110 0.9588
vn -0.3742 -0.2110 0.9030
vn -0.5433 -0.2109 0.8126
vn -0.6909 -0.2094 0.6920
vn -0.8138 -0.2090 0.5422
vn -0.9042 -0.2100 0.3720
vn -0.9593 -0.2085 0.1904
vn -0.9781 -0.2083 -0.0000
vn -0.9595 -0.2079 -0.1900
vn -0.9043 -0.2071 -0.3733
vn -0.8134 -0.2062 -0.5439
vn -0.6913 -0.2094 -0.6915
vn -0.5445 -0.2072 -0.8128
vn -0.3745 -0.2088 -0.9034
vn -0.1908 -0.2090 -0.9591
vn -0.0011 0.6105 -0.7920
vn 0.1530 0.6109 -0.7768
vn 0.3014 0.6115 -0.7316
vn 0.4382 0.6119 -0.6585
vn 0.5581 0.6119 -0.5604
vn 0.6570 0.6118 -0.4404
vn 0.7307 0.6117 -0.3031
vn 0.7759 0.6116 -0.1544
vn 0.7913 0.6115 0.0003
vn 0.7761 0.6112 0.1550
vn 0.7313 0.6104 0.3043
vn 0.6585 0.6095 0.4415
vn 0.5598 0.6096 0.5613
vn 0.4392 0.6095 0.6600
vn 0.3024 0.6089 0.7334
vn 0.1538 0.6085 0.7785
vn -0.0004 0.6083 0.7937
vn -0.1539 0.6084 0.7785
vn -0.3021 0.6088 0.7335
vn -0.4387 0.6094 0.6604
vn -0.5582 0.6106 0.5618
vn -0.6587 0.6094 0.4413
vn -0.7332 0.6073 0.3058
vn -0.7772 0.6094 0.1571
vn -0.7914 0.6113 0.0008
vn -0.7758 0.6119 -0.1540
vn -0.7301 0.6126 -0.3028
vn -0.6569 0.6124 -0.4398
vn -0.5588 0.6117 -0.5600
vn -0.4393 0.6115 -0.6581
vn -0.3019 0.6113 -0.7315
vn -0.1539 0.6105 -0.7770
vn -0.0004 -0.2171 -0.9762
vn 0.1904 -0.2162 -0.9576
vn 0.3735 -0.2157 -0.9022
vn 0.5422 -0.2154 -0.8122
vn 0.6902 -0.2154 -0.6909
vn 0.8117 -0.2148 -0.5431
vn 0.9020 -0.2149 -0.3745
vn 0.9577 -0.2149 -0.1914
vn 0.9766 -0.2151 -0.0009
vn 0.9579 -0.2155 0.1895
vn 0.9025 -0.2162 0.3724
vn 0.8116 -0.2205 0.5410
vn 0.6910 -0.2174 0.6894
vn 0.5433 -0.2178 0.8108
vn 0.3745 -0.2191 0.9010
vn 0.1915 -0.2190 0.9567
vn 0.0007 -0.2198 0.9755
vn -0.1903 -0.2198 0.9568
vn -0.3737 -0.2195 0.9012
vn -0.5424 -0.2196 0.8109
vn -0.6905 -0.2173 0.6899
vn -0.8127 -0.2175 0.5405
vn -0.9010 -0.2242 0.3715
vn -0.9573 -0.2166 0.1913
vn -0.9765 -0.2155 -0.0003
vn -0.9577 -0.2153 -0.1907
vn -0.9023 -0.2149 -0.3738
vn -0.8122 -0.2150 -0.5423
vn -0.6904 -0.2165 -0.6903
vn -0.5426 -0.2158 -0.8118
vn -0.3740 -0.2159 -0.9020
vn -0.1908 -0.2173 -0.9573
vn 0.0004 -0.8885 -0.4589
vn 0.0911 -0.8883 -0.4502
vn 0.1772 -0.8881 -0.4241
vn 0.2564 -0.8880 -0.3818
vn 0.3260 -0.8878 -0.3248
vn 0.3831 -0.8876 -0.2556
vn 0.4254 -0.8876 -0.1769
vn 0.4516 -0.8875 -0.0910
vn 0.4606 -0.8876 -0.0014
vn 0.4517 -0.8878 0.0880
vn 0.4252 -0.8884 0.1729
vn 0.3821 -0.8891 0.2519
vn 0.3255 -0.8890 0.3220
vn 0.2569 -0.8891 0.3789
vn 0.1775 -0.8895 0.4211
vn 0.0916 -0.8897 0.4473
vn 0.0013 -0.8898 0.4563
vn -0.0900 -0.8898 0.4473
vn -0.1768 -0.8898 0.4207
vn -0.2563 -0.8895 0.3782
vn -0.3259 -0.8889 0.3218
vn -0.3828 -0.8886 0.2527
vn -0.4246 -0.8886 0.1735
vn -0.4509 -0.8883 0.0877
vn -0.4601 -0.8879 -0.0012
vn -0.4514 -0.8877 -0.0906
vn -0.4255 -0.8876 -0.1762
vn -0.3835 -0.8877 -0.2546
vn -0.3257 -0.8881 -0.3244
vn -0.2557 -0.8881 -0.3819
vn -0.1773 -0.8883 -0.4237
vn -0.0909 -0.8885 -0.4498
vn 0.0003 -0.9441 -0.3297
vn 0.0661 -0.9440 -0.3233
vn 0.1281 -0.9438 -0.3046
vn 0.1847 -0.9437 -0.2742
vn 0.2346 -0.9437 -0.2334
vn 0.2755 -0.9436 -0.1838
vn 0.3058 -0.9435 -0.1273
vn 0.3244 -0.9436 -0.0656
vn 0.3305 -0.9438 -0.0009
vn 0.3240 -0.9439 0.0632
vn 0.3054 -0.9441 0.1241
vn 0.2753 -0.9443 0.1803
vn 0.2346 -0.9444 0.2302
vn 0.1851 -0.9446 0.2711
vn 0.1281 -0.9448 0.3017
vn 0.0665 -0.9449 0.3205
vn 0.0011 -0.9452 0.3265
vn -0.0651 -0.9452 0.3201
vn -0.1277 -0.9451 0.3010
vn -0.1845 -0.9448 0.2707
vn -0.2338 -0.9446 0.2303
vn -0.2750 -0.9444 0.1803
vn -0.3053 -0.9442 0.1238
vn -0.3239 -0.9440 0.0631
vn -0.3305 -0.9438 -0.0005
vn -0.3246 -0.9436 -0.0649
vn -0.3063 -0.9435 -0.1266
vn -0.2760 -0.9436 -0.1830
vn -0.2343 -0.9437 -0.2334
vn -0.1842 -0.9437 -0.2747
vn -0.1278 -0.9438 -0.3048
vn -0.0656 -0.9440 -0.3233
vn 0.0004 -0.9750 -0.2222
vn 0.0452 -0.9749 -0.2179
vn 0.0873 -0.9748 -0.2052
vn 0.1254 -0.9747 -0.1848
vn 0.1587 -0.9747 -0.1571
vn 0.1859 -0.9747 -0.1237
vn 0.2060 -0.9748 -0.0855
vn 0.2184 -0.9749 -0.0437
vn 0.2224 -0.9750 0.0001
vn 0.2179 -0.9750 0.0433
vn 0.2055 -0.9751 0.0833
vn 0.1856 -0.9752 0.1203
vn 0.1586 -0.9753 0.1535
vn 0.1261 -0.9754 0.1809
vn 0.0874 -0.9755 0.2020
vn 0.0450 -0.9755 0.2152
vn 0.0005 -0.9757 0.2193
vn -0.0448 -0.9757 0.2146
vn -0.0874 -0.9756 0.2013
vn -0.1249 -0.9755 0.1811
vn -0.1573 -0.9754 0.1545
vn -0.1850 -0.9752 0.1211
vn -0.2058 -0.9750 0.0834
vn -0.2184 -0.9749 0.0431
vn -0.2228 -0.9749 0.0007
vn -0.2188 -0.9748 -0.0427
vn -0.2065 -0.9748 -0.0845
vn -0.1860 -0.9748 -0.1230
vn -0.1582 -0.9748 -0.1571
vn -0.1245 -0.9748 -0.1850
vn -0.0862 -0.9749 -0.2054
vn -0.0442 -0.9750 -0.2180
vn 0.0005 -0.9858 -0.1682
vn 0.0346 -0.9857 -0.1648
vn 0.0667 -0.9856 -0.1553
vn 0.0957 -0.9855 -0.1398
vn 0.1210 -0.9855 -0.1187
vn 0.1416 -0.9855 -0.0931
vn 0.1566 -0.9856 -0.0640
vn 0.1659 -0.9856 -0.0328
vn 0.1693 -0.9856 0.0002
vn 0.1664 -0.9855 0.0332
vn 0.1574 -0.9855 0.0637
vn 0.1425 -0.9855 0.0917
vn 0.1222 -0.9856 0.1165
vn 0.0975 -0.9858 0.1367
vn 0.0675 -0.9860 0.1525
vn 0.0345 -0.9861 0.1628
vn 0.0003 -0.9861 0.1662
vn -0.0352 -0.9860 0.1629
vn -0.0681 -0.9859 0.1532
vn -0.0964 -0.9857 0.1383
vn -0.1208 -0.9856 0.1181
vn -0.1414 -0.9856 0.0928
vn -0.1568 -0.9855 0.0641
vn -0.1662 -0.9855 0.0332
vn -0.1693 -0.9856 0.0008
vn -0.1659 -0.9856 -0.0318
vn -0.1562 -0.9857 -0.0632
vn -0.1408 -0.9857 -0.0924
vn -0.1199 -0.9857 -0.1182
vn -0.0943 -0.9857 -0.1395
vn -0.0651 -0.9857 -0.1552
vn -0.0332 -0.9858 -0.1649
vn 0.0007 -0.9958 -0.0918
vn 0.0196 -0.9958 -0.0899
vn 0.0373 -0.9957 -0.0847
vn 0.0531 -0.9957 -0.0763
vn 0.0673 -0.9956 -0.0648
vn 0.0791 -0.9956 -0.0504
vn 0.0876 -0.9956 -0.0340
vn 0.0924 -0.9956 -0.0178
vn 0.0940 -0.9956 -0.0011
vn 0.0928 -0.9956 0.0162
vn 0.0882 -0.9955 0.0331
vn 0.0800 -0.9956 0.0493
vn 0.0685 -0.9956 0.0633
vn 0.0545 -0.9957 0.0744
vn 0.0380 -0.9958 0.0828
vn 0.0200 -0.9959 0.0882
vn 0.0007 -0.9959 0.0900
vn -0.0196 -0.9959 0.0881
vn -0.0382 -0.9958 0.0830
vn -0.0541 -0.9957 0.0747
vn -0.0677 -0.9957 0.0634
vn -0.0787 -0.9957 0.0497
vn -0.0866 -0.9956 0.0344
vn -0.0915 -0.9957 0.0176
vn -0.0931 -0.9957 0.0001
vn -0.0914 -0.9957 -0.0173
vn -0.0863 -0.9957 -0.0342
vn -0.0779 -0.9957 -0.0499
vn -0.0663 -0.9957 -0.0641
vn -0.0520 -0.9958 -0.0759
vn -0.0357 -0.9958 -0.0846
vn -0.0180 -0.9958 -0.0900
vn 0.0004 -1.0000 -0.0012
vn 0.0722 0.8121 -0.5790
vn 0.0500 0.5349 -0.8434
vn 0.0232 0.1818 -0.9831
vn -0.0059 -0.1981 -0.9802
vn -0.0343 -0.5499 -0.8345
vn 0.1755 0.9531 -0.2467
vn 0.2856 0.7971 -0.5321
vn 0.3685 0.5123 -0.7757
vn 0.3972 0.1535 -0.9048
vn 0.3680 -0.2262 -0.9019
vn 0.2852 -0.5739 -0.7676
vn 0.1601 -0.8389 -0.5202
vn 0.0275 -0.9723 -0.2322
vn 0.2590 0.9471 -0.1895
vn 0.4665 0.7849 -0.4078
vn 0.6361 0.4920 -0.5944
vn 0.7121 0.1296 -0.6900
vn 0.6837 -0.2489 -0.6861
vn 0.5548 -0.5933 -0.5833
vn 0.3440 -0.8521 -0.3944
vn 0.1111 -0.9783 -0.1750
vn 0.3146 0.9435 -0.1045
vn 0.5880 0.7788 -0.2184
vn 0.8156 0.4840 -0.3171
vn 0.9225 0.1151 -0.3686
vn 0.8930 -0.2625 -0.3656
vn 0.7337 -0.6049 -0.3095
vn 0.4660 -0.8601 -0.2077
vn 0.1666 -0.9819 -0.0900
vn 0.3334 0.9428 -0.0048
vn 0.6319 0.7751 0.0025
vn 0.8783 0.4780 0.0078
vn 0.9935 0.1135 0.0091
vn 0.5075 -0.8616 0.0116
vn 0.1855 -0.9826 0.0097
vn 0.3128 0.9451 0.0946
vn 0.5878 0.7792 0.2177
vn 0.8113 0.4864 0.3242
vn 0.9155 0.1238 0.3828
vn 0.8863 -0.2564 0.3857
vn 0.7279 -0.5997 0.3326
vn 0.4621 -0.8564 0.2303
vn 0.1648 -0.9803 0.1091
vn 0.2558 0.9501 0.1785
vn 0.6277 0.5025 0.5946
vn 0.7004 0.1426 0.6993
vn 0.6713 -0.2376 0.7021
vn 0.5446 -0.5831 0.6028
vn 0.3371 -0.8452 0.4147
vn 0.1078 -0.9753 0.1930
vn 0.1711 0.9570 0.2341
vn 0.2764 0.8054 0.5244
vn 0.3549 0.5248 0.7737
vn 0.3811 0.1687 0.9090
vn 0.3519 -0.2114 0.9119
vn 0.2716 -0.5612 0.7818
vn 0.1510 -0.8301 0.5367
vn 0.0232 -0.9683 0.2486
vn 0.0718 0.9648 0.2529
vn 0.0579 0.8225 0.5659
vn 0.0060 0.1984 0.9801
vn -0.0234 -0.1818 0.9830
vn -0.0492 -0.5361 0.8427
vn -0.0679 -0.8131 0.5782
vn -0.0763 -0.9605 0.2675
vn -0.0271 0.9723 0.2321
vn -0.1598 0.8389 0.5203
vn -0.2852 0.5739 0.7677
vn -0.3680 0.2264 0.9018
vn -0.3974 -0.1536 0.9047
vn -0.3688 -0.5119 0.7759
vn -0.2858 -0.7967 0.5325
vn -0.1754 -0.9531 0.2467
vn -0.1110 0.9784 0.1747
vn -0.3440 0.8522 0.3942
vn -0.5549 0.5932 0.5833
vn -0.6837 0.2488 0.6861
vn -0.7128 -0.1308 0.6890
vn -0.6384 -0.4925 0.5916
vn -0.4697 -0.7835 0.4068
vn -0.2591 -0.9471 0.1895
vn -0.1667 0.9819 0.0898
vn -0.4662 0.8600 0.2075
vn -0.7338 0.6049 0.3094
vn -0.8929 0.2626 0.3657
vn -0.9221 -0.1174 0.3687
vn -0.8171 -0.4809 0.3178
vn -0.5917 -0.7756 0.2200
vn -0.3145 -0.9435 0.1045
vn -0.1855 0.9826 -0.0097
vn -0.5075 0.8616 -0.0116
vn -0.7945 0.6072 -0.0121
vn -0.9641 0.2651 -0.0107
vn -0.9934 -0.1148 -0.0079
vn -0.8779 -0.4788 -0.0039
vn -0.6332 -0.7740 0.0007
vn -0.3334 -0.9428 0.0048
vn -0.1649 0.9803 -0.1087
vn -0.4624 0.8564 -0.2297
vn -0.7281 0.5996 -0.3323
vn -0.8862 0.2565 -0.3857
vn -0.9155 -0.1236 -0.3828
vn -0.8114 -0.4863 -0.3242
vn -0.5878 -0.7792 -0.2177
vn -0.3128 -0.9451 -0.0946
vn -0.1099 0.9757 -0.1894
vn -0.3405 0.8452 -0.4120
vn -0.5456 0.5826 -0.6024
vn -0.6713 0.2374 -0.7021
vn -0.7005 -0.1426 -0.6992
vn -0.6277 -0.5025 -0.5945
vn -0.4625 -0.7902 -0.4021
vn -0.2558 -0.9501 -0.1785
vn -0.0211 0.9693 -0.2448
vn -0.1489 0.8316 -0.5350
vn -0.2717 0.5598 -0.7828
vn -0.3519 0.2113 -0.9119
vn -0.3548 -0.5248 -0.7738
vn -0.2764 -0.8054 -0.5244
vn -0.1711 -0.9570 -0.2341
vn 0.0805 0.9604 -0.2666
vn -0.0577 -0.8225 -0.5658
vn -0.0717 -0.9648 -0.2529
vn 0.0662 -0.9126 0.4034
vn 0.0972 -0.6917 0.7156
vn 0.0974 0.3782 0.9206
vn 0.1265 -0.9911 0.0412
vn 0.2785 -0.8997 0.3360
vn 0.4086 -0.6729 0.6167
vn 0.4783 -0.3487 0.8060
vn 0.2708 0.7215 0.6373
vn 0.1243 0.8929 0.4327
vn 0.2036 -0.9788 -0.0235
vn 0.4484 -0.8725 0.1939
vn 0.6577 -0.6330 0.4084
vn 0.7700 -0.3020 0.5621
vn 0.6579 0.4369 0.6134
vn 0.4347 0.7456 0.5051
vn 0.1614 0.9110 0.3794
vn -0.0002 -0.9821 -0.1884
vn 0.2498 -0.9618 -0.1123
vn 0.5500 -0.8352 -0.0012
vn 0.8067 -0.5782 0.1222
vn 0.9444 -0.2378 0.2272
vn 0.8069 0.4917 0.3273
vn 0.5444 0.7800 0.3086
vn 0.2361 0.9367 0.2587
vn 0.2580 -0.9427 -0.2117
vn 0.5679 -0.7933 -0.2196
vn 0.8329 -0.5168 -0.1981
vn 0.9750 -0.1660 -0.1478
vn 0.9751 0.2085 -0.0760
vn 0.8331 0.5531 0.0069
vn 0.5629 0.8217 0.0897
vn 0.2441 0.9582 0.1495
vn 0.2268 -0.9244 -0.3066
vn 0.4992 -0.7533 -0.4282
vn 0.7322 -0.4582 -0.5039
vn 0.8573 0.2771 -0.4340
vn 0.7323 0.6119 -0.2989
vn 0.4909 0.8631 -0.1188
vn 0.1997 0.9789 0.0440
vn 0.1610 -0.9099 -0.3823
vn 0.3545 -0.7212 -0.5951
vn 0.5201 -0.4112 -0.7486
vn 0.6089 -0.0424 -0.7921
vn 0.6089 0.3320 -0.7204
vn 0.5197 0.6592 -0.5434
vn 0.3473 0.8949 -0.2802
vn 0.1669 0.9857 -0.0233
vn 0.0707 -0.9013 -0.4275
vn 0.1559 -0.7021 -0.6948
vn 0.2288 -0.3831 -0.8949
vn 0.2679 -0.0095 -0.9634
vn 0.2679 0.3649 -0.8917
vn 0.2279 0.6881 -0.6889
vn 0.1532 0.9142 -0.3752
vn 0.0919 0.9955 -0.0222
vn -0.0303 -0.8997 -0.4355
vn -0.0665 -0.6987 -0.7123
vn -0.0981 0.6943 -0.7130
vn -0.0687 0.9175 -0.3917
vn -0.0337 0.9983 -0.0470
vn -0.1269 -0.9055 -0.4049
vn -0.2789 -0.7116 -0.6449
vn -0.4785 0.3489 -0.8058
vn -0.4081 0.6766 -0.6130
vn -0.2773 0.9056 -0.3210
vn -0.1419 0.9899 -0.0033
vn -0.2041 -0.9179 -0.3402
vn -0.4488 -0.7388 -0.5028
vn -0.6579 -0.4369 -0.6134
vn -0.7699 0.3023 -0.5620
vn -0.6551 0.6381 -0.4047
vn -0.4378 0.8795 -0.1866
vn -0.1989 0.9797 0.0267
vn 0.0083 0.9766 0.2148
vn -0.2503 -0.9350 -0.2514
vn -0.5503 -0.7762 -0.3077
vn -0.8069 -0.4917 -0.3273
vn -0.9443 0.2381 -0.2272
vn -0.8036 0.5829 -0.1207
vn -0.5381 0.8429 -0.0001
vn -0.2345 0.9676 0.0940
vn -0.2584 -0.9540 -0.1521
vn -0.5682 -0.8181 -0.0892
vn -0.9751 -0.2085 0.0761
vn -0.9750 0.1660 0.1479
vn -0.8303 0.5211 0.1978
vn -0.5594 0.7999 0.2172
vn -0.2492 0.9458 0.2082
vn -0.2272 -0.9722 -0.0573
vn -0.4995 -0.8581 0.1192
vn -0.7324 -0.6119 0.2985
vn -0.8573 -0.2773 0.4339
vn -0.8572 0.0975 0.5057
vn -0.7313 0.4612 0.5025
vn -0.4939 0.7604 0.4218
vn -0.2202 0.9282 0.2999
vn -0.1614 -0.9867 0.0185
vn -0.3548 -0.8901 0.2861
vn -0.5199 -0.6592 0.5432
vn -0.6083 -0.3325 0.7207
vn -0.6087 0.0426 0.7922
vn -0.5205 0.4126 0.7476
vn -0.3499 0.7290 0.5883
vn -0.1475 0.9132 0.3799
vn -0.0711 -0.9954 0.0638
vn -0.1562 -0.9092 0.3859
vn -0.2284 -0.6870 0.6898
vn -0.2672 -0.3649 0.8919
vn -0.2676 0.0098 0.9635
vn -0.2291 0.3834 0.8947
vn -0.1501 0.7107 0.6872
vn -0.0462 0.9025 0.4283
vn 0.0300 -0.9970 0.0718
vn 0.0722 0.7106 0.6998
vn 0.0747 0.9024 0.4244
vn -0.0007 0.0004 1.0000
vn -0.1958 0.0005 0.9806
vn -0.3834 0.0006 0.9236
vn -0.5562 0.0005 0.8311
vn -0.7076 0.0004 0.7066
vn -0.8319 0.0002 0.5550
vn -0.9242 -0.0001 0.3820
vn -0.9809 -0.0005 0.1944
vn -1.0000 -0.0009 -0.0007
vn -0.9806 -0.0013 -0.1958
vn -0.9236 -0.0018 -0.3834
vn -0.8311 -0.0023 -0.5562
vn -0.7066 -0.0028 -0.7076
vn -0.5550 -0.0032 -0.8319
vn -0.3820 -0.0036 -0.9242
vn -0.1944 -0.0039 -0.9809
vn 0.0007 -0.0041 -1.0000
vn 0.3834 -0.0043 -0.9236
vn 0.5562 -0.0043 -0.8310
vn 0.7076 -0.0042 -0.7066
vn 0.8319 -0.0039 -0.5549
vn 0.9242 -0.0036 -0.3820
vn 0.9809 -0.0033 -0.1944
vn 1.0000 -0.0029 0.0007
vn 0.9806 -0.0024 0.1958
vn 0.9236 -0.0019 0.3834
vn 0.8311 -0.0014 0.5562
vn 0.7066 -0.0010 0.7076
vn 0.5549 -0.0006 0.8319
vn 0.3820 -0.0002 0.9242
vn 0.1944 0.0001 0.9809
vn 0.8319 -0.0021 -0.5550
vn -0.0007 0.0047 1.0000
vn -0.1958 0.0048 0.9806
vn -0.3834 0.0049 0.9236
vn -0.5562 0.0049 0.8310
vn -0.7076 0.0047 0.7066
vn -0.8319 0.0045 0.5549
vn -0.9242 0.0042 0.3820
vn -0.9809 0.0039 0.1944
vn -1.0000 0.0034 -0.0008
vn -0.9806 0.0030 -0.1958
vn -0.9236 0.0025 -0.3834
vn -0.8311 0.0020 -0.5562
vn -0.7066 0.0016 -0.7076
vn -0.5549 0.0011 -0.8319
vn -0.3820 0.0008 -0.9242
vn -0.1944 0.0005 -0.9809
vn 0.0007 0.0002 -1.0000
vn 0.1958 0.0001 -0.9806
vn 0.3834 -0.0000 -0.9236
vn 0.5562 0.0001 -0.8311
vn 0.7076 0.0002 -0.7066
vn 0.8319 0.0004 -0.5550
vn 0.9242 0.0007 -0.3820
vn 0.9809 0.0011 -0.1944
vn 1.0000 0.0015 0.0007
vn 0.9806 0.0019 0.1958
vn 0.9236 0.0024 0.3834
vn 0.8311 0.0029 0.5562
vn 0.7066 0.0033 0.7076
vn 0.5550 0.0038 0.8319
vn 0.3820 0.0041 0.9242
vn 0.1944 0.0045 0.9809
vn 0.0001 0.6891 0.7247
vn -0.1415 0.6892 0.7106
vn -0.2777 0.6893 0.6692
vn -0.4032 0.6892 0.6020
vn -0.5132 0.6891 0.5116
vn -0.6034 0.6890 0.4015
vn -0.6704 0.6888 0.2759
vn -0.7117 0.6885 0.1396
vn -0.7255 0.6882 -0.0021
vn -0.7115 0.6879 -0.1437
vn -0.6700 0.6875 -0.2799
vn -0.6028 0.6872 -0.4054
vn -0.5124 0.6868 -0.5154
vn -0.4023 0.6865 -0.6056
vn -0.2767 0.6863 -0.6727
vn -0.1405 0.6860 -0.7139
vn 0.0012 0.6859 -0.7277
vn 0.1429 0.6858 -0.7137
vn 0.2791 0.6857 -0.6722
vn 0.4046 0.6857 -0.6050
vn 0.5146 0.6858 -0.5147
vn 0.6048 0.6860 -0.4045
vn 0.6718 0.6862 -0.2789
vn 0.7130 0.6865 -0.1427
vn 0.7269 0.6868 -0.0010
vn 0.7128 0.6871 0.1407
vn 0.6714 0.6874 0.2769
vn 0.6042 0.6878 0.4024
vn 0.5138 0.6881 0.5123
vn 0.4037 0.6884 0.6026
vn 0.2781 0.6887 0.6696
vn 0.1418 0.6889 0.7108
vn -0.0010 -1.0000 0.0022
vn -0.0011 -0.5114 0.8594
vn -0.1686 -0.5113 0.8427
vn -0.3295 -0.5112 0.7938
vn -0.4778 -0.5112 0.7144
vn -0.6078 -0.5113 0.6075
vn -0.7144 -0.5115 0.4774
vn -0.7936 -0.5118 0.3290
vn -0.8423 -0.5121 0.1679
vn -0.8587 -0.5125 0.0005
vn -0.8421 -0.5128 -0.1669
vn -0.7931 -0.5133 -0.3279
vn -0.7137 -0.5137 -0.4762
vn -0.6069 -0.5141 -0.6061
vn -0.4768 -0.5144 -0.7128
vn -0.3283 -0.5147 -0.7920
vn -0.1673 -0.5150 -0.8407
vn 0.0001 -0.5152 -0.8571
vn 0.1675 -0.5153 -0.8404
vn 0.3285 -0.5154 -0.7915
vn 0.4768 -0.5154 -0.7121
vn 0.6068 -0.5153 -0.6052
vn 0.7134 -0.5151 -0.4751
vn 0.7926 -0.5148 -0.3267
vn 0.8413 -0.5145 -0.1657
vn 0.8577 -0.5141 0.0018
vn 0.8411 -0.5138 0.1692
vn 0.7921 -0.5133 0.3302
vn 0.7127 -0.5129 0.4785
vn 0.6059 -0.5125 0.6084
vn 0.4758 -0.5122 0.7151
vn 0.3273 -0.5118 0.7943
vn 0.1663 -0.5116 0.8430
vn -0.0011 -0.9885 0.1510
vn -0.0012 -0.9362 0.3514
vn -0.0301 -0.9885 0.1481
vn -0.0693 -0.9362 0.3446
vn -0.0580 -0.9885 0.1396
vn -0.1348 -0.9362 0.3247
vn -0.0837 -0.9885 0.1258
vn -0.1952 -0.9362 0.2923
vn -0.1062 -0.9885 0.1073
vn -0.2481 -0.9362 0.2489
vn -0.1247 -0.9886 0.0848
vn -0.2915 -0.9363 0.1959
vn -0.1384 -0.9886 0.0590
vn -0.3237 -0.9364 0.1355
vn -0.1469 -0.9887 0.0311
vn -0.3435 -0.9365 0.0700
vn -0.1497 -0.9887 0.0021
vn -0.3502 -0.9367 0.0018
vn -0.1468 -0.9888 -0.0269
vn -0.3434 -0.9368 -0.0663
vn -0.1384 -0.9889 -0.0548
vn -0.3235 -0.9370 -0.1318
vn -0.1246 -0.9889 -0.0805
vn -0.2912 -0.9372 -0.1922
vn -0.1061 -0.9890 -0.1030
vn -0.2477 -0.9373 -0.2450
vn -0.0835 -0.9891 -0.1215
vn -0.1947 -0.9375 -0.2884
vn -0.0578 -0.9891 -0.1353
vn -0.1343 -0.9376 -0.3207
vn -0.0299 -0.9892 -0.1437
vn -0.0688 -0.9377 -0.3405
vn -0.0009 -0.9892 -0.1465
vn -0.0007 -0.9378 -0.3472
vn 0.0281 -0.9892 -0.1436
vn 0.0675 -0.9379 -0.3404
vn 0.0560 -0.9892 -0.1352
vn 0.1330 -0.9379 -0.3205
vn 0.0818 -0.9892 -0.1214
vn 0.1933 -0.9379 -0.2882
vn 0.1043 -0.9892 -0.1029
vn 0.2462 -0.9378 -0.2447
vn 0.1228 -0.9892 -0.0803
vn 0.2896 -0.9377 -0.1917
vn 0.1365 -0.9891 -0.0546
vn 0.3218 -0.9376 -0.1313
vn 0.1449 -0.9891 -0.0267
vn 0.3417 -0.9375 -0.0658
vn 0.1478 -0.9890 0.0023
vn 0.3483 -0.9374 0.0024
vn 0.1449 -0.9890 0.0313
vn 0.3416 -0.9372 0.0705
vn 0.1364 -0.9889 0.0592
vn 0.3216 -0.9370 0.1360
vn 0.1226 -0.9888 0.0849
vn 0.2893 -0.9369 0.1963
vn 0.1041 -0.9887 0.1075
vn 0.2459 -0.9367 0.2492
vn 0.0816 -0.9887 0.1260
vn 0.1929 -0.9366 0.2926
vn 0.0558 -0.9886 0.1397
vn 0.1325 -0.9364 0.3249
vn 0.0279 -0.9886 0.1481
vn 0.0670 -0.9363 0.3447
vt 0.142285 0.536806
vt 0.138213 0.493005
vt 0.148327 0.536343
vt 0.074562 0.536765
vt 0.069968 0.493005
vt 0.080161 0.536346
vt 0.165162 0.536895
vt 0.162697 0.493005
vt 0.171216 0.536676
vt 0.041041 0.536358
vt 0.033748 0.493005
vt 0.047081 0.535452
vt 0.149327 0.583360
vt 0.143285 0.583823
vt 0.134351 0.536924
vt 0.135351 0.583941
vt 0.033146 0.537075
vt 0.066589 0.536874
vt 0.170490 0.583710
vt 0.164436 0.583930
vt 0.075256 0.583803
vt 0.067283 0.583912
vt 0.157229 0.536725
vt 0.169676 0.636521
vt 0.163622 0.636741
vt 0.076034 0.636617
vt 0.068062 0.636726
vt 0.037718 0.583890
vt 0.045612 0.583172
vt 0.050745 0.635736
vt 0.042851 0.636453
vt 0.051653 0.582267
vt 0.056786 0.634830
vt 0.156503 0.583759
vt 0.080855 0.583384
vt 0.054796 0.677212
vt 0.046901 0.677929
vt 0.060836 0.676306
vt 0.144407 0.636614
vt 0.150449 0.636151
vt 0.151335 0.677806
vt 0.145293 0.678270
vt 0.136473 0.636732
vt 0.137359 0.678387
vt 0.081633 0.636198
vt 0.155688 0.636570
vt 0.152352 0.725648
vt 0.146310 0.726112
vt 0.138376 0.726229
vt 0.155045 0.678241
vt 0.162979 0.678412
vt 0.162240 0.726271
vt 0.154307 0.726101
vt 0.076649 0.678290
vt 0.082248 0.677872
vt 0.082954 0.725734
vt 0.077355 0.726153
vt 0.068676 0.678399
vt 0.169033 0.678192
vt 0.162549 0.736227
vt 0.153875 0.737912
vt 0.085028 0.737414
vt 0.080018 0.742131
vt 0.168294 0.726052
vt 0.169397 0.737857
vt 0.069382 0.726262
vt 0.072374 0.746504
vt 0.065488 0.723942
vt 0.059447 0.724848
vt 0.051553 0.725565
vt 0.088119 0.752919
vt 0.082391 0.759428
vt 0.051288 0.737427
vt 0.059295 0.741043
vt 0.052224 0.753037
vt 0.045935 0.746997
vt 0.065245 0.744450
vt 0.056455 0.758868
vt 0.066589 0.748050
vt 0.077427 0.761889
vt 0.145948 0.748085
vt 0.137263 0.746404
vt 0.152773 0.745760
vt 0.044925 0.765402
vt 0.043582 0.757787
vt 0.849314 0.646521
vt 0.857447 0.648606
vt 0.857450 0.661266
vt 0.849317 0.660547
vt 0.841178 0.648607
vt 0.841181 0.661267
vt 0.338487 0.899787
vt 0.330362 0.897696
vt 0.330352 0.892781
vt 0.338474 0.893508
vt 0.171216 0.747151
vt 0.164122 0.744520
vt 0.091213 0.746067
vt 0.155694 0.747206
vt 0.142794 0.761700
vt 0.134351 0.759120
vt 0.849318 0.674489
vt 0.841182 0.673970
vt 0.330351 0.887098
vt 0.338472 0.886586
vt 0.096943 0.756298
vt 0.097066 0.748121
vt 0.103462 0.747231
vt 0.106017 0.755388
vt 0.322205 0.893518
vt 0.322203 0.886597
vt 0.040182 0.749963
vt 0.094185 0.764130
vt 0.322218 0.899797
vt 0.111220 0.744914
vt 0.116663 0.751792
vt 0.322205 0.878179
vt 0.330352 0.880027
vt 0.105938 0.763202
vt 0.119472 0.758326
vt 0.033542 0.750090
vt 0.034202 0.758320
vt 0.022914 0.756434
vt 0.025351 0.749018
vt 0.857451 0.673969
vt 0.032804 0.766340
vt 0.123760 0.745161
vt 0.128714 0.749351
vt 0.014914 0.750972
vt 0.019808 0.745544
vt 0.018420 0.763640
vt 0.007964 0.756190
vt 0.849317 0.690520
vt 0.857450 0.688655
vt 0.857447 0.698770
vt 0.849314 0.701644
vt 0.338474 0.878169
vt 0.841181 0.688656
vt 0.384312 0.801496
vt 0.375581 0.800059
vt 0.376055 0.788167
vt 0.384866 0.788123
vt 0.391050 0.798777
vt 0.391524 0.786884
vt 0.391285 0.873802
vt 0.384466 0.871857
vt 0.384387 0.868266
vt 0.391100 0.868663
vt 0.116171 0.740627
vt 0.117377 0.735535
vt 0.126173 0.736505
vt 0.322218 0.872752
vt 0.330362 0.875612
vt 0.338487 0.872742
vt 0.841178 0.698771
vt 0.384624 0.778870
vt 0.391302 0.778083
vt 0.384386 0.861912
vt 0.391109 0.861854
vt 0.118188 0.728755
vt 0.127036 0.728664
vt 0.375581 0.868283
vt 0.375591 0.861473
vt 0.002890 0.744629
vt 0.011476 0.742759
vt 0.018003 0.740679
vt 0.132334 0.737130
vt 0.375766 0.873422
vt 0.375766 0.857466
vt 0.384561 0.857904
vt 0.133250 0.728228
vt 0.126990 0.724652
vt 0.133204 0.724216
vt 0.016413 0.734075
vt 0.009712 0.735110
vt 0.009309 0.731119
vt 0.016009 0.730085
vt 0.000954 0.735935
vt 0.000551 0.731944
vt 0.375832 0.779366
vt 0.391050 0.774080
vt 0.384373 0.774867
vt 0.377380 0.719949
vt 0.391285 0.857846
vt 0.383541 0.802598
vt 0.118142 0.724743
vt 0.121822 0.669535
vt 0.375581 0.775363
vt 0.000551 0.676489
vt 0.984387 0.364094
vt 0.980498 0.364094
vt 0.980420 0.359612
vt 0.984308 0.359612
vt 0.987689 0.878037
vt 0.983800 0.878037
vt 0.983997 0.874697
vt 0.987886 0.874697
vt 0.984151 0.870784
vt 0.988040 0.870784
vt 0.984256 0.866446
vt 0.988145 0.866446
vt 0.984308 0.861851
vt 0.988197 0.861851
vt 0.984305 0.857176
vt 0.988194 0.857176
vt 0.984248 0.852600
vt 0.988136 0.852600
vt 0.984137 0.848299
vt 0.988026 0.848299
vt 0.983978 0.844438
vt 0.987867 0.844438
vt 0.987687 0.947406
vt 0.983799 0.947406
vt 0.984001 0.944099
vt 0.987889 0.944099
vt 0.984160 0.940210
vt 0.988048 0.940210
vt 0.984269 0.935889
vt 0.988158 0.935889
vt 0.984325 0.931303
vt 0.988213 0.931303
vt 0.984325 0.926628
vt 0.988213 0.926628
vt 0.984269 0.922043
vt 0.988157 0.922043
vt 0.984159 0.917724
vt 0.988048 0.917724
vt 0.984000 0.913838
vt 0.987889 0.913838
vt 0.983984 0.489800
vt 0.980097 0.489800
vt 0.980308 0.486461
vt 0.984195 0.486461
vt 0.980472 0.482548
vt 0.984360 0.482548
vt 0.980585 0.478210
vt 0.984473 0.478210
vt 0.980641 0.473616
vt 0.984528 0.473616
vt 0.980638 0.468940
vt 0.984525 0.468940
vt 0.980576 0.464364
vt 0.984464 0.464364
vt 0.980458 0.460063
vt 0.984345 0.460063
vt 0.980288 0.456202
vt 0.984176 0.456202
vt 0.983993 0.385571
vt 0.980104 0.385571
vt 0.980281 0.381975
vt 0.984170 0.381975
vt 0.980413 0.377865
vt 0.984302 0.377865
vt 0.980495 0.373400
vt 0.984384 0.373400
vt 0.980524 0.368750
vt 0.984413 0.368750
vt 0.979392 0.861851
vt 0.979389 0.857176
vt 0.984179 0.355475
vt 0.980290 0.355475
vt 0.980116 0.351843
vt 0.984005 0.351843
vt 0.979410 0.931303
vt 0.979354 0.935889
vt 0.973804 0.935889
vt 0.973860 0.931303
vt 0.979409 0.926628
vt 0.979353 0.922043
vt 0.975661 0.464364
vt 0.975543 0.460063
vt 0.978884 0.878037
vt 0.979081 0.874697
vt 0.979086 0.944099
vt 0.979244 0.940210
vt 0.975558 0.482548
vt 0.975670 0.478210
vt 0.975579 0.373400
vt 0.975608 0.368750
vt 0.979332 0.852600
vt 0.979244 0.917724
vt 0.975373 0.456202
vt 0.979235 0.870784
vt 0.975726 0.473616
vt 0.975582 0.364094
vt 0.979221 0.848299
vt 0.979085 0.913838
vt 0.975188 0.385571
vt 0.975365 0.381975
vt 0.979340 0.866446
vt 0.975723 0.468940
vt 0.975504 0.359612
vt 0.975374 0.355475
vt 0.979063 0.844438
vt 0.975182 0.489800
vt 0.975393 0.486461
vt 0.975497 0.377865
vt 0.975200 0.351843
vt 0.978883 0.947406
vt 0.973694 0.917724
vt 0.973804 0.922043
vt 0.968096 0.922043
vt 0.967986 0.917724
vt 0.969953 0.359612
vt 0.969824 0.355475
vt 0.969814 0.381975
vt 0.969947 0.377865
vt 0.973860 0.926628
vt 0.969650 0.351843
vt 0.970029 0.373400
vt 0.973334 0.878037
vt 0.973531 0.874697
vt 0.970057 0.368750
vt 0.973685 0.870784
vt 0.970032 0.364094
vt 0.973535 0.913838
vt 0.973790 0.866446
vt 0.969634 0.489800
vt 0.969845 0.486461
vt 0.973842 0.861851
vt 0.970009 0.482548
vt 0.973839 0.857176
vt 0.970122 0.478210
vt 0.973782 0.852600
vt 0.970178 0.473616
vt 0.973671 0.848299
vt 0.970175 0.468940
vt 0.973513 0.844438
vt 0.970113 0.464364
vt 0.973334 0.947406
vt 0.973536 0.944099
vt 0.969995 0.460063
vt 0.973695 0.940210
vt 0.969825 0.456202
vt 0.969637 0.385571
vt 0.964302 0.482548
vt 0.964137 0.486461
vt 0.958430 0.486461
vt 0.958595 0.482548
vt 0.967823 0.874697
vt 0.967977 0.870784
vt 0.964349 0.368750
vt 0.964323 0.364094
vt 0.967827 0.913838
vt 0.968082 0.866446
vt 0.964244 0.359612
vt 0.963927 0.489800
vt 0.968134 0.861851
vt 0.968131 0.857176
vt 0.964415 0.478210
vt 0.968073 0.852600
vt 0.964471 0.473616
vt 0.967963 0.848299
vt 0.964468 0.468940
vt 0.967804 0.844438
vt 0.964406 0.464364
vt 0.967625 0.947406
vt 0.967828 0.944099
vt 0.964288 0.460063
vt 0.967987 0.940210
vt 0.964118 0.456202
vt 0.968096 0.935889
vt 0.963929 0.385571
vt 0.964106 0.381975
vt 0.968152 0.931303
vt 0.964115 0.355475
vt 0.964238 0.377865
vt 0.968152 0.926628
vt 0.963941 0.351843
vt 0.964320 0.373400
vt 0.967626 0.878037
vt 0.345159 0.921478
vt 0.347756 0.917590
vt 0.351062 0.914284
vt 0.354950 0.911687
vt 0.359269 0.909897
vt 0.363855 0.908985
vt 0.368530 0.908985
vt 0.373116 0.909897
vt 0.377435 0.911687
vt 0.381322 0.914284
vt 0.384628 0.917590
vt 0.387226 0.921478
vt 0.389015 0.925797
vt 0.389927 0.930383
vt 0.389927 0.935058
vt 0.389015 0.939644
vt 0.387226 0.943963
vt 0.384628 0.947851
vt 0.381322 0.951157
vt 0.377435 0.953754
vt 0.373116 0.955543
vt 0.368530 0.956456
vt 0.363855 0.956456
vt 0.359269 0.955543
vt 0.354950 0.953754
vt 0.351062 0.951157
vt 0.347756 0.947851
vt 0.345159 0.943963
vt 0.343370 0.939644
vt 0.342457 0.935058
vt 0.342457 0.930383
vt 0.343370 0.925797
vt 0.962425 0.861851
vt 0.962422 0.857176
vt 0.958708 0.478210
vt 0.962365 0.852600
vt 0.958764 0.473616
vt 0.962254 0.848299
vt 0.958761 0.468940
vt 0.962096 0.844438
vt 0.958699 0.464364
vt 0.961917 0.947406
vt 0.962119 0.944099
vt 0.958581 0.460063
vt 0.962278 0.940210
vt 0.958411 0.456202
vt 0.962388 0.935889
vt 0.958220 0.385571
vt 0.958397 0.381975
vt 0.962443 0.931303
vt 0.958535 0.359612
vt 0.958406 0.355475
vt 0.958529 0.377865
vt 0.962443 0.926628
vt 0.958232 0.351843
vt 0.958611 0.373400
vt 0.962387 0.922043
vt 0.961917 0.878037
vt 0.962114 0.874697
vt 0.958640 0.368750
vt 0.962278 0.917724
vt 0.962268 0.870784
vt 0.958614 0.364094
vt 0.962119 0.913838
vt 0.962373 0.866446
vt 0.958220 0.489800
vt 0.141544 0.931992
vt 0.140462 0.932207
vt 0.139910 0.926605
vt 0.142245 0.902874
vt 0.146831 0.903786
vt 0.144745 0.910666
vt 0.141542 0.910029
vt 0.151150 0.905575
vt 0.147762 0.911915
vt 0.155038 0.908172
vt 0.150477 0.913730
vt 0.158344 0.911478
vt 0.152786 0.916039
vt 0.160941 0.915366
vt 0.154600 0.918754
vt 0.162731 0.919685
vt 0.155850 0.921771
vt 0.163643 0.924271
vt 0.156487 0.924974
vt 0.163643 0.928946
vt 0.156487 0.928240
vt 0.162731 0.933532
vt 0.155850 0.931442
vt 0.160941 0.937852
vt 0.154600 0.934460
vt 0.158344 0.941739
vt 0.152786 0.937175
vt 0.155038 0.945045
vt 0.150477 0.939484
vt 0.151150 0.947643
vt 0.147762 0.941298
vt 0.146831 0.949432
vt 0.144745 0.942548
vt 0.142245 0.950344
vt 0.141542 0.943185
vt 0.137570 0.950344
vt 0.138276 0.943185
vt 0.132984 0.949432
vt 0.135073 0.942548
vt 0.128665 0.947643
vt 0.132056 0.941298
vt 0.124777 0.945045
vt 0.129341 0.939484
vt 0.121471 0.941739
vt 0.127032 0.937175
vt 0.118874 0.937852
vt 0.125218 0.934460
vt 0.117085 0.933532
vt 0.123968 0.931442
vt 0.116172 0.928946
vt 0.123331 0.928240
vt 0.116172 0.924271
vt 0.123331 0.924974
vt 0.117085 0.919685
vt 0.123968 0.921771
vt 0.118874 0.915366
vt 0.125218 0.918754
vt 0.121471 0.911478
vt 0.127032 0.916039
vt 0.124777 0.908172
vt 0.129341 0.913730
vt 0.128665 0.905575
vt 0.132056 0.911915
vt 0.132984 0.903786
vt 0.137570 0.902874
vt 0.138276 0.910029
vt 0.135073 0.910666
vt 0.139358 0.921004
vt 0.138276 0.921219
vt 0.140462 0.921004
vt 0.141544 0.921219
vt 0.142564 0.921641
vt 0.143481 0.922254
vt 0.144261 0.923034
vt 0.144874 0.923952
vt 0.145297 0.924971
vt 0.145512 0.926054
vt 0.145512 0.927157
vt 0.145297 0.928239
vt 0.144874 0.929259
vt 0.144261 0.930176
vt 0.143481 0.930957
vt 0.142564 0.931570
vt 0.139358 0.932207
vt 0.138276 0.931992
vt 0.137257 0.931570
vt 0.136339 0.930957
vt 0.135559 0.930176
vt 0.134946 0.929259
vt 0.134523 0.928239
vt 0.134308 0.927157
vt 0.134308 0.926054
vt 0.134523 0.924971
vt 0.134946 0.923952
vt 0.135559 0.923034
vt 0.136339 0.922254
vt 0.137257 0.921641
vt 0.723057 0.743412
vt 0.732925 0.710833
vt 0.749558 0.717722
vt 0.733522 0.747747
vt 0.764527 0.727724
vt 0.742941 0.754041
vt 0.777257 0.740455
vt 0.750951 0.762051
vt 0.787259 0.755424
vt 0.757245 0.771470
vt 0.794149 0.772056
vt 0.761580 0.781935
vt 0.797661 0.789713
vt 0.763789 0.793045
vt 0.797661 0.807716
vt 0.763789 0.804373
vt 0.794149 0.825374
vt 0.761580 0.815483
vt 0.787259 0.842006
vt 0.757245 0.825949
vt 0.777258 0.856975
vt 0.750951 0.835368
vt 0.764527 0.869705
vt 0.742941 0.843377
vt 0.749558 0.879707
vt 0.733522 0.849671
vt 0.732926 0.886597
vt 0.723057 0.854006
vt 0.715269 0.890109
vt 0.711947 0.856216
vt 0.697265 0.890109
vt 0.700619 0.856216
vt 0.679608 0.886597
vt 0.689509 0.854006
vt 0.662976 0.879708
vt 0.679043 0.849671
vt 0.648007 0.869706
vt 0.669625 0.843378
vt 0.635276 0.856976
vt 0.661615 0.835368
vt 0.625274 0.842007
vt 0.655321 0.825949
vt 0.618385 0.825374
vt 0.650986 0.815483
vt 0.614873 0.807717
vt 0.648776 0.804373
vt 0.614873 0.789714
vt 0.648776 0.793045
vt 0.618385 0.772056
vt 0.650986 0.781935
vt 0.625274 0.755424
vt 0.655321 0.771470
vt 0.635276 0.740455
vt 0.661614 0.762051
vt 0.648006 0.727725
vt 0.669624 0.754041
vt 0.662975 0.717723
vt 0.679043 0.747747
vt 0.679608 0.710833
vt 0.689509 0.743412
vt 0.697265 0.707321
vt 0.700619 0.741203
vt 0.420517 0.852576
vt 0.419604 0.868467
vt 0.399258 0.868583
vt 0.400171 0.852691
vt 0.715268 0.707321
vt 0.711947 0.741203
vt 0.841144 0.729182
vt 0.841713 0.747419
vt 0.820618 0.744281
vt 0.820004 0.724601
vt 0.840375 0.713169
vt 0.819174 0.707321
vt 0.504101 0.847250
vt 0.503311 0.861977
vt 0.482116 0.868469
vt 0.482969 0.852576
vt 0.504688 0.829993
vt 0.483602 0.833952
vt 0.505050 0.810868
vt 0.483993 0.813314
vt 0.505172 0.790611
vt 0.484124 0.791454
vt 0.505050 0.770000
vt 0.483993 0.769212
vt 0.504688 0.749828
vt 0.483602 0.747443
vt 0.504101 0.730869
vt 0.482969 0.726983
vt 0.503311 0.713852
vt 0.482116 0.708620
vt 0.566579 0.847180
vt 0.565775 0.861768
vt 0.544588 0.868325
vt 0.545456 0.852583
vt 0.567177 0.830032
vt 0.546101 0.834078
vt 0.567545 0.810982
vt 0.546498 0.813520
vt 0.567669 0.790763
vt 0.546632 0.791700
vt 0.567545 0.770151
vt 0.546498 0.769457
vt 0.567177 0.749939
vt 0.546101 0.747645
vt 0.566579 0.730903
vt 0.545456 0.727103
vt 0.565775 0.713775
vt 0.544588 0.708620
vt 0.441614 0.847241
vt 0.440768 0.861968
vt 0.442243 0.829984
vt 0.421196 0.833953
vt 0.442630 0.810860
vt 0.421613 0.813315
vt 0.442761 0.790603
vt 0.421754 0.791455
vt 0.442630 0.769993
vt 0.421613 0.769213
vt 0.442243 0.749820
vt 0.421196 0.747444
vt 0.441614 0.730861
vt 0.420517 0.726984
vt 0.440768 0.713843
vt 0.419604 0.708620
vt 0.841102 0.846012
vt 0.840321 0.861865
vt 0.819116 0.867785
vt 0.819958 0.850677
vt 0.841684 0.827893
vt 0.820587 0.831124
vt 0.842046 0.808205
vt 0.820977 0.809878
vt 0.842173 0.787704
vt 0.821114 0.787755
vt 0.859098 0.678609
vt 0.859138 0.672125
vt 0.866809 0.672125
vt 0.866769 0.678609
vt 0.842061 0.767180
vt 0.820993 0.765606
vt 0.721963 0.769349
vt 0.715940 0.766854
vt 0.859255 0.736509
vt 0.859752 0.752437
vt 0.727383 0.772971
vt 0.858583 0.722523
vt 0.731993 0.777581
vt 0.772959 0.717440
vt 0.787534 0.732015
vt 0.735615 0.783002
vt 0.522714 0.823743
vt 0.522201 0.838816
vt 0.738110 0.789025
vt 0.523029 0.807039
vt 0.739382 0.795419
vt 0.523136 0.789346
vt 0.739382 0.801938
vt 0.523029 0.771344
vt 0.738110 0.808332
vt 0.522714 0.753725
vt 0.735615 0.814355
vt 0.522201 0.737166
vt 0.731993 0.819776
vt 0.521511 0.722303
vt 0.727383 0.824386
vt 0.787534 0.865423
vt 0.772959 0.879998
vt 0.721963 0.828008
vt 0.585188 0.823656
vt 0.584666 0.838634
vt 0.715940 0.830502
vt 0.585509 0.807018
vt 0.709546 0.831774
vt 0.585618 0.789358
vt 0.703026 0.831774
vt 0.585509 0.771355
vt 0.696632 0.830502
vt 0.585188 0.753701
vt 0.690609 0.828008
vt 0.584666 0.737075
vt 0.685189 0.824386
vt 0.583963 0.722115
vt 0.680579 0.819776
vt 0.639552 0.879998
vt 0.624977 0.865423
vt 0.676957 0.814355
vt 0.460211 0.823727
vt 0.459662 0.838799
vt 0.674462 0.808332
vt 0.460549 0.807023
vt 0.673190 0.801938
vt 0.460663 0.789331
vt 0.673190 0.795419
vt 0.460549 0.771329
vt 0.674462 0.789025
vt 0.460211 0.753710
vt 0.676957 0.783002
vt 0.459662 0.737150
vt 0.680579 0.777581
vt 0.458923 0.722287
vt 0.685189 0.772971
vt 0.859218 0.838550
vt 0.858536 0.852397
vt 0.690609 0.769349
vt 0.859727 0.822725
vt 0.696632 0.766854
vt 0.860043 0.805529
vt 0.703026 0.765583
vt 0.860154 0.787624
vt 0.709545 0.765583
vt 0.860056 0.769697
vt 0.185169 0.552438
vt 0.197527 0.533943
vt 0.213255 0.518215
vt 0.231750 0.505857
vt 0.252300 0.497345
vt 0.274116 0.493005
vt 0.296359 0.493005
vt 0.318175 0.497345
vt 0.338725 0.505857
vt 0.357219 0.518215
vt 0.372948 0.533943
vt 0.385305 0.552438
vt 0.393817 0.572988
vt 0.398157 0.594805
vt 0.398157 0.617048
vt 0.393817 0.638864
vt 0.385305 0.659415
vt 0.372948 0.677909
vt 0.357219 0.693638
vt 0.338725 0.705996
vt 0.318175 0.714508
vt 0.296359 0.718847
vt 0.274115 0.718847
vt 0.252300 0.714508
vt 0.231750 0.705996
vt 0.213255 0.693638
vt 0.197527 0.677909
vt 0.185169 0.659414
vt 0.176657 0.638864
vt 0.172317 0.617048
vt 0.172317 0.594804
vt 0.176657 0.572988
vt 0.400171 0.727100
vt 0.399258 0.708735
vt 0.463641 0.813422
vt 0.463773 0.791562
vt 0.525750 0.834200
vt 0.526147 0.813642
vt 0.400849 0.834069
vt 0.798763 0.867785
vt 0.799605 0.850677
vt 0.463641 0.769320
vt 0.800265 0.744281
vt 0.799651 0.724601
vt 0.526282 0.791823
vt 0.401267 0.813431
vt 0.800234 0.831124
vt 0.463251 0.747551
vt 0.526147 0.769579
vt 0.401408 0.791571
vt 0.798820 0.707321
vt 0.800624 0.809878
vt 0.462617 0.727091
vt 0.525750 0.747768
vt 0.401267 0.769329
vt 0.461764 0.868577
vt 0.462617 0.852684
vt 0.800761 0.787755
vt 0.461764 0.708728
vt 0.525105 0.727225
vt 0.400849 0.747560
vt 0.463251 0.834060
vt 0.800640 0.765606
vt 0.524237 0.868447
vt 0.525105 0.852705
vt 0.524237 0.708742
vt 0.906877 0.690613
vt 0.907066 0.685189
vt 0.917872 0.686484
vt 0.917667 0.692379
vt 0.342707 0.864301
vt 0.342457 0.858919
vt 0.350128 0.858878
vt 0.350378 0.864260
vt 0.899396 0.659903
vt 0.899207 0.653882
vt 0.906877 0.653836
vt 0.907066 0.659857
vt 0.879314 0.666240
vt 0.879192 0.659859
vt 0.886860 0.659816
vt 0.886983 0.666196
vt 0.342707 0.901111
vt 0.342893 0.895652
vt 0.350564 0.895612
vt 0.350378 0.901070
vt 0.859102 0.665633
vt 0.866774 0.665633
vt 0.898952 0.695273
vt 0.899207 0.690659
vt 0.906623 0.695227
vt 0.898952 0.648465
vt 0.906623 0.648419
vt 0.878993 0.653863
vt 0.886662 0.653819
vt 0.343007 0.889603
vt 0.350678 0.889563
vt 0.858992 0.659383
vt 0.866664 0.659383
vt 0.899396 0.685235
vt 0.878725 0.695330
vt 0.878993 0.690672
vt 0.886662 0.690629
vt 0.886394 0.695286
vt 0.878725 0.648480
vt 0.886394 0.648437
vt 0.343046 0.883196
vt 0.350717 0.883156
vt 0.899512 0.679210
vt 0.907183 0.679164
vt 0.879192 0.685214
vt 0.886861 0.685170
vt 0.858552 0.695581
vt 0.858799 0.690566
vt 0.866470 0.690566
vt 0.866224 0.695581
vt 0.343007 0.876678
vt 0.350678 0.876637
vt 0.899551 0.672815
vt 0.907222 0.672769
vt 0.879314 0.679165
vt 0.886983 0.679122
vt 0.858812 0.653615
vt 0.866484 0.653615
vt 0.858983 0.684836
vt 0.866655 0.684836
vt 0.342893 0.870297
vt 0.350564 0.870257
vt 0.899512 0.666296
vt 0.907183 0.666250
vt 0.879355 0.672758
vt 0.887024 0.672715
vt 0.858569 0.648551
vt 0.866240 0.648551
vt 0.342457 0.905769
vt 0.350128 0.905728
vt 0.220762 0.884806
vt 0.213720 0.885590
vt 0.210819 0.872514
vt 0.220679 0.869836
vt 0.897166 0.646521
vt 0.897457 0.652371
vt 0.917999 0.679936
vt 0.877256 0.692185
vt 0.876987 0.697635
vt 0.918042 0.672985
vt 0.877270 0.652026
vt 0.877466 0.658294
vt 0.877456 0.685957
vt 0.917999 0.665900
vt 0.877006 0.646521
vt 0.877580 0.679189
vt 0.917872 0.658952
vt 0.361166 0.902822
vt 0.360895 0.907884
vt 0.877624 0.672142
vt 0.917667 0.652409
vt 0.361368 0.896889
vt 0.877585 0.665087
vt 0.917390 0.646521
vt 0.361492 0.890315
vt 0.897457 0.692376
vt 0.897166 0.697438
vt 0.361534 0.883352
vt 0.897673 0.686444
vt 0.361492 0.876267
vt 0.897806 0.679870
vt 0.361368 0.869333
vt 0.897851 0.672907
vt 0.361166 0.862816
vt 0.897806 0.665822
vt 0.360895 0.856966
vt 0.897673 0.658888
vt 0.917390 0.697393
vt 0.497168 0.927571
vt 0.493033 0.936481
vt 0.482639 0.932176
vt 0.485820 0.925322
vt 0.241675 0.950743
vt 0.247094 0.946180
vt 0.256371 0.955098
vt 0.248897 0.961346
vt 0.207808 0.954511
vt 0.214614 0.956482
vt 0.213183 0.964693
vt 0.202664 0.967241
vt 0.206966 0.887732
vt 0.201071 0.873872
vt 0.251520 0.940646
vt 0.263091 0.948121
vt 0.221673 0.957087
vt 0.222297 0.968335
vt 0.200760 0.891151
vt 0.192835 0.879536
vt 0.254781 0.934356
vt 0.264391 0.938167
vt 0.228715 0.956304
vt 0.231504 0.968216
vt 0.195340 0.895714
vt 0.186310 0.886900
vt 0.256752 0.927550
vt 0.270224 0.929972
vt 0.235468 0.954162
vt 0.239525 0.963755
vt 0.190915 0.901248
vt 0.179426 0.893794
vt 0.257358 0.920491
vt 0.268680 0.920230
vt 0.187654 0.907538
vt 0.174649 0.902250
vt 0.256574 0.913449
vt 0.270224 0.910447
vt 0.185683 0.914344
vt 0.175769 0.912508
vt 0.254432 0.906695
vt 0.266085 0.901536
vt 0.185077 0.921403
vt 0.172317 0.921743
vt 0.251014 0.900489
vt 0.262513 0.892475
vt 0.185860 0.928445
vt 0.172527 0.931099
vt 0.246450 0.895069
vt 0.254945 0.886143
vt 0.188002 0.935199
vt 0.177022 0.939866
vt 0.240917 0.890644
vt 0.248511 0.878822
vt 0.191421 0.941405
vt 0.179873 0.949215
vt 0.234627 0.887383
vt 0.239350 0.875293
vt 0.195984 0.946825
vt 0.187481 0.955488
vt 0.227821 0.885412
vt 0.230344 0.871549
vt 0.201518 0.951250
vt 0.195282 0.961468
vt 0.462209 0.884308
vt 0.469413 0.886163
vt 0.475164 0.890970
vt 0.480331 0.896338
vt 0.481340 0.903992
vt 0.485820 0.910300
vt 0.484639 0.917792
vt 0.479888 0.939148
vt 0.474071 0.944018
vt 0.469116 0.949652
vt 0.462072 0.952367
vt 0.455140 0.955249
vt 0.447702 0.956568
vt 0.440109 0.954512
vt 0.432617 0.953464
vt 0.426283 0.949106
vt 0.421267 0.943439
vt 0.415968 0.938137
vt 0.412291 0.931632
vt 0.413149 0.923742
vt 0.410495 0.916636
vt 0.410659 0.909437
vt 0.414121 0.902690
vt 0.416308 0.895501
vt 0.422165 0.890672
vt 0.428159 0.886075
vt 0.433841 0.881631
vt 0.441929 0.883594
vt 0.448948 0.880788
vt 0.456033 0.880878
vt 0.402707 0.925518
vt 0.399258 0.916282
vt 0.489457 0.945544
vt 0.399470 0.906924
vt 0.481896 0.951873
vt 0.403971 0.898154
vt 0.475456 0.959198
vt 0.406814 0.888809
vt 0.466299 0.962726
vt 0.414426 0.882532
vt 0.457289 0.966472
vt 0.422218 0.876557
vt 0.447621 0.968187
vt 0.466477 0.874260
vt 0.475842 0.876672
vt 0.429604 0.870781
vt 0.437751 0.965514
vt 0.483317 0.882920
vt 0.440117 0.873332
vt 0.428012 0.964152
vt 0.490034 0.889898
vt 0.449241 0.869685
vt 0.419779 0.958487
vt 0.491345 0.899846
vt 0.458450 0.869801
vt 0.413259 0.951121
vt 0.497168 0.908046
vt 0.406371 0.944229
vt 0.495632 0.917784
vt 0.401592 0.935774
vt 0.614873 0.913015
vt 0.661187 0.899762
vt 0.661651 0.923484
vt 0.615111 0.927941
vt 0.661887 0.947687
vt 0.615107 0.943177
vt 0.661872 0.971516
vt 0.614873 0.958196
vt 0.776650 0.295895
vt 0.811455 0.324722
vt 0.794927 0.342319
vt 0.766258 0.307009
vt 0.775320 0.356319
vt 0.753914 0.315861
vt 0.753365 0.366109
vt 0.740100 0.322139
vt 0.729922 0.371227
vt 0.725301 0.325407
vt 0.705953 0.371428
vt 0.710159 0.325546
vt 0.850738 0.956611
vt 0.802626 0.970129
vt 0.802529 0.946640
vt 0.850628 0.941769
vt 0.802768 0.922646
vt 0.850638 0.926614
vt 0.803329 0.899138
vt 0.850738 0.911798
vt 0.669034 0.307747
vt 0.640703 0.343450
vt 0.624102 0.325990
vt 0.658591 0.296717
vt 0.611206 0.305579
vt 0.650494 0.283835
vt 0.602436 0.283043
vt 0.645017 0.269622
vt 0.598036 0.259238
vt 0.642280 0.254631
vt 0.598107 0.235018
vt 0.642336 0.239390
vt 0.524684 0.897227
vt 0.570919 0.880404
vt 0.571358 0.903583
vt 0.524907 0.911810
vt 0.571577 0.927648
vt 0.524892 0.926955
vt 0.571557 0.951754
vt 0.524655 0.942143
vt 0.571280 0.975009
vt 0.524237 0.956807
vt 0.669156 0.186184
vt 0.640865 0.150618
vt 0.660472 0.136618
vt 0.681499 0.177333
vt 0.682428 0.126827
vt 0.695310 0.171056
vt 0.705871 0.121708
vt 0.710109 0.167789
vt 0.729841 0.121508
vt 0.725251 0.167650
vt 0.771427 0.956617
vt 0.723140 0.970132
vt 0.723021 0.946642
vt 0.771303 0.941774
vt 0.723260 0.922648
vt 0.771313 0.926619
vt 0.723841 0.899140
vt 0.771427 0.911804
vt 0.766379 0.185447
vt 0.795090 0.149486
vt 0.811689 0.166948
vt 0.776823 0.196476
vt 0.824584 0.187358
vt 0.784921 0.209357
vt 0.833354 0.209895
vt 0.790400 0.223569
vt 0.593220 0.090857
vt 0.565907 0.118971
vt 0.532558 0.090912
vt 0.565782 0.056504
vt 0.837753 0.233700
vt 0.793138 0.238559
vt 0.837682 0.257920
vt 0.793083 0.253800
vt 0.860809 0.290051
vt 0.866458 0.260579
vt 0.914163 0.265039
vt 0.906635 0.303936
vt 0.849739 0.317902
vt 0.891848 0.340605
vt 0.833625 0.343084
vt 0.870380 0.373631
vt 0.813033 0.364620
vt 0.843067 0.401744
vt 0.788724 0.381649
vt 0.810968 0.423870
vt 0.761625 0.393488
vt 0.775322 0.439171
vt 0.732787 0.399630
vt 0.737496 0.447068
vt 0.703351 0.399823
vt 0.698935 0.447269
vt 0.674484 0.394056
vt 0.661111 0.439766
vt 0.647331 0.382562
vt 0.625466 0.424845
vt 0.622965 0.365804
vt 0.593363 0.403069
vt 0.602321 0.344477
vt 0.566037 0.375262
vt 0.586180 0.319430
vt 0.544544 0.342483
vt 0.575128 0.291651
vt 0.529720 0.305988
vt 0.569533 0.262207
vt 0.522147 0.267181
vt 0.569569 0.232198
vt 0.522123 0.227563
vt 0.575219 0.202726
vt 0.529652 0.188666
vt 0.586289 0.174875
vt 0.544439 0.151997
vt 0.602404 0.149692
vt 0.622997 0.128156
vt 0.647308 0.111125
vt 0.625319 0.068731
vt 0.674407 0.099286
vt 0.660966 0.053430
vt 0.703245 0.093144
vt 0.698792 0.045533
vt 0.732682 0.092950
vt 0.737352 0.045332
vt 0.761549 0.098717
vt 0.775177 0.052834
vt 0.788701 0.110212
vt 0.810822 0.067756
vt 0.813066 0.126971
vt 0.842924 0.089532
vt 0.833709 0.148298
vt 0.870250 0.117340
vt 0.849849 0.173346
vt 0.891743 0.150119
vt 0.860900 0.201126
vt 0.906566 0.186614
vt 0.748283 0.220651
vt 0.752409 0.227386
vt 0.717524 0.246721
vt 0.866494 0.230570
vt 0.914139 0.225421
vt 0.790250 0.268776
vt 0.755104 0.258159
vt 0.756525 0.250407
vt 0.690948 0.891211
vt 0.691521 0.920613
vt 0.784722 0.282977
vt 0.752291 0.265531
vt 0.691806 0.950580
vt 0.748122 0.272234
vt 0.691778 0.980001
vt 0.742795 0.278068
vt 0.736459 0.282816
vt 0.729295 0.286233
vt 0.721566 0.288137
vt 0.713593 0.288305
vt 0.695317 0.322540
vt 0.705796 0.286630
vt 0.772651 0.978494
vt 0.772528 0.949659
vt 0.681406 0.316528
vt 0.698570 0.283296
vt 0.772813 0.920175
vt 0.692185 0.278583
vt 0.773491 0.891210
vt 0.686866 0.272722
vt 0.682743 0.265985
vt 0.679921 0.258613
vt 0.678556 0.250841
vt 0.678630 0.242961
vt 0.645168 0.224414
vt 0.680051 0.235210
vt 0.600628 0.869549
vt 0.601170 0.898283
vt 0.650695 0.210214
vt 0.682862 0.227838
vt 0.601436 0.928093
vt 0.658766 0.197297
vt 0.687029 0.221136
vt 0.601401 0.957877
vt 0.692354 0.215304
vt 0.601046 0.986504
vt 0.698687 0.210559
vt 0.705848 0.207143
vt 0.713576 0.205241
vt 0.721548 0.205074
vt 0.740093 0.170655
vt 0.729345 0.206748
vt 0.693057 0.978495
vt 0.692907 0.949658
vt 0.754005 0.176667
vt 0.736574 0.210080
vt 0.693192 0.920174
vt 0.742961 0.214791
vt 0.693894 0.891211
vt 0.755232 0.234757
vt 0.756598 0.242527
vt 0.947972 0.316468
vt 0.930025 0.361197
vt 0.831496 0.028063
vt 0.870644 0.054771
vt 0.788119 0.481892
vt 0.741908 0.491627
vt 0.506500 0.363547
vt 0.488537 0.318994
vt 0.604890 0.029366
vt 0.903903 0.088826
vt 0.694772 0.491901
vt 0.478286 0.223396
vt 0.478286 0.271678
vt 0.446439 0.267291
vt 0.446483 0.226429
vt 0.479387 0.271674
vt 0.648388 0.010560
vt 0.930007 0.128905
vt 0.648542 0.482701
vt 0.479387 0.223393
vt 0.694600 0.000825
vt 0.957118 0.220779
vt 0.957118 0.269061
vt 0.947969 0.173459
vt 0.605011 0.464388
vt 0.488533 0.175985
vt 0.741736 0.000551
vt 0.903948 0.401541
vt 0.870725 0.435948
vt 0.565863 0.437681
vt 0.506481 0.131256
vt 0.787966 0.009750
vt 0.831617 0.463086
vt 0.532604 0.403626
vt 0.420224 0.264009
vt 0.420242 0.228925
vt 0.469140 0.175989
vt 0.438699 0.186314
vt 0.391891 0.056506
vt 0.425115 0.090914
vt 0.400978 0.114062
vt 0.372349 0.084644
vt 0.352783 0.029368
vt 0.338509 0.061324
vt 0.309284 0.010561
vt 0.300729 0.045094
vt 0.263073 0.000826
vt 0.260480 0.036671
vt 0.215936 0.000551
vt 0.219362 0.036448
vt 0.169706 0.009750
vt 0.179031 0.044456
vt 0.126175 0.028062
vt 0.141106 0.060350
vt 0.087027 0.054769
vt 0.107085 0.083444
vt 0.053767 0.088824
vt 0.078275 0.112751
vt 0.027663 0.128903
vt 0.055737 0.147060
vt 0.009701 0.173457
vt 0.040268 0.185008
vt 0.000551 0.220777
vt 0.032385 0.225150
vt 0.000551 0.269058
vt 0.032341 0.266012
vt 0.009697 0.316466
vt 0.040125 0.306127
vt 0.027645 0.361196
vt 0.055469 0.344049
vt 0.053722 0.401540
vt 0.077846 0.378379
vt 0.086945 0.435948
vt 0.106475 0.407797
vt 0.126054 0.463086
vt 0.140316 0.431116
vt 0.169552 0.481894
vt 0.178095 0.447348
vt 0.215764 0.491629
vt 0.218344 0.455770
vt 0.262900 0.491904
vt 0.259462 0.455993
vt 0.309130 0.482705
vt 0.299793 0.447986
vt 0.352661 0.464392
vt 0.337718 0.432090
vt 0.391809 0.437685
vt 0.371739 0.408997
vt 0.425069 0.403630
vt 0.400549 0.379690
vt 0.451173 0.363552
vt 0.423087 0.345381
vt 0.469136 0.318998
vt 0.438557 0.307433
vt 0.451192 0.131259
vt 0.423356 0.148392
vt 0.413578 0.194480
vt 0.400428 0.161811
vt 0.381154 0.132070
vt 0.356334 0.106418
vt 0.326816 0.085944
vt 0.293679 0.071621
vt 0.258247 0.064140
vt 0.221980 0.063927
vt 0.186412 0.071013
vt 0.153032 0.085056
vt 0.123215 0.105408
vt 0.098106 0.131099
vt 0.078596 0.160989
vt 0.065305 0.193842
vt 0.058579 0.228410
vt 0.058564 0.263494
vt 0.065225 0.297940
vt 0.078377 0.330608
vt 0.097650 0.360349
vt 0.122469 0.386002
vt 0.151991 0.406471
vt 0.185123 0.420807
vt 0.220558 0.428272
vt 0.256825 0.428492
vt 0.292395 0.421413
vt 0.325769 0.407356
vt 0.355592 0.387015
vt 0.380697 0.361319
vt 0.400208 0.331430
vt 0.413500 0.298577
vt 0.377988 0.232960
vt 0.373553 0.210361
vt 0.364560 0.188499
vt 0.350955 0.167895
vt 0.332818 0.149349
vt 0.310370 0.134064
vt 0.284474 0.123039
vt 0.256242 0.117167
vt 0.227051 0.117013
vt 0.198416 0.122685
vt 0.171815 0.133817
vt 0.148465 0.149532
vt 0.129327 0.168800
vt 0.115028 0.190445
vt 0.105572 0.213253
vt 0.100887 0.236423
vt 0.100806 0.259453
vt 0.105248 0.282051
vt 0.114237 0.303914
vt 0.127843 0.324518
vt 0.145983 0.343062
vt 0.168425 0.358356
vt 0.194329 0.369364
vt 0.222556 0.375255
vt 0.251748 0.375400
vt 0.280381 0.369720
vt 0.306989 0.358606
vt 0.330328 0.342875
vt 0.349474 0.323615
vt 0.363770 0.301968
vt 0.373225 0.279160
vt 0.377915 0.255990
vt 0.289726 0.166694
vt 0.271414 0.158742
vt 0.145007 0.222967
vt 0.141826 0.239319
vt 0.227431 0.337936
vt 0.248183 0.338070
vt 0.333909 0.220959
vt 0.327687 0.205507
vt 0.191404 0.166390
vt 0.174928 0.177666
vt 0.160573 0.301549
vt 0.173298 0.314750
vt 0.317295 0.300987
vt 0.327289 0.285614
vt 0.251375 0.154486
vt 0.141816 0.255538
vt 0.268534 0.334007
vt 0.318233 0.190873
vt 0.161512 0.191435
vt 0.189080 0.325728
vt 0.333799 0.269455
vt 0.230623 0.154352
vt 0.144898 0.271462
vt 0.287403 0.326033
vt 0.305509 0.177672
vt 0.151518 0.206807
vt 0.207393 0.333679
vt 0.336981 0.253103
vt 0.210273 0.158415
vt 0.151120 0.286915
vt 0.303878 0.314756
vt 0.336990 0.236884
vt 0.239416 0.246225
vt 0.214769 0.768233
vt 0.222189 0.774352
vt 0.218758 0.779488
vt 0.210287 0.774942
vt 0.216394 0.785195
vt 0.207199 0.782395
vt 0.215189 0.791254
vt 0.205626 0.790308
vt 0.215189 0.797431
vt 0.205626 0.798376
vt 0.216394 0.803489
vt 0.207199 0.806289
vt 0.218758 0.809196
vt 0.210287 0.813743
vt 0.222189 0.814332
vt 0.214769 0.820451
vt 0.226557 0.818700
vt 0.220474 0.826156
vt 0.231693 0.822132
vt 0.227182 0.830638
vt 0.237400 0.824496
vt 0.234636 0.833725
vt 0.243458 0.825701
vt 0.242548 0.835299
vt 0.249635 0.825701
vt 0.250616 0.835299
vt 0.255694 0.824496
vt 0.258529 0.833725
vt 0.261400 0.822132
vt 0.265982 0.830638
vt 0.266536 0.818700
vt 0.272691 0.826156
vt 0.270904 0.814332
vt 0.278395 0.820451
vt 0.274336 0.809196
vt 0.282878 0.813743
vt 0.276700 0.803489
vt 0.285965 0.806289
vt 0.277905 0.797431
vt 0.287539 0.798376
vt 0.277905 0.791254
vt 0.287539 0.790308
vt 0.276700 0.785195
vt 0.285965 0.782395
vt 0.274336 0.779488
vt 0.282878 0.774942
vt 0.270904 0.774352
vt 0.278395 0.768233
vt 0.266536 0.769984
vt 0.272691 0.762529
vt 0.261400 0.766553
vt 0.265982 0.758046
vt 0.255694 0.764189
vt 0.258529 0.754959
vt 0.249635 0.762984
vt 0.250616 0.753385
vt 0.243458 0.762984
vt 0.242548 0.753385
vt 0.237400 0.764189
vt 0.234636 0.754959
vt 0.231693 0.766553
vt 0.227182 0.758046
vt 0.226557 0.769984
vt 0.220474 0.762529
vt 0.189938 0.788758
vt 0.192117 0.777804
vt 0.210492 0.750304
vt 0.202595 0.758201
vt 0.188925 0.746919
vt 0.199287 0.736557
vt 0.252217 0.851037
vt 0.241049 0.851037
vt 0.301148 0.777805
vt 0.303327 0.788758
vt 0.219778 0.744099
vt 0.230096 0.739826
vt 0.210492 0.838380
vt 0.202595 0.830483
vt 0.296875 0.821197
vt 0.290670 0.830483
vt 0.263170 0.739826
vt 0.273488 0.744099
vt 0.189938 0.799926
vt 0.263170 0.848858
vt 0.296875 0.767487
vt 0.219778 0.844584
vt 0.301148 0.810879
vt 0.252217 0.737647
vt 0.192117 0.810879
vt 0.273488 0.844584
vt 0.290670 0.758201
vt 0.196391 0.767487
vt 0.230096 0.848858
vt 0.303327 0.799926
vt 0.241049 0.737647
vt 0.196391 0.821197
vt 0.282773 0.838380
vt 0.282773 0.750304
vt 0.862579 0.790789
vt 0.862671 0.776387
vt 0.874250 0.776746
vt 0.874151 0.792077
vt 0.321101 0.801669
vt 0.318242 0.816041
vt 0.180784 0.829580
vt 0.175176 0.816041
vt 0.321101 0.787015
vt 0.188925 0.841764
vt 0.318242 0.772642
vt 0.199287 0.852126
vt 0.312635 0.759103
vt 0.211472 0.860268
vt 0.304493 0.746919
vt 0.225010 0.865876
vt 0.294131 0.736557
vt 0.239382 0.868734
vt 0.281947 0.728415
vt 0.254036 0.868734
vt 0.268409 0.722808
vt 0.268409 0.865876
vt 0.254036 0.719949
vt 0.281947 0.860268
vt 0.180784 0.759103
vt 0.239382 0.719949
vt 0.294131 0.852126
vt 0.175176 0.772642
vt 0.225010 0.722808
vt 0.304493 0.841764
vt 0.172318 0.787014
vt 0.211472 0.728415
vt 0.312635 0.829580
vt 0.172318 0.801669
vt 0.873858 0.745880
vt 0.873382 0.731531
vt 0.882886 0.730860
vt 0.883369 0.745441
vt 0.871260 0.533044
vt 0.870842 0.519566
vt 0.882354 0.517187
vt 0.882798 0.531536
vt 0.862579 0.761734
vt 0.874151 0.761147
vt 0.870280 0.507468
vt 0.881756 0.504308
vt 0.862303 0.747393
vt 0.861255 0.964013
vt 0.861827 0.953642
vt 0.873342 0.956632
vt 0.872733 0.967672
vt 0.861856 0.733914
vt 0.862252 0.941451
vt 0.873794 0.943653
vt 0.861255 0.721815
vt 0.872742 0.718652
vt 0.862514 0.927907
vt 0.874073 0.929236
vt 0.066589 0.886265
vt 0.067144 0.874994
vt 0.078651 0.877699
vt 0.078060 0.889697
vt 0.862602 0.913533
vt 0.874167 0.913934
vt 0.067579 0.804901
vt 0.067174 0.791935
vt 0.078683 0.789279
vt 0.079114 0.803082
vt 0.067558 0.862113
vt 0.079092 0.863986
vt 0.862514 0.898879
vt 0.874073 0.898334
vt 0.066627 0.780551
vt 0.078101 0.777161
vt 0.067816 0.848116
vt 0.079365 0.849086
vt 0.862252 0.884509
vt 0.873794 0.883037
vt 0.870280 0.612777
vt 0.870842 0.602306
vt 0.882354 0.605267
vt 0.881756 0.616413
vt 0.067906 0.833541
vt 0.079462 0.833571
vt 0.861827 0.870976
vt 0.873342 0.868630
vt 0.871260 0.590037
vt 0.882798 0.592207
vt 0.067826 0.818949
vt 0.079377 0.818037
vt 0.861255 0.858799
vt 0.872733 0.855667
vt 0.871517 0.576441
vt 0.883072 0.577732
vt 0.861255 0.827123
vt 0.861856 0.816654
vt 0.873382 0.819611
vt 0.872742 0.830756
vt 0.871603 0.562039
vt 0.883164 0.562401
vt 0.862303 0.804385
vt 0.873858 0.806550
vt 0.871517 0.547386
vt 0.883072 0.546803
vt 0.088622 0.802597
vt 0.088184 0.788572
vt 0.098177 0.788322
vt 0.098617 0.802426
vt 0.883304 0.944201
vt 0.882845 0.957389
vt 0.882235 0.717773
vt 0.883587 0.929551
vt 0.088152 0.878419
vt 0.087552 0.890611
vt 0.883683 0.914002
vt 0.088600 0.864485
vt 0.883587 0.898151
vt 0.087593 0.776258
vt 0.088878 0.849344
vt 0.883304 0.882607
vt 0.891856 0.606022
vt 0.891248 0.617347
vt 0.088976 0.833578
vt 0.882845 0.867967
vt 0.892307 0.592750
vt 0.088889 0.817794
vt 0.882226 0.854795
vt 0.892585 0.578042
vt 0.882886 0.820361
vt 0.882235 0.831687
vt 0.892679 0.562464
vt 0.883369 0.807090
vt 0.892585 0.546613
vt 0.883667 0.792383
vt 0.892307 0.531100
vt 0.883768 0.776805
vt 0.891856 0.516520
vt 0.883667 0.760954
vt 0.891248 0.503433
vt 0.882226 0.968607
vt 0.901848 0.606254
vt 0.902302 0.592907
vt 0.914422 0.595024
vt 0.913941 0.609145
vt 0.098595 0.864661
vt 0.098145 0.878674
vt 0.893584 0.898046
vt 0.893680 0.913986
vt 0.097582 0.775938
vt 0.098875 0.849435
vt 0.893299 0.882414
vt 0.901237 0.617643
vt 0.098973 0.833581
vt 0.892837 0.867693
vt 0.098886 0.817708
vt 0.892215 0.854446
vt 0.902582 0.578117
vt 0.892877 0.820590
vt 0.892223 0.831979
vt 0.902676 0.562451
vt 0.893363 0.807244
vt 0.902582 0.546511
vt 0.893663 0.792454
vt 0.902302 0.530910
vt 0.893764 0.776788
vt 0.901848 0.516248
vt 0.893663 0.760848
vt 0.901237 0.503088
vt 0.893363 0.745247
vt 0.892837 0.957618
vt 0.892215 0.968899
vt 0.892877 0.730585
vt 0.893299 0.944356
vt 0.892223 0.717424
vt 0.893584 0.929623
vt 0.097541 0.890935
vt 0.914817 0.562801
vt 0.914717 0.545936
vt 0.927817 0.545599
vt 0.927920 0.562949
vt 0.111018 0.816816
vt 0.111110 0.833610
vt 0.904275 0.851379
vt 0.904933 0.865394
vt 0.914717 0.579376
vt 0.110734 0.800647
vt 0.904984 0.823477
vt 0.904292 0.835526
vt 0.905499 0.809357
vt 0.905815 0.793708
vt 0.914422 0.529431
vt 0.905922 0.777134
vt 0.913941 0.513918
vt 0.905815 0.760269
vt 0.913295 0.499994
vt 0.905499 0.743763
vt 0.904933 0.960536
vt 0.904275 0.972472
vt 0.904984 0.728250
vt 0.905423 0.946505
vt 0.904292 0.714326
vt 0.905724 0.930917
vt 0.110233 0.881319
vt 0.109594 0.894291
vt 0.905825 0.914373
vt 0.110268 0.785725
vt 0.110710 0.866493
vt 0.905724 0.897508
vt 0.109638 0.772623
vt 0.111006 0.850384
vt 0.905423 0.880970
vt 0.913295 0.621195
vt 0.927018 0.512658
vt 0.926353 0.498333
vt 0.939620 0.498262
vt 0.940285 0.512587
vt 0.918922 0.794329
vt 0.918596 0.810429
vt 0.927513 0.528617
vt 0.919032 0.777277
vt 0.918922 0.759927
vt 0.918596 0.742945
vt 0.918012 0.962029
vt 0.917335 0.974309
vt 0.918067 0.726985
vt 0.918515 0.947594
vt 0.917355 0.712660
vt 0.918825 0.931557
vt 0.123308 0.882708
vt 0.122651 0.896054
vt 0.918930 0.914536
vt 0.123344 0.784360
vt 0.123823 0.799712
vt 0.123799 0.867456
vt 0.918825 0.897185
vt 0.122696 0.770881
vt 0.124103 0.850882
vt 0.918515 0.880170
vt 0.927018 0.610629
vt 0.926353 0.623026
vt 0.124210 0.833625
vt 0.918012 0.864146
vt 0.927513 0.596101
vt 0.124116 0.816347
vt 0.917335 0.849727
vt 0.927817 0.580002
vt 0.918067 0.824956
vt 0.917355 0.837352
vt 0.931781 0.947514
vt 0.932090 0.931478
vt 0.950069 0.933699
vt 0.949731 0.951192
vt 0.931859 0.742870
vt 0.932184 0.759851
vt 0.931277 0.961950
vt 0.930600 0.974230
vt 0.931329 0.726910
vt 0.930617 0.712584
vt 0.136576 0.882708
vt 0.135918 0.896054
vt 0.932195 0.914457
vt 0.136611 0.784360
vt 0.137090 0.799712
vt 0.137066 0.867456
vt 0.932090 0.897106
vt 0.135963 0.770881
vt 0.137370 0.850882
vt 0.931781 0.880091
vt 0.940285 0.610558
vt 0.939620 0.622956
vt 0.137477 0.833625
vt 0.931277 0.864066
vt 0.940779 0.596031
vt 0.137383 0.816347
vt 0.930600 0.849648
vt 0.941083 0.579931
vt 0.931329 0.824880
vt 0.930617 0.837277
vt 0.941186 0.562879
vt 0.931859 0.810353
vt 0.941083 0.545528
vt 0.932184 0.794254
vt 0.940779 0.528547
vt 0.932294 0.777202
vt 0.950305 0.777806
vt 0.950185 0.758880
vt 0.960836 0.757677
vt 0.960969 0.778676
vt 0.154466 0.887215
vt 0.153749 0.901772
vt 0.950183 0.915133
vt 0.154505 0.779935
vt 0.155028 0.796681
vt 0.155001 0.870577
vt 0.950069 0.896206
vt 0.153799 0.765232
vt 0.155333 0.852498
vt 0.949731 0.877646
vt 0.958184 0.615499
vt 0.957458 0.629022
vt 0.155450 0.833674
vt 0.949182 0.860166
vt 0.958723 0.599652
vt 0.155347 0.814827
vt 0.948444 0.844438
vt 0.959055 0.582091
vt 0.949252 0.829814
vt 0.948475 0.843337
vt 0.959167 0.563489
vt 0.949829 0.813968
vt 0.959055 0.544564
vt 0.950185 0.796407
vt 0.958723 0.526040
vt 0.958183 0.508631
vt 0.957458 0.493005
vt 0.949829 0.740357
vt 0.949182 0.966938
vt 0.948444 0.980334
vt 0.949252 0.722947
vt 0.948475 0.707321
vt 0.638673 0.531654
vt 0.653522 0.516805
vt 0.661761 0.526840
vt 0.648712 0.539889
vt 0.018309 0.863476
vt 0.022002 0.844912
vt 0.032513 0.845899
vt 0.028416 0.866495
vt 0.060473 0.773364
vt 0.051551 0.790056
vt 0.041769 0.785962
vt 0.051668 0.767442
vt 0.022002 0.825985
vt 0.032513 0.824899
vt 0.046057 0.808168
vt 0.035673 0.806057
vt 0.018309 0.807422
vt 0.028416 0.804303
vt 0.044202 0.827004
vt 0.033614 0.826956
vt 0.011066 0.789936
vt 0.020380 0.784902
vt 0.046057 0.845840
vt 0.035673 0.847854
vt 0.000551 0.774199
vt 0.008713 0.767442
vt 0.979626 0.023005
vt 0.972383 0.040492
vt 0.962316 0.037413
vt 0.970353 0.018011
vt 0.051551 0.863952
vt 0.041769 0.867949
vt 0.960689 0.895100
vt 0.960816 0.916100
vt 0.968691 0.059055
vt 0.958220 0.058009
vt 0.060473 0.880644
vt 0.051668 0.886469
vt 0.342457 0.849168
vt 0.352973 0.833431
vt 0.362347 0.838404
vt 0.350680 0.855865
vt 0.968691 0.077982
vt 0.958220 0.079009
vt 0.166060 0.833738
vt 0.165931 0.854624
vt 0.360216 0.815944
vt 0.370383 0.819003
vt 0.972383 0.096546
vt 0.962316 0.099605
vt 0.165946 0.812827
vt 0.363908 0.797381
vt 0.374480 0.798407
vt 0.979626 0.114033
vt 0.970353 0.119006
vt 0.990142 0.007268
vt 0.982019 0.000551
vt 0.363908 0.778454
vt 0.374480 0.777407
vt 0.990142 0.129770
vt 0.982019 0.136467
vt 0.360216 0.759890
vt 0.370383 0.756811
vt 0.969664 0.543364
vt 0.969789 0.564362
vt 0.352973 0.742403
vt 0.362347 0.737410
vt 0.000551 0.896699
vt 0.011066 0.880962
vt 0.020380 0.885896
vt 0.008713 0.903356
vt 0.342457 0.726666
vt 0.350680 0.719949
vt 0.609881 0.889385
vt 0.611690 0.907751
vt 0.604487 0.909141
vt 0.602537 0.889345
vt 0.752576 0.702123
vt 0.731980 0.706220
vt 0.730711 0.693299
vt 0.748811 0.689699
vt 0.670983 0.505138
vt 0.677106 0.516587
vt 0.710980 0.706220
vt 0.712256 0.693299
vt 0.771977 0.505138
vt 0.789438 0.516805
vt 0.781206 0.526840
vt 0.765862 0.516587
vt 0.690384 0.497102
vt 0.694156 0.509524
vt 0.690384 0.702123
vt 0.694156 0.689699
vt 0.804287 0.531654
vt 0.794256 0.539889
vt 0.710980 0.493005
vt 0.712256 0.505924
vt 0.670982 0.694086
vt 0.677106 0.682637
vt 0.815954 0.549115
vt 0.804509 0.555234
vt 0.731980 0.493005
vt 0.730711 0.505924
vt 0.653522 0.682420
vt 0.661761 0.672384
vt 0.823990 0.568516
vt 0.811571 0.572284
vt 0.752576 0.497102
vt 0.748812 0.509524
vt 0.638673 0.667570
vt 0.648712 0.659334
vt 0.828087 0.589113
vt 0.815172 0.590384
vt 0.627006 0.650110
vt 0.638459 0.643989
vt 0.828087 0.610112
vt 0.815172 0.608839
vt 0.618970 0.630708
vt 0.631397 0.626939
vt 0.823990 0.630709
vt 0.811571 0.626939
vt 0.614873 0.610112
vt 0.627796 0.608839
vt 0.815954 0.650110
vt 0.804509 0.643990
vt 0.614873 0.589112
vt 0.627796 0.590384
vt 0.804287 0.667571
vt 0.794256 0.659334
vt 0.618970 0.568516
vt 0.631397 0.572284
vt 0.789438 0.682420
vt 0.781206 0.672384
vt 0.627006 0.549115
vt 0.638459 0.555234
vt 0.771977 0.694086
vt 0.765862 0.682637
vt 0.594524 0.855672
vt 0.595340 0.841460
vt 0.605117 0.845354
vt 0.604250 0.860449
vt 0.340921 0.775944
vt 0.340702 0.794046
vt 0.332026 0.793331
vt 0.332263 0.773820
vt 0.829736 0.533252
vt 0.829226 0.516924
vt 0.837819 0.512888
vt 0.838368 0.530488
vt 0.829188 0.621526
vt 0.829710 0.605303
vt 0.838340 0.608150
vt 0.837778 0.625636
vt 0.340702 0.812501
vt 0.332026 0.813223
vt 0.523136 0.871121
vt 0.521327 0.889487
vt 0.514036 0.889474
vt 0.515986 0.869678
vt 0.830034 0.587676
vt 0.838690 0.589150
vt 0.340923 0.830599
vt 0.332265 0.832731
vt 0.523136 0.907853
vt 0.515986 0.909270
vt 0.830148 0.569322
vt 0.838812 0.569366
vt 0.341356 0.847646
vt 0.332731 0.851105
vt 0.849728 0.621295
vt 0.850253 0.605844
vt 0.858892 0.609188
vt 0.858325 0.625843
vt 0.830047 0.550945
vt 0.838704 0.549558
vt 0.362635 0.895141
vt 0.364444 0.876775
vt 0.371816 0.876763
vt 0.369866 0.896559
vt 0.850577 0.588721
vt 0.859241 0.590732
vt 0.362635 0.858409
vt 0.369866 0.856966
vt 0.850686 0.570584
vt 0.859359 0.571182
vt 0.586719 0.836916
vt 0.587282 0.821465
vt 0.595947 0.824806
vt 0.850577 0.552130
vt 0.859241 0.551292
vt 0.587628 0.804342
vt 0.596321 0.806350
vt 0.850253 0.534069
vt 0.858892 0.531824
vt 0.587745 0.786206
vt 0.596447 0.786801
vt 0.849728 0.517095
vt 0.858325 0.513527
vt 0.587628 0.767752
vt 0.596321 0.766910
vt 0.829189 0.703345
vt 0.832789 0.685245
vt 0.840077 0.685923
vt 0.836196 0.705432
vt 0.587282 0.749691
vt 0.595947 0.747443
vt 0.832789 0.666791
vt 0.840077 0.666031
vt 0.586719 0.732716
vt 0.595340 0.729146
vt 0.829189 0.648691
vt 0.836196 0.646521
vt 0.611690 0.871019
vt 0.604487 0.869549
vt 0.341353 0.758890
vt 0.332728 0.755438
vt 0.589826 0.668634
vt 0.574887 0.683573
vt 0.568495 0.675786
vt 0.582038 0.662242
vt 0.869179 0.571684
vt 0.869054 0.592448
vt 0.605761 0.827666
vt 0.869054 0.550558
vt 0.606158 0.808063
vt 0.868684 0.529881
vt 0.606292 0.787300
vt 0.868082 0.510448
vt 0.606158 0.766173
vt 0.857563 0.497105
vt 0.867272 0.493005
vt 0.605761 0.745496
vt 0.334265 0.724819
vt 0.333404 0.738892
vt 0.323667 0.734896
vt 0.324581 0.719949
vt 0.605117 0.726063
vt 0.322949 0.752469
vt 0.594524 0.712723
vt 0.604250 0.708620
vt 0.322454 0.771993
vt 0.837025 0.640936
vt 0.847528 0.629170
vt 0.846728 0.645420
vt 0.322203 0.792717
vt 0.847571 0.509418
vt 0.848155 0.528111
vt 0.848125 0.610598
vt 0.322203 0.813845
vt 0.837077 0.497435
vt 0.846783 0.493005
vt 0.848496 0.590417
vt 0.322456 0.834564
vt 0.857563 0.640055
vt 0.868082 0.629740
vt 0.867272 0.644835
vt 0.848626 0.569404
vt 0.322952 0.854079
vt 0.868684 0.612051
vt 0.848511 0.548366
vt 0.333408 0.867639
vt 0.323671 0.871640
vt 0.534874 0.693756
vt 0.516088 0.697493
vt 0.514158 0.677937
vt 0.529166 0.674952
vt 0.475229 0.497127
vt 0.495951 0.493005
vt 0.496935 0.503026
vt 0.478150 0.506762
vt 0.557320 0.695311
vt 0.552569 0.686427
vt 0.517079 0.493005
vt 0.516088 0.503026
vt 0.537800 0.703396
vt 0.537800 0.497127
vt 0.534874 0.506762
vt 0.517079 0.707518
vt 0.557320 0.505212
vt 0.552569 0.514092
vt 0.495951 0.707518
vt 0.496935 0.697493
vt 0.574887 0.516950
vt 0.568495 0.524733
vt 0.475229 0.703396
vt 0.478150 0.693756
vt 0.589826 0.531890
vt 0.582038 0.538277
vt 0.403380 0.631547
vt 0.399258 0.610826
vt 0.409278 0.609836
vt 0.413015 0.628621
vt 0.455710 0.695311
vt 0.460454 0.686427
vt 0.601564 0.549457
vt 0.592679 0.554202
vt 0.399258 0.589698
vt 0.409278 0.590683
vt 0.438143 0.683573
vt 0.444529 0.675786
vt 0.609650 0.568976
vt 0.600009 0.571897
vt 0.403380 0.568976
vt 0.413015 0.571897
vt 0.423203 0.668634
vt 0.430985 0.662242
vt 0.613771 0.589698
vt 0.603745 0.590683
vt 0.411465 0.549457
vt 0.420344 0.554202
vt 0.411465 0.651067
vt 0.420344 0.646317
vt 0.613771 0.610826
vt 0.603745 0.609836
vt 0.423203 0.531890
vt 0.430985 0.538277
vt 0.609650 0.631547
vt 0.600009 0.628621
vt 0.438143 0.516950
vt 0.444529 0.524733
vt 0.601564 0.651067
vt 0.592679 0.646317
vt 0.455710 0.505212
vt 0.460454 0.514092
vt 0.431812 0.622915
vt 0.428826 0.607907
vt 0.458351 0.604996
vt 0.460201 0.614299
vt 0.543303 0.531416
vt 0.529166 0.525560
vt 0.498856 0.677937
vt 0.556026 0.539917
vt 0.483848 0.674952
vt 0.566846 0.550738
vt 0.469711 0.669096
vt 0.575347 0.563460
vt 0.428826 0.592605
vt 0.456989 0.660595
vt 0.581203 0.577597
vt 0.431812 0.577597
vt 0.446169 0.649775
vt 0.584188 0.592605
vt 0.437667 0.563460
vt 0.437667 0.637052
vt 0.584188 0.607907
vt 0.446169 0.550737
vt 0.581203 0.622915
vt 0.456989 0.539917
vt 0.575347 0.637052
vt 0.469711 0.531416
vt 0.566846 0.649775
vt 0.483848 0.525560
vt 0.556026 0.660595
vt 0.498856 0.522575
vt 0.543303 0.669096
vt 0.514158 0.522575
vt 0.460201 0.586208
vt 0.463831 0.577445
vt 0.480063 0.586120
vt 0.477814 0.591550
vt 0.483695 0.642925
vt 0.492458 0.646555
vt 0.549175 0.577445
vt 0.543906 0.569558
vt 0.458351 0.595511
vt 0.475808 0.637656
vt 0.552805 0.586208
vt 0.469101 0.630949
vt 0.554656 0.595511
vt 0.463831 0.623062
vt 0.554656 0.604996
vt 0.469101 0.569558
vt 0.552805 0.614299
vt 0.475808 0.562851
vt 0.549175 0.623062
vt 0.483695 0.557581
vt 0.543906 0.630949
vt 0.492458 0.553951
vt 0.537199 0.637656
vt 0.501761 0.552101
vt 0.529312 0.642925
vt 0.511246 0.552101
vt 0.520549 0.646555
vt 0.520549 0.553951
vt 0.511246 0.648406
vt 0.529312 0.557581
vt 0.501761 0.648406
vt 0.537199 0.562851
vt 0.487483 0.577078
vt 0.492370 0.573813
vt 0.500062 0.588206
vt 0.497836 0.589694
vt 0.480063 0.614384
vt 0.483328 0.619270
vt 0.536335 0.603190
vt 0.536335 0.597313
vt 0.483328 0.581234
vt 0.477814 0.608954
vt 0.535189 0.608954
vt 0.532940 0.614384
vt 0.529675 0.619270
vt 0.497799 0.571564
vt 0.525519 0.623426
vt 0.503563 0.570418
vt 0.520633 0.626691
vt 0.509440 0.570418
vt 0.515204 0.628940
vt 0.515204 0.571564
vt 0.509440 0.630086
vt 0.520633 0.573813
vt 0.503563 0.630086
vt 0.525519 0.577078
vt 0.497799 0.628940
vt 0.529675 0.581234
vt 0.476667 0.603190
vt 0.492370 0.626691
vt 0.532940 0.586120
vt 0.476667 0.597313
vt 0.487483 0.623426
vt 0.535189 0.591550
vt 0.505162 0.586659
vt 0.507839 0.586659
vt 0.506500 0.600251
vt 0.517058 0.608915
vt 0.518545 0.606689
vt 0.502536 0.587182
vt 0.515164 0.610808
vt 0.512938 0.612296
vt 0.510465 0.613320
vt 0.510465 0.587182
vt 0.507839 0.613843
vt 0.512938 0.588206
vt 0.505162 0.613843
vt 0.515164 0.589694
vt 0.502536 0.613320
vt 0.517058 0.591587
vt 0.492908 0.601590
vt 0.493431 0.604216
vt 0.500062 0.612296
vt 0.518545 0.593813
vt 0.492908 0.598912
vt 0.497836 0.610808
vt 0.519570 0.596286
vt 0.493431 0.596286
vt 0.495943 0.608915
vt 0.520092 0.598912
vt 0.494455 0.593813
vt 0.494455 0.606689
vt 0.520092 0.601590
vt 0.495943 0.591587
vt 0.519570 0.604216
vt 0.086008 0.951356
vt 0.077099 0.947665
vt 0.081660 0.940848
vt 0.087613 0.943314
vt 0.988372 0.223468
vt 0.995889 0.223832
vt 0.999291 0.234356
vt 0.990424 0.233927
vt 0.296703 0.888383
vt 0.294440 0.888383
vt 0.292348 0.877876
vt 0.298792 0.877876
vt 0.363124 0.979568
vt 0.351954 0.979696
vt 0.351954 0.968118
vt 0.363124 0.967991
vt 0.342457 0.968489
vt 0.342457 0.980067
vt 0.353628 0.957665
vt 0.345577 0.957980
vt 0.155558 0.974299
vt 0.154301 0.980619
vt 0.144421 0.976529
vt 0.144863 0.974310
vt 0.141283 0.979668
vt 0.143164 0.978411
vt 0.150721 0.985977
vt 0.145364 0.989557
vt 0.979505 0.233735
vt 0.990424 0.245505
vt 0.979505 0.245313
vt 0.070280 0.940846
vt 0.077104 0.936291
vt 0.290744 0.869836
vt 0.300388 0.869836
vt 0.139066 0.974311
vt 0.298794 0.889249
vt 0.304745 0.880341
vt 0.999291 0.245934
vt 0.979115 0.256275
vt 0.988372 0.256438
vt 0.984580 0.265062
vt 0.978395 0.264953
vt 0.968197 0.233809
vt 0.968197 0.245387
vt 0.309301 0.884898
vt 0.309298 0.873526
vt 0.316117 0.880345
vt 0.295572 0.894070
vt 0.154301 0.967979
vt 0.144421 0.972091
vt 0.979115 0.223305
vt 0.969528 0.256338
vt 0.300394 0.890849
vt 0.971989 0.264995
vt 0.958220 0.234138
vt 0.958220 0.245715
vt 0.311767 0.890851
vt 0.319807 0.889255
vt 0.150721 0.962622
vt 0.143164 0.970209
vt 0.969528 0.223368
vt 0.301259 0.892939
vt 0.961070 0.256616
vt 0.961070 0.223647
vt 0.156483 0.956803
vt 0.161841 0.964821
vt 0.990457 0.148195
vt 0.999254 0.148636
vt 0.999254 0.160213
vt 0.990457 0.159772
vt 0.311767 0.897295
vt 0.319807 0.898899
vt 0.145364 0.959042
vt 0.141283 0.968952
vt 0.301259 0.895202
vt 0.995824 0.171081
vt 0.988366 0.170707
vt 0.988366 0.137739
vt 0.995824 0.138114
vt 0.148465 0.951445
vt 0.979569 0.147993
vt 0.979569 0.159570
vt 0.139044 0.957785
vt 0.139064 0.968511
vt 0.300394 0.897292
vt 0.309301 0.903248
vt 0.979137 0.170536
vt 0.316117 0.907808
vt 0.984504 0.179335
vt 0.978337 0.179221
vt 0.968249 0.148062
vt 0.968249 0.159638
vt 0.979137 0.137568
vt 0.969540 0.170594
vt 0.971925 0.179260
vt 0.298794 0.898893
vt 0.304745 0.907804
vt 0.309298 0.914627
vt 0.132724 0.959042
vt 0.136845 0.968952
vt 0.958220 0.148390
vt 0.958220 0.159967
vt 0.298792 0.910270
vt 0.300388 0.918318
vt 0.969540 0.137626
vt 0.121530 0.956803
vt 0.129549 0.951445
vt 0.127366 0.962622
vt 0.296703 0.899758
vt 0.961037 0.170872
vt 0.134963 0.970209
vt 0.098794 0.963071
vt 0.107660 0.963530
vt 0.107660 0.975104
vt 0.098794 0.974645
vt 0.292348 0.910270
vt 0.290744 0.918318
vt 0.961037 0.137905
vt 0.123786 0.967980
vt 0.133706 0.972091
vt 0.294440 0.899758
vt 0.104257 0.985981
vt 0.096741 0.985592
vt 0.087876 0.962865
vt 0.087876 0.974439
vt 0.286395 0.907804
vt 0.281835 0.914627
vt 0.096741 0.952631
vt 0.104257 0.953021
vt 0.116173 0.964822
vt 0.122529 0.974300
vt 0.133265 0.974310
vt 0.087485 0.985418
vt 0.292350 0.898893
vt 0.281838 0.903248
vt 0.275016 0.907808
vt 0.087485 0.952457
vt 0.092949 0.994245
vt 0.086764 0.994128
vt 0.076567 0.962944
vt 0.076567 0.974519
vt 0.290750 0.897292
vt 0.077898 0.985485
vt 0.123786 0.980619
vt 0.133706 0.976529
vt 0.279372 0.897295
vt 0.271325 0.898899
vt 0.077898 0.952524
vt 0.080358 0.994173
vt 0.066589 0.963296
vt 0.066589 0.974871
vt 0.289884 0.895202
vt 0.069439 0.985783
vt 0.127366 0.985977
vt 0.134963 0.978411
vt 0.279372 0.890851
vt 0.271325 0.889255
vt 0.069439 0.952823
vt 0.121530 0.991757
vt 0.116173 0.983738
vt 0.374267 0.968126
vt 0.383687 0.968504
vt 0.383687 0.980082
vt 0.374267 0.979704
vt 0.289884 0.892939
vt 0.380530 0.990964
vt 0.372544 0.990643
vt 0.132724 0.989557
vt 0.136845 0.979668
vt 0.372544 0.957672
vt 0.380530 0.957992
vt 0.129549 0.997114
vt 0.281838 0.884898
vt 0.275016 0.880345
vt 0.363097 0.990528
vt 0.139044 0.990814
vt 0.139064 0.980109
vt 0.290750 0.890849
vt 0.369360 0.999278
vt 0.363047 0.999201
vt 0.292350 0.889249
vt 0.286395 0.880341
vt 0.281835 0.873526
vt 0.363097 0.957557
vt 0.353628 0.990636
vt 0.356720 0.999273
vt 0.090838 0.927117
vt 0.087616 0.931939
vt 0.086016 0.930339
vt 0.995889 0.256801
vt 0.089707 0.932805
vt 0.972969 0.180437
vt 0.979136 0.180551
vt 0.978337 0.189237
vt 0.969107 0.189066
vt 0.345577 0.990951
vt 0.977904 0.200202
vt 0.967017 0.200001
vt 0.294103 0.948023
vt 0.296322 0.947581
vt 0.300442 0.957491
vt 0.294123 0.958749
vt 0.999254 0.211382
vt 0.989224 0.211710
vt 0.989224 0.200134
vt 0.999254 0.199805
vt 0.977904 0.211779
vt 0.987934 0.189178
vt 0.094057 0.943314
vt 0.091969 0.932805
vt 0.958220 0.199559
vt 0.967017 0.211577
vt 0.958220 0.211136
vt 0.985549 0.180512
vt 0.291883 0.947581
vt 0.287803 0.957492
vt 0.161841 0.983738
vt 0.156483 0.991756
vt 0.095652 0.951356
vt 0.989313 0.285838
vt 0.999291 0.285509
vt 0.999291 0.297086
vt 0.989313 0.297415
vt 0.282445 0.953912
vt 0.284701 0.965088
vt 0.276683 0.959731
vt 0.294100 0.942222
vt 0.100010 0.940848
vt 0.094060 0.931939
vt 0.961649 0.188691
vt 0.996440 0.307578
vt 0.987982 0.307857
vt 0.290002 0.946324
vt 0.104562 0.947665
vt 0.978005 0.285912
vt 0.978005 0.297489
vt 0.278865 0.948554
vt 0.271325 0.951712
vt 0.104567 0.936291
vt 0.095660 0.930339
vt 0.987982 0.274887
vt 0.996440 0.274608
vt 0.288745 0.944443
vt 0.978395 0.307919
vt 0.978395 0.274950
vt 0.111381 0.940846
vt 0.967086 0.285720
vt 0.967086 0.297297
vt 0.979115 0.266272
vt 0.985521 0.266230
vt 0.107033 0.930338
vt 0.096526 0.928249
vt 0.288303 0.942223
vt 0.277608 0.942234
vt 0.969138 0.307757
vt 0.969138 0.274787
vt 0.115071 0.931936
vt 0.958220 0.285291
vt 0.958220 0.296868
vt 0.107033 0.923895
vt 0.096526 0.925986
vt 0.288745 0.940004
vt 0.278865 0.935914
vt 0.961622 0.307393
vt 0.972930 0.266163
vt 0.115071 0.922293
vt 0.989953 0.328603
vt 0.999449 0.328231
vt 0.999449 0.339809
vt 0.989953 0.340180
vt 0.961622 0.274423
vt 0.111381 0.913383
vt 0.104567 0.917941
vt 0.290002 0.938123
vt 0.282445 0.930557
vt 0.996330 0.350319
vt 0.988279 0.350634
vt 0.271325 0.932796
vt 0.276683 0.924777
vt 0.095660 0.923895
vt 0.978783 0.328730
vt 0.978783 0.340308
vt 0.287803 0.926977
vt 0.284701 0.919419
vt 0.988279 0.317662
vt 0.996330 0.317348
vt 0.104562 0.906564
vt 0.100010 0.913385
vt 0.291883 0.936866
vt 0.978810 0.350742
vt 0.094060 0.922296
vt 0.967639 0.328595
vt 0.967639 0.340172
vt 0.978859 0.309097
vt 0.985187 0.309025
vt 0.978810 0.317770
vt 0.094057 0.910919
vt 0.091969 0.921430
vt 0.294103 0.936424
vt 0.294123 0.925719
vt 0.969363 0.350627
vt 0.958220 0.328217
vt 0.958220 0.339794
vt 0.972547 0.309021
vt 0.969363 0.317655
vt 0.095652 0.902874
vt 0.087613 0.910919
vt 0.089707 0.921430
vt 0.961377 0.350306
vt 0.296322 0.936866
vt 0.300442 0.926977
vt 0.305800 0.930556
vt 0.303618 0.919419
vt 0.311636 0.924777
vt 0.961377 0.317335
vt 0.086008 0.902874
vt 0.031644 0.972755
vt 0.041621 0.972403
vt 0.041621 0.983978
vt 0.031644 0.984330
vt 0.298203 0.938123
vt 0.038771 0.994452
vt 0.030312 0.994750
vt 0.081660 0.913385
vt 0.087616 0.922296
vt 0.309380 0.935914
vt 0.316994 0.932795
vt 0.030312 0.961789
vt 0.038771 0.961491
vt 0.077099 0.906564
vt 0.020335 0.972835
vt 0.020335 0.984409
vt 0.299460 0.940004
vt 0.020725 0.994817
vt 0.077104 0.917941
vt 0.086016 0.923895
vt 0.021447 0.953146
vt 0.027853 0.953101
vt 0.020725 0.961857
vt 0.070280 0.913383
vt 0.009416 0.972629
vt 0.009416 0.984203
vt 0.299902 0.942223
vt 0.310637 0.942234
vt 0.011469 0.994643
vt 0.074638 0.923895
vt 0.085150 0.925986
vt 0.011469 0.961682
vt 0.066589 0.922293
vt 0.000551 0.972170
vt 0.000551 0.983744
vt 0.015262 0.953029
vt 0.003953 0.994253
vt 0.074638 0.930338
vt 0.085150 0.928249
vt 0.299460 0.944443
vt 0.309380 0.948554
vt 0.066589 0.931936
vt 0.298203 0.946324
vt 0.305800 0.953911
vt 0.316994 0.951712
vt 0.311636 0.959730
vt 0.003953 0.961293
vt 0.996436 0.221867
vt 0.987934 0.222146
vt 0.303618 0.965088
vt 0.996436 0.188900
vt 0.978337 0.222204
vt 0.969107 0.222033
vt 0.961649 0.221659
vt 0.988213 0.961298
vt 0.984325 0.961298
vt 0.984269 0.956712
vt 0.988157 0.956712
vt 0.983984 0.455101
vt 0.980097 0.455101
vt 0.980308 0.451761
vt 0.984195 0.451761
vt 0.980472 0.447848
vt 0.984360 0.447848
vt 0.980585 0.443511
vt 0.984473 0.443511
vt 0.980641 0.438916
vt 0.984528 0.438916
vt 0.980638 0.434241
vt 0.984525 0.434241
vt 0.980576 0.429665
vt 0.984464 0.429665
vt 0.980458 0.425363
vt 0.984345 0.425363
vt 0.980288 0.421502
vt 0.984176 0.421502
vt 0.958640 0.386673
vt 0.962529 0.386673
vt 0.962352 0.390269
vt 0.958463 0.390269
vt 0.962219 0.394379
vt 0.958331 0.394379
vt 0.962137 0.398844
vt 0.958248 0.398844
vt 0.962109 0.403494
vt 0.958220 0.403494
vt 0.962134 0.408150
vt 0.958245 0.408150
vt 0.962213 0.412632
vt 0.958324 0.412632
vt 0.962342 0.416769
vt 0.958453 0.416769
vt 0.962516 0.420401
vt 0.958628 0.420401
vt 0.987689 0.912737
vt 0.983800 0.912737
vt 0.983997 0.909397
vt 0.987886 0.909397
vt 0.984151 0.905483
vt 0.988040 0.905483
vt 0.984256 0.901146
vt 0.988145 0.901146
vt 0.984308 0.896551
vt 0.988197 0.896551
vt 0.984305 0.891876
vt 0.988194 0.891876
vt 0.984248 0.887300
vt 0.988136 0.887300
vt 0.984137 0.882999
vt 0.988026 0.882999
vt 0.983978 0.879138
vt 0.987867 0.879138
vt 0.987687 0.982076
vt 0.983799 0.982076
vt 0.984001 0.978768
vt 0.987889 0.978768
vt 0.984160 0.974879
vt 0.988048 0.974879
vt 0.984269 0.970559
vt 0.988158 0.970559
vt 0.984325 0.965973
vt 0.988213 0.965973
vt 0.975726 0.438916
vt 0.975723 0.434241
vt 0.988048 0.952394
vt 0.984159 0.952394
vt 0.984000 0.948508
vt 0.987889 0.948508
vt 0.967025 0.403494
vt 0.967053 0.398844
vt 0.972604 0.398844
vt 0.972575 0.403494
vt 0.967050 0.408150
vt 0.967129 0.412632
vt 0.979332 0.887300
vt 0.979221 0.882999
vt 0.975182 0.455101
vt 0.975393 0.451761
vt 0.967268 0.390269
vt 0.967135 0.394379
vt 0.979235 0.905483
vt 0.979340 0.901146
vt 0.979354 0.970559
vt 0.979410 0.965973
vt 0.975661 0.429665
vt 0.967258 0.416769
vt 0.979063 0.879138
vt 0.975558 0.447848
vt 0.979392 0.896551
vt 0.979409 0.961298
vt 0.975543 0.425363
vt 0.967432 0.420401
vt 0.978883 0.982076
vt 0.979086 0.978768
vt 0.975670 0.443511
vt 0.979389 0.891876
vt 0.979353 0.956712
vt 0.979244 0.952394
vt 0.975373 0.421502
vt 0.978884 0.912737
vt 0.979081 0.909397
vt 0.979244 0.974879
vt 0.979085 0.948508
vt 0.967445 0.386673
vt 0.972808 0.416769
vt 0.972679 0.412632
vt 0.978388 0.412632
vt 0.978517 0.416769
vt 0.973804 0.956712
vt 0.973694 0.952394
vt 0.973536 0.978768
vt 0.973695 0.974879
vt 0.972600 0.408150
vt 0.973535 0.948508
vt 0.973804 0.970559
vt 0.969634 0.455101
vt 0.969845 0.451761
vt 0.973860 0.965973
vt 0.970009 0.447848
vt 0.973860 0.961298
vt 0.972983 0.420401
vt 0.970122 0.443511
vt 0.973334 0.912737
vt 0.973531 0.909397
vt 0.970178 0.438916
vt 0.973685 0.905483
vt 0.970175 0.434241
vt 0.973790 0.901146
vt 0.970113 0.429665
vt 0.973842 0.896551
vt 0.969995 0.425363
vt 0.973839 0.891876
vt 0.969825 0.421502
vt 0.973782 0.887300
vt 0.972995 0.386673
vt 0.972818 0.390269
vt 0.973671 0.882999
vt 0.972686 0.394379
vt 0.973513 0.879138
vt 0.973334 0.982076
vt 0.967977 0.905483
vt 0.967823 0.909397
vt 0.962114 0.909397
vt 0.962268 0.905483
vt 0.964138 0.451761
vt 0.964302 0.447848
vt 0.968152 0.965973
vt 0.968152 0.961298
vt 0.978692 0.420401
vt 0.964415 0.443511
vt 0.968096 0.956712
vt 0.967626 0.912737
vt 0.964471 0.438916
vt 0.964468 0.434241
vt 0.968082 0.901146
vt 0.964406 0.429665
vt 0.968134 0.896551
vt 0.964288 0.425363
vt 0.968131 0.891876
vt 0.964118 0.421502
vt 0.968073 0.887300
vt 0.978704 0.386673
vt 0.978527 0.390269
vt 0.967963 0.882999
vt 0.978395 0.394379
vt 0.967804 0.879138
vt 0.978313 0.398844
vt 0.967625 0.982076
vt 0.967828 0.978768
vt 0.978284 0.403494
vt 0.967986 0.952394
vt 0.967987 0.974879
vt 0.978309 0.408150
vt 0.967827 0.948508
vt 0.968096 0.970559
vt 0.963927 0.455101
vt 0.963912 0.681499
vt 0.961314 0.685387
vt 0.958008 0.688693
vt 0.954121 0.691290
vt 0.949801 0.693080
vt 0.945216 0.693992
vt 0.940540 0.693992
vt 0.935955 0.693080
vt 0.931635 0.691290
vt 0.927748 0.688693
vt 0.924442 0.685387
vt 0.921844 0.681499
vt 0.920055 0.677180
vt 0.919143 0.672594
vt 0.919143 0.667919
vt 0.920055 0.663333
vt 0.921844 0.659014
vt 0.924442 0.655126
vt 0.927748 0.651820
vt 0.931635 0.649223
vt 0.935955 0.647433
vt 0.940540 0.646521
vt 0.945216 0.646521
vt 0.949801 0.647433
vt 0.954121 0.649223
vt 0.958008 0.651820
vt 0.961314 0.655126
vt 0.963912 0.659014
vt 0.965701 0.663333
vt 0.966613 0.667919
vt 0.966613 0.672594
vt 0.965701 0.677180
vt 0.958764 0.438916
vt 0.958761 0.434241
vt 0.962373 0.901146
vt 0.958699 0.429665
vt 0.962425 0.896551
vt 0.958581 0.425363
vt 0.962422 0.891876
vt 0.958411 0.421502
vt 0.962365 0.887300
vt 0.984413 0.386673
vt 0.984236 0.390269
vt 0.962254 0.882999
vt 0.984104 0.394379
vt 0.962096 0.879138
vt 0.984021 0.398844
vt 0.961917 0.982076
vt 0.962119 0.978768
vt 0.983993 0.403494
vt 0.962387 0.956712
vt 0.962278 0.952394
vt 0.962278 0.974879
vt 0.984018 0.408150
vt 0.962119 0.948508
vt 0.962388 0.970559
vt 0.984097 0.412632
vt 0.958220 0.455101
vt 0.958430 0.451761
vt 0.962443 0.965973
vt 0.984226 0.416769
vt 0.958595 0.447848
vt 0.962443 0.961298
vt 0.984401 0.420401
vt 0.958708 0.443511
vt 0.961917 0.912737
vt 0.019318 0.930845
vt 0.018896 0.929825
vt 0.024282 0.928191
vt 0.048021 0.925855
vt 0.048021 0.930531
vt 0.040862 0.929825
vt 0.040862 0.926559
vt 0.047109 0.935116
vt 0.040225 0.933028
vt 0.045320 0.939436
vt 0.038975 0.936045
vt 0.042722 0.943323
vt 0.037161 0.938760
vt 0.039416 0.946629
vt 0.034852 0.941069
vt 0.035529 0.949227
vt 0.032136 0.942883
vt 0.031209 0.951016
vt 0.029119 0.944133
vt 0.026624 0.951928
vt 0.025916 0.944770
vt 0.021948 0.951928
vt 0.022651 0.944770
vt 0.017363 0.951016
vt 0.019448 0.944133
vt 0.013043 0.949227
vt 0.016431 0.942883
vt 0.009156 0.946629
vt 0.013716 0.941069
vt 0.005849 0.943323
vt 0.011407 0.938760
vt 0.003252 0.939436
vt 0.009592 0.936045
vt 0.001463 0.935116
vt 0.008343 0.933028
vt 0.000551 0.930531
vt 0.007706 0.929825
vt 0.000551 0.925855
vt 0.007706 0.926559
vt 0.001463 0.921270
vt 0.008343 0.923356
vt 0.003252 0.916950
vt 0.009592 0.920339
vt 0.005849 0.913063
vt 0.011407 0.917624
vt 0.009156 0.909757
vt 0.013716 0.915315
vt 0.013043 0.907159
vt 0.016431 0.913501
vt 0.017363 0.905370
vt 0.019448 0.912251
vt 0.021948 0.904458
vt 0.022651 0.911614
vt 0.026624 0.904458
vt 0.025916 0.911614
vt 0.031209 0.905370
vt 0.029119 0.912251
vt 0.035529 0.907159
vt 0.032136 0.913501
vt 0.039416 0.909757
vt 0.034852 0.915315
vt 0.042722 0.913063
vt 0.037161 0.917624
vt 0.045320 0.916950
vt 0.047109 0.921270
vt 0.040225 0.923356
vt 0.038975 0.920339
vt 0.029669 0.926557
vt 0.029246 0.925538
vt 0.029884 0.927639
vt 0.029884 0.928743
vt 0.029669 0.929825
vt 0.029246 0.930845
vt 0.028633 0.931762
vt 0.027853 0.932542
vt 0.026936 0.933155
vt 0.025916 0.933578
vt 0.024834 0.933793
vt 0.023730 0.933793
vt 0.022648 0.933578
vt 0.021629 0.933155
vt 0.020711 0.932542
vt 0.019931 0.931762
vt 0.018680 0.928743
vt 0.018680 0.927639
vt 0.018896 0.926557
vt 0.019318 0.925538
vt 0.019931 0.924620
vt 0.020711 0.923840
vt 0.021629 0.923227
vt 0.022648 0.922805
vt 0.023730 0.922589
vt 0.024834 0.922589
vt 0.025916 0.922805
vt 0.026936 0.923227
vt 0.027853 0.923840
vt 0.028633 0.924620
vt 0.148465 0.997114
s 1
usemtl Material.001
f 8/1/8 3/3/3 2/2/2
f 6/4/6 5/6/5 2/5/2
f 9/7/9 4/9/4 2/8/2
f 7/10/7 1/12/1 2/11/2
f 8/1/8 17/14/17 12/13/12 3/3/3
f 1/15/1 11/16/11 17/14/17 8/1/8
f 4/17/4 7/10/7 2/11/2
f 3/18/3 6/4/6 2/5/2
f 9/7/9 18/20/18 13/19/13 4/9/4
f 3/18/3 12/22/12 15/21/15 6/4/6
f 5/23/5 9/7/9 2/8/2
f 1/15/1 8/1/8 2/2/2
f 18/20/18 26/25/26 21/24/21 13/19/13
f 12/22/12 20/27/20 23/26/23 15/21/15
f 13/28/13 21/31/21 24/30/24 16/29/16
f 16/29/16 24/30/24 10/33/10 11/32/11
f 5/23/5 14/34/14 18/20/18 9/7/9
f 7/10/7 16/29/16 11/32/11 1/12/1
f 6/4/6 15/21/15 14/35/14 5/6/5
f 4/17/4 13/28/13 16/29/16 7/10/7
f 21/31/21 29/37/29 32/36/32 24/30/24
f 24/30/24 32/36/32 19/38/19 10/33/10
f 25/39/25 33/42/33 28/41/28 20/40/20
f 10/43/10 19/44/19 33/42/33 25/39/25
f 15/21/15 23/26/23 22/45/22 14/35/14
f 14/34/14 22/46/22 26/25/26 18/20/18
f 11/16/11 10/43/10 25/39/25 17/14/17
f 17/14/17 25/39/25 20/40/20 12/13/12
f 33/42/33 41/48/41 36/47/36 28/41/28
f 19/44/19 27/49/27 41/48/41 33/42/33
f 30/50/30 38/53/38 42/52/42 34/51/34
f 31/54/31 39/57/39 38/56/38 30/55/30
f 20/27/20 28/58/28 31/54/31 23/26/23
f 26/25/26 34/51/34 29/59/29 21/24/21
f 23/26/23 31/54/31 30/55/30 22/45/22
f 22/46/22 30/50/30 34/51/34 26/25/26
f 38/53/38 46/61/46 50/60/50 42/52/42
f 39/57/39 47/63/47 46/62/46 38/56/38
f 42/52/42 50/60/50 45/65/45 37/64/37
f 36/66/36 44/67/44 47/63/47 39/57/39
f 32/36/32 40/69/40 27/68/27 19/38/19
f 29/37/29 37/70/37 40/69/40 32/36/32
f 28/58/28 36/66/36 39/57/39 31/54/31
f 34/51/34 42/52/42 37/64/37 29/59/29
f 44/67/44 52/72/52 55/71/55 47/63/47
f 45/73/45 53/76/53 56/75/56 48/74/48
f 48/74/48 56/75/56 43/78/43 35/77/35
f 49/79/49 57/80/57 52/72/52 44/67/44
f 27/49/27 35/82/35 49/81/49 41/48/41
f 41/48/41 49/81/49 44/83/44 36/47/36
f 40/69/40 48/74/48 35/77/35 27/68/27
f 37/70/37 45/73/45 48/74/48 40/69/40
f 56/75/56 64/85/64 51/84/51 43/78/43
f 57/86/57 65/89/65 60/88/60 52/87/52
f 43/90/43 51/91/51 65/89/65 57/86/57
f 54/92/54 62/95/62 66/94/66 58/93/58
f 50/60/50 58/97/58 53/96/53 45/65/45
f 47/63/47 55/71/55 54/98/54 46/62/46
f 46/61/46 54/99/54 58/97/58 50/60/50
f 35/82/35 43/101/43 57/100/57 49/81/49
f 51/91/51 59/103/59 73/102/73 65/89/65
f 62/95/62 70/105/70 74/104/74 66/94/66
f 63/106/63 71/109/71 70/108/70 62/107/62
f 66/94/66 74/104/74 69/111/69 61/110/61
f 53/76/53 61/112/61 64/85/64 56/75/56
f 52/72/52 60/113/60 63/106/63 55/71/55
f 58/93/58 66/94/66 61/110/61 53/114/53
f 55/71/55 63/106/63 62/107/62 54/98/54
f 71/109/71 79/116/79 78/115/78 70/108/70
f 74/104/74 82/118/82 77/117/77 69/111/69
f 68/119/68 76/120/76 79/116/79 71/109/71
f 69/121/69 77/124/77 80/123/80 72/122/72
f 65/89/65 73/102/73 68/125/68 60/88/60
f 64/85/64 72/122/72 59/126/59 51/84/51
f 61/112/61 69/121/69 72/122/72 64/85/64
f 60/113/60 68/119/68 71/109/71 63/106/63
f 76/120/76 84/128/84 87/127/87 79/116/79
f 77/124/77 85/130/85 88/129/88 80/123/80
f 80/123/80 88/129/88 75/132/75 67/131/67
f 81/133/81 89/136/89 84/135/84 76/134/76
f 70/105/70 78/137/78 82/118/82 74/104/74
f 59/103/59 67/138/67 81/133/81 73/102/73
f 73/102/73 81/133/81 76/134/76 68/125/68
f 72/122/72 80/123/80 67/131/67 59/126/59
f 89/139/89 97/142/97 92/141/92 84/140/84
f 75/143/75 83/144/83 97/142/97 89/139/89
f 86/145/86 94/148/94 98/147/98 90/146/90
f 87/127/87 95/151/95 94/150/94 86/149/86
f 82/118/82 90/153/90 85/152/85 77/117/77
f 79/116/79 87/127/87 86/149/86 78/115/78
f 78/137/78 86/154/86 90/153/90 82/118/82
f 67/138/67 75/155/75 89/136/89 81/133/81
f 83/144/83 91/157/91 105/156/105 97/142/97
f 94/148/94 102/159/102 106/158/106 98/147/98
f 95/151/95 103/161/103 102/160/102 94/150/94
f 98/147/98 106/158/106 101/163/101 93/162/93
f 88/129/88 96/165/96 83/164/83 75/132/75
f 85/130/85 93/166/93 96/165/96 88/129/88
f 84/128/84 92/167/92 95/151/95 87/127/87
f 90/146/90 98/147/98 93/162/93 85/168/85
f 106/158/106 113/170/113 108/169/108 101/163/101
f 100/171/100 107/173/107 110/172/110 103/161/103
f 101/174/101 108/177/108 111/176/111 104/175/104
f 104/175/104 111/176/111 99/179/99 91/178/91
f 97/142/97 105/156/105 100/180/100 92/141/92
f 96/165/96 104/175/104 91/178/91 83/164/83
f 93/166/93 101/174/101 104/175/104 96/165/96
f 92/167/92 100/171/100 103/161/103 95/151/95
f 99/181/99 114/183/114 112/182/112
f 109/184/109 114/185/114 113/170/113
f 110/172/110 114/187/114 109/186/109
f 113/170/113 114/185/114 108/169/108
f 103/161/103 110/172/110 109/186/109 102/160/102
f 102/159/102 109/184/109 113/170/113 106/158/106
f 91/157/91 99/181/99 112/182/112 105/156/105
f 105/156/105 112/182/112 107/188/107 100/180/100
f 112/182/112 114/183/114 107/188/107
f 111/176/111 114/189/114 99/179/99
f 108/177/108 114/189/114 111/176/111
f 107/173/107 114/187/114 110/172/110
f 307/190/292 276/193/261 115/192/115 146/191/146
f 278/194/263 279/197/264 118/196/118 117/195/117
f 279/197/264 280/199/265 119/198/119 118/196/118
f 280/199/265 281/201/266 120/200/120 119/198/119
f 281/201/266 282/203/267 121/202/121 120/200/120
f 282/203/267 283/205/268 122/204/122 121/202/121
f 283/205/268 284/207/269 123/206/123 122/204/122
f 284/207/269 285/209/270 124/208/124 123/206/123
f 285/209/270 286/211/271 125/210/125 124/208/124
f 286/212/271 287/215/272 126/214/126 125/213/125
f 287/215/272 288/217/273 127/216/127 126/214/126
f 288/217/273 289/219/274 128/218/128 127/216/127
f 289/219/274 290/221/275 129/220/129 128/218/128
f 290/221/275 291/223/276 130/222/130 129/220/129
f 291/223/276 292/225/277 131/224/131 130/222/130
f 292/225/277 293/227/278 132/226/132 131/224/131
f 293/227/278 294/229/279 133/228/133 132/226/132
f 294/230/279 295/233/280 134/232/134 133/231/133
f 295/233/280 296/235/281 135/234/135 134/232/134
f 296/235/281 297/237/282 136/236/136 135/234/135
f 297/237/282 298/239/283 137/238/137 136/236/136
f 298/239/283 299/241/284 138/240/138 137/238/137
f 299/241/284 300/243/285 139/242/139 138/240/138
f 300/243/285 301/245/286 140/244/140 139/242/139
f 301/245/286 302/247/287 141/246/141 140/244/140
f 302/248/287 303/251/288 142/250/142 141/249/141
f 303/251/288 304/253/289 143/252/143 142/250/142
f 304/253/289 305/255/290 144/254/144 143/252/143
f 305/255/290 306/257/291 145/256/145 144/254/144
f 306/257/291 307/190/292 146/191/146 145/256/145
f 122/204/122 154/259/122 153/258/121 121/202/121
f 277/260/262 278/263/263 117/262/117 116/261/116
f 276/193/261 277/260/262 116/261/116 115/192/115
f 161/264/151 193/267/178 192/266/177 160/265/128
f 131/224/131 163/269/153 162/268/152 130/222/130
f 140/244/140 172/271/162 171/270/161 139/242/139
f 118/196/118 150/273/150 149/272/149 117/195/117
f 127/216/127 159/275/127 158/274/126 126/214/126
f 136/236/136 168/277/158 167/276/157 135/234/135
f 145/256/145 177/279/167 176/278/166 144/254/144
f 123/206/123 155/280/123 154/259/122 122/204/122
f 132/226/132 164/281/154 163/269/153 131/224/131
f 141/246/141 173/282/163 172/271/162 140/244/140
f 119/198/119 151/283/119 150/273/150 118/196/118
f 128/218/128 160/265/128 159/275/127 127/216/127
f 137/238/137 169/284/159 168/277/158 136/236/136
f 146/191/146 178/285/168 177/279/167 145/256/145
f 124/208/124 156/286/124 155/280/123 123/206/123
f 133/228/133 165/287/155 164/281/154 132/226/132
f 142/250/142 174/289/164 173/288/163 141/249/141
f 120/200/120 152/290/120 151/283/119 119/198/119
f 129/220/129 161/264/151 160/265/128 128/218/128
f 138/240/138 170/291/160 169/284/159 137/238/137
f 116/261/116 148/293/148 147/292/147 115/192/115
f 115/192/115 147/292/147 178/285/168 146/191/146
f 125/210/125 157/294/125 156/286/124 124/208/124
f 134/232/134 166/296/156 165/295/155 133/231/133
f 143/252/143 175/297/165 174/289/164 142/250/142
f 121/202/121 153/258/121 152/290/120 120/200/120
f 130/222/130 162/268/152 161/264/151 129/220/129
f 139/242/139 171/270/161 170/291/160 138/240/138
f 117/262/117 149/298/149 148/293/148 116/261/116
f 126/214/126 158/274/126 157/299/125 125/213/125
f 135/234/135 167/276/157 166/296/156 134/232/134
f 144/254/144 176/278/166 175/297/165 143/252/143
f 196/300/181 228/303/213 227/302/212 195/301/180
f 148/293/148 180/305/170 179/304/169 147/292/147
f 175/297/165 207/307/192 206/306/191 174/289/164
f 162/268/152 194/308/179 193/267/178 161/264/151
f 149/298/149 181/309/171 180/305/170 148/293/148
f 176/278/166 208/310/193 207/307/192 175/297/165
f 163/269/153 195/301/180 194/308/179 162/268/152
f 150/273/150 182/312/172 181/311/171 149/272/149
f 177/279/167 209/313/194 208/310/193 176/278/166
f 164/281/154 196/300/181 195/301/180 163/269/153
f 151/283/119 183/314/173 182/312/172 150/273/150
f 178/285/168 210/315/195 209/313/194 177/279/167
f 165/287/155 197/316/182 196/300/181 164/281/154
f 152/290/120 184/317/174 183/314/173 151/283/119
f 147/292/147 179/304/169 210/315/195 178/285/168
f 166/296/156 198/319/183 197/318/182 165/295/155
f 153/258/121 185/320/175 184/317/174 152/290/120
f 167/276/157 199/321/184 198/319/183 166/296/156
f 154/259/122 186/322/176 185/320/175 153/258/121
f 168/277/158 200/323/185 199/321/184 167/276/157
f 155/280/123 187/324/123 186/322/176 154/259/122
f 169/284/159 201/325/186 200/323/185 168/277/158
f 156/286/124 188/326/124 187/324/123 155/280/123
f 170/291/160 202/327/187 201/325/186 169/284/159
f 157/294/125 189/328/125 188/326/124 156/286/124
f 171/270/161 203/329/188 202/327/187 170/291/160
f 158/274/126 190/331/126 189/330/125 157/299/125
f 172/271/162 204/332/189 203/329/188 171/270/161
f 159/275/127 191/333/127 190/331/126 158/274/126
f 173/282/163 205/334/190 204/332/189 172/271/162
f 160/265/128 192/266/177 191/333/127 159/275/127
f 174/289/164 206/306/191 205/335/190 173/288/163
f 231/336/216 263/339/248 262/338/247 230/337/215
f 183/314/173 215/341/200 214/340/199 182/312/172
f 210/315/195 242/343/227 241/342/226 209/313/194
f 197/316/182 229/344/214 228/303/213 196/300/181
f 184/317/174 216/345/201 215/341/200 183/314/173
f 179/304/169 211/346/196 242/343/227 210/315/195
f 198/319/183 230/337/215 229/347/214 197/318/182
f 185/320/175 217/348/202 216/345/201 184/317/174
f 199/321/184 231/336/216 230/337/215 198/319/183
f 186/322/176 218/349/203 217/348/202 185/320/175
f 200/323/185 232/350/217 231/336/216 199/321/184
f 187/324/123 219/351/204 218/349/203 186/322/176
f 201/325/186 233/352/218 232/350/217 200/323/185
f 188/326/124 220/353/205 219/351/204 187/324/123
f 202/327/187 234/354/219 233/352/218 201/325/186
f 189/328/125 221/355/206 220/353/205 188/326/124
f 203/329/188 235/356/220 234/354/219 202/327/187
f 190/331/126 222/358/207 221/357/206 189/330/125
f 204/332/189 236/359/221 235/356/220 203/329/188
f 191/333/127 223/360/208 222/358/207 190/331/126
f 205/334/190 237/361/222 236/359/221 204/332/189
f 192/266/177 224/362/209 223/360/208 191/333/127
f 206/306/191 238/364/223 237/363/222 205/335/190
f 193/267/178 225/365/210 224/362/209 192/266/177
f 180/305/170 212/366/197 211/346/196 179/304/169
f 207/307/192 239/367/224 238/364/223 206/306/191
f 194/308/179 226/368/211 225/365/210 193/267/178
f 181/309/171 213/369/198 212/366/197 180/305/170
f 208/310/193 240/370/225 239/367/224 207/307/192
f 195/301/180 227/302/212 226/368/211 194/308/179
f 182/312/172 214/340/199 213/371/198 181/311/171
f 209/313/194 241/342/226 240/370/225 208/310/193
f 244/372/229 245/403/230 246/402/231 247/401/232 248/400/233 249/399/234 250/398/235 251/397/236 252/396/237 253/395/238 254/394/239 255/393/240 256/392/241 257/391/242 258/390/243 259/389/244 260/388/245 261/387/246 262/386/247 263/385/248 264/384/249 265/383/250 266/382/251 267/381/252 268/380/253 269/379/254 270/378/255 271/377/256 272/376/257 273/375/258 274/374/259 243/373/228
f 218/349/203 250/405/235 249/404/234 217/348/202
f 232/350/217 264/406/249 263/339/248 231/336/216
f 219/351/204 251/407/236 250/405/235 218/349/203
f 233/352/218 265/408/250 264/406/249 232/350/217
f 220/353/205 252/409/237 251/407/236 219/351/204
f 234/354/219 266/410/251 265/408/250 233/352/218
f 221/355/206 253/411/238 252/409/237 220/353/205
f 235/356/220 267/412/252 266/410/251 234/354/219
f 222/358/207 254/414/239 253/413/238 221/357/206
f 236/359/221 268/415/253 267/412/252 235/356/220
f 223/360/208 255/416/240 254/414/239 222/358/207
f 237/361/222 269/417/254 268/415/253 236/359/221
f 224/362/209 256/418/241 255/416/240 223/360/208
f 238/364/223 270/420/255 269/419/254 237/363/222
f 225/365/210 257/421/242 256/418/241 224/362/209
f 212/366/197 244/423/229 243/422/228 211/346/196
f 239/367/224 271/424/256 270/420/255 238/364/223
f 226/368/211 258/425/243 257/421/242 225/365/210
f 213/369/198 245/426/230 244/423/229 212/366/197
f 240/370/225 272/427/257 271/424/256 239/367/224
f 227/302/212 259/428/244 258/425/243 226/368/211
f 214/340/199 246/430/231 245/429/230 213/371/198
f 241/342/226 273/431/258 272/427/257 240/370/225
f 228/303/213 260/432/245 259/428/244 227/302/212
f 215/341/200 247/433/232 246/430/231 214/340/199
f 242/343/227 274/434/259 273/431/258 241/342/226
f 229/344/214 261/435/246 260/432/245 228/303/213
f 216/345/201 248/436/233 247/433/232 215/341/200
f 211/346/196 243/422/228 274/434/259 242/343/227
f 230/337/215 262/338/247 261/437/246 229/347/214
f 217/348/202 249/404/234 248/436/233 216/345/201
f 340/438/325 275/440/260 342/439/327
f 278/441/263 313/444/298 315/443/300 279/442/264
f 279/442/264 315/443/300 317/446/302 280/445/265
f 280/445/265 317/446/302 319/448/304 281/447/266
f 281/447/266 319/448/304 321/450/306 282/449/267
f 282/449/267 321/450/306 323/452/308 283/451/268
f 283/451/268 323/452/308 325/454/310 284/453/269
f 284/453/269 325/454/310 327/456/312 285/455/270
f 285/455/270 327/456/312 329/458/314 286/457/271
f 286/457/271 329/458/314 331/460/316 287/459/272
f 287/459/272 331/460/316 333/462/318 288/461/273
f 288/461/273 333/462/318 335/464/320 289/463/274
f 289/463/274 335/464/320 337/466/322 290/465/275
f 290/465/275 337/466/322 339/468/324 291/467/276
f 291/467/276 339/468/324 341/470/326 292/469/277
f 292/469/277 341/470/326 343/472/328 293/471/278
f 293/471/278 343/472/328 345/474/330 294/473/279
f 294/473/279 345/474/330 347/476/332 295/475/280
f 295/475/280 347/476/332 349/478/334 296/477/281
f 296/477/281 349/478/334 351/480/336 297/479/282
f 297/479/282 351/480/336 353/482/338 298/481/283
f 298/481/283 353/482/338 355/484/340 299/483/284
f 299/483/284 355/484/340 357/486/342 300/485/285
f 300/485/285 357/486/342 359/488/344 301/487/286
f 301/487/286 359/488/344 361/490/346 302/489/287
f 302/489/287 361/490/346 363/492/348 303/491/288
f 303/491/288 363/492/348 365/494/350 304/493/289
f 304/493/289 365/494/350 367/496/352 305/495/290
f 305/495/290 367/496/352 369/498/354 306/497/291
f 306/497/291 369/498/354 371/500/356 307/499/292
f 276/501/261 309/504/294 311/503/296 277/502/262
f 277/502/262 311/503/296 313/444/298 278/441/263
f 310/505/295 311/503/296 309/504/294 308/506/293
f 312/507/297 313/444/298 311/503/296 310/505/295
f 314/508/299 315/443/300 313/444/298 312/507/297
f 316/509/301 317/446/302 315/443/300 314/508/299
f 318/510/303 319/448/304 317/446/302 316/509/301
f 320/511/305 321/450/306 319/448/304 318/510/303
f 322/512/307 323/452/308 321/450/306 320/511/305
f 324/513/309 325/454/310 323/452/308 322/512/307
f 326/514/311 327/456/312 325/454/310 324/513/309
f 328/515/313 329/458/314 327/456/312 326/514/311
f 330/516/315 331/460/316 329/458/314 328/515/313
f 332/517/317 333/462/318 331/460/316 330/516/315
f 334/518/319 335/464/320 333/462/318 332/517/317
f 336/519/321 337/466/322 335/464/320 334/518/319
f 338/520/323 339/468/324 337/466/322 336/519/321
f 340/438/325 341/470/326 339/468/324 338/520/323
f 342/439/327 343/472/328 341/470/326 340/438/325
f 344/521/329 345/474/330 343/472/328 342/439/327
f 346/522/331 347/476/332 345/474/330 344/521/329
f 348/523/333 349/478/334 347/476/332 346/522/331
f 350/524/335 351/480/336 349/478/334 348/523/333
f 352/525/337 353/482/338 351/480/336 350/524/335
f 354/526/339 355/484/340 353/482/338 352/525/337
f 356/527/341 357/486/342 355/484/340 354/526/339
f 358/528/343 359/488/344 357/486/342 356/527/341
f 360/529/345 361/490/346 359/488/344 358/528/343
f 362/530/347 363/492/348 361/490/346 360/529/345
f 364/531/349 365/494/350 363/492/348 362/530/347
f 366/532/351 367/496/352 365/494/350 364/531/349
f 368/533/353 369/498/354 367/496/352 366/532/351
f 370/534/355 371/500/356 369/498/354 368/533/353
f 308/506/293 309/504/294 371/500/356 370/534/355
f 307/499/292 371/500/356 309/504/294 276/501/261
f 358/528/343 275/440/260 360/529/345
f 314/508/299 275/440/260 316/509/301
f 332/517/317 275/440/260 334/518/319
f 350/524/335 275/440/260 352/525/337
f 368/533/353 275/440/260 370/534/355
f 324/513/309 275/440/260 326/514/311
f 342/439/327 275/440/260 344/521/329
f 360/529/345 275/440/260 362/530/347
f 370/534/355 275/440/260 308/506/293
f 316/509/301 275/440/260 318/510/303
f 334/518/319 275/440/260 336/519/321
f 352/525/337 275/440/260 354/526/339
f 308/506/293 275/440/260 310/505/295
f 326/514/311 275/440/260 328/515/313
f 344/521/329 275/440/260 346/522/331
f 362/530/347 275/440/260 364/531/349
f 318/510/303 275/440/260 320/511/305
f 336/519/321 275/440/260 338/520/323
f 354/526/339 275/440/260 356/527/341
f 310/505/295 275/440/260 312/507/297
f 328/515/313 275/440/260 330/516/315
f 346/522/331 275/440/260 348/523/333
f 364/531/349 275/440/260 366/532/351
f 320/511/305 275/440/260 322/512/307
f 338/520/323 275/440/260 340/438/325
f 356/527/341 275/440/260 358/528/343
f 312/507/297 275/440/260 314/508/299
f 330/516/315 275/440/260 332/517/317
f 348/523/333 275/440/260 350/524/335
f 366/532/351 275/440/260 368/533/353
f 322/512/307 275/440/260 324/513/309
f 468/535/453 469/538/454 470/537/455 471/536/456
f 469/538/454 472/540/457 473/539/458 470/537/455
f 472/540/457 474/542/459 475/541/460 473/539/458
f 474/542/459 476/544/461 477/543/462 475/541/460
f 476/544/461 478/546/463 479/545/464 477/543/462
f 478/546/463 480/548/465 481/547/466 479/545/464
f 480/548/465 482/550/467 483/549/468 481/547/466
f 482/550/467 484/552/469 485/551/470 483/549/468
f 484/552/469 486/554/471 487/553/472 485/551/470
f 486/554/471 488/556/473 489/555/474 487/553/472
f 488/556/473 490/558/475 491/557/476 489/555/474
f 490/558/475 492/560/477 493/559/478 491/557/476
f 492/560/477 494/562/479 495/561/480 493/559/478
f 494/562/479 496/564/481 497/563/482 495/561/480
f 496/564/481 498/566/483 499/565/484 497/563/482
f 498/566/483 500/568/485 501/567/486 499/565/484
f 500/568/485 502/570/487 503/569/488 501/567/486
f 502/570/487 504/572/489 505/571/490 503/569/488
f 504/572/489 506/574/491 507/573/492 505/571/490
f 506/574/491 508/576/493 509/575/494 507/573/492
f 508/576/493 510/578/495 511/577/496 509/575/494
f 510/578/495 512/580/497 513/579/498 511/577/496
f 512/580/497 514/582/499 515/581/500 513/579/498
f 514/582/499 516/584/501 517/583/502 515/581/500
f 516/584/501 518/586/503 519/585/504 517/583/502
f 518/586/503 520/588/505 521/587/506 519/585/504
f 520/588/505 522/590/507 523/589/508 521/587/506
f 522/590/507 524/592/509 525/591/510 523/589/508
f 524/592/509 526/594/511 527/593/512 525/591/510
f 526/594/511 528/596/513 529/595/514 527/593/512
f 455/597/440 551/600/536 550/599/535 454/598/439
f 528/596/513 530/602/515 531/601/516 529/595/514
f 530/602/515 468/535/453 471/536/456 531/601/516
f 375/603/360 436/606/421 437/605/422 373/604/358
f 377/607/362 438/608/423 436/606/421 375/603/360
f 379/609/364 439/612/424 438/611/423 377/610/362
f 381/613/366 440/614/425 439/612/424 379/609/364
f 383/615/368 441/616/426 440/614/425 381/613/366
f 385/617/370 442/618/427 441/616/426 383/615/368
f 387/619/372 443/620/428 442/618/427 385/617/370
f 389/621/374 444/622/429 443/620/428 387/619/372
f 391/623/376 445/624/430 444/622/429 389/621/374
f 393/625/378 446/626/431 445/624/430 391/623/376
f 395/627/380 447/630/432 446/629/431 393/628/378
f 397/631/382 448/632/433 447/630/432 395/627/380
f 399/633/384 449/634/434 448/632/433 397/631/382
f 401/635/386 450/636/435 449/634/434 399/633/384
f 403/637/388 451/638/436 450/636/435 401/635/386
f 405/639/390 452/640/437 451/638/436 403/637/388
f 407/641/392 453/642/438 452/640/437 405/639/390
f 409/643/394 454/644/439 453/642/438 407/641/392
f 411/645/396 455/597/440 454/598/439 409/646/394
f 413/647/398 456/648/441 455/597/440 411/645/396
f 415/649/400 457/650/442 456/648/441 413/647/398
f 417/651/402 458/652/443 457/650/442 415/649/400
f 419/653/404 459/654/444 458/652/443 417/651/402
f 421/655/406 460/656/445 459/654/444 419/653/404
f 423/657/408 461/658/446 460/656/445 421/655/406
f 425/659/410 462/660/447 461/658/446 423/657/408
f 427/661/412 463/664/448 462/663/447 425/662/410
f 429/665/414 464/666/449 463/664/448 427/661/412
f 431/667/416 465/668/450 464/666/449 429/665/414
f 433/669/418 466/670/451 465/668/450 431/667/416
f 430/671/415 593/674/578 594/673/579 432/672/417
f 435/675/420 467/676/452 466/670/451 433/669/418
f 373/604/358 437/605/422 467/676/452 435/675/420
f 468/535/453 372/678/357 374/677/359 469/538/454
f 470/679/455 375/603/360 373/604/358 471/680/456
f 469/538/454 374/677/359 376/681/361 472/540/457
f 473/682/458 377/607/362 375/603/360 470/679/455
f 472/540/457 376/681/361 378/683/363 474/542/459
f 475/541/460 379/685/364 377/684/362 473/539/458
f 474/542/459 378/683/363 380/686/365 476/544/461
f 477/687/462 381/613/366 379/609/364 475/688/460
f 476/544/461 380/686/365 382/689/367 478/546/463
f 479/690/464 383/615/368 381/613/366 477/687/462
f 478/546/463 382/689/367 384/691/369 480/548/465
f 481/692/466 385/617/370 383/615/368 479/690/464
f 480/548/465 384/691/369 386/693/371 482/550/467
f 483/694/468 387/619/372 385/617/370 481/692/466
f 482/550/467 386/693/371 388/695/373 484/552/469
f 485/696/470 389/621/374 387/619/372 483/694/468
f 484/552/469 388/695/373 390/697/375 486/554/471
f 487/698/472 391/623/376 389/621/374 485/696/470
f 486/554/471 390/697/375 392/699/377 488/556/473
f 489/700/474 393/625/378 391/623/376 487/698/472
f 488/556/473 392/699/377 394/701/379 490/558/475
f 491/557/476 395/703/380 393/702/378 489/555/474
f 490/558/475 394/701/379 396/704/381 492/560/477
f 493/705/478 397/631/382 395/627/380 491/706/476
f 492/560/477 396/704/381 398/707/383 494/562/479
f 495/708/480 399/633/384 397/631/382 493/705/478
f 494/562/479 398/707/383 400/709/385 496/564/481
f 497/710/482 401/635/386 399/633/384 495/708/480
f 496/564/481 400/709/385 402/711/387 498/566/483
f 499/712/484 403/637/388 401/635/386 497/710/482
f 498/566/483 402/711/387 404/713/389 500/568/485
f 501/714/486 405/639/390 403/637/388 499/712/484
f 500/568/485 404/713/389 406/715/391 502/570/487
f 503/716/488 407/641/392 405/639/390 501/714/486
f 502/570/487 406/715/391 408/717/393 504/572/489
f 505/718/490 409/643/394 407/641/392 503/716/488
f 504/572/489 408/717/393 410/719/395 506/574/491
f 507/573/492 411/721/396 409/720/394 505/571/490
f 506/574/491 410/719/395 412/722/397 508/576/493
f 509/723/494 413/647/398 411/645/396 507/724/492
f 508/576/493 412/722/397 414/725/399 510/578/495
f 511/726/496 415/649/400 413/647/398 509/723/494
f 510/578/495 414/725/399 416/727/401 512/580/497
f 513/728/498 417/651/402 415/649/400 511/726/496
f 512/580/497 416/727/401 418/729/403 514/582/499
f 515/730/500 419/653/404 417/651/402 513/728/498
f 514/582/499 418/729/403 420/731/405 516/584/501
f 517/732/502 421/655/406 419/653/404 515/730/500
f 516/584/501 420/731/405 422/733/407 518/586/503
f 519/734/504 423/657/408 421/655/406 517/732/502
f 518/586/503 422/733/407 424/735/409 520/588/505
f 521/736/506 425/659/410 423/657/408 519/734/504
f 520/588/505 424/735/409 426/737/411 522/590/507
f 523/738/508 427/661/412 425/662/410 521/739/506
f 522/590/507 426/737/411 428/740/413 524/592/509
f 525/741/510 429/665/414 427/661/412 523/738/508
f 524/592/509 428/740/413 430/742/415 526/594/511
f 527/743/512 431/667/416 429/665/414 525/741/510
f 526/594/511 430/742/415 432/744/417 528/596/513
f 529/745/514 433/669/418 431/667/416 527/743/512
f 528/596/513 432/744/417 434/746/419 530/602/515
f 531/747/516 435/675/420 433/669/418 529/745/514
f 530/602/515 434/746/419 372/678/357 468/535/453
f 471/680/456 373/604/358 435/675/420 531/747/516
f 532/748/517 534/779/519 535/778/520 536/777/521 537/776/522 538/775/523 539/774/524 540/773/525 541/772/526 542/771/527 543/770/528 544/769/529 545/768/530 546/767/531 547/766/532 548/765/533 549/764/534 550/763/535 551/762/536 552/761/537 553/760/538 554/759/539 555/758/540 556/757/541 557/756/542 558/755/543 559/754/544 560/753/545 561/752/546 562/751/547 563/750/548 533/749/518
f 462/660/447 558/781/543 557/780/542 461/658/446
f 442/618/427 538/783/523 537/782/522 441/616/426
f 449/634/434 545/785/530 544/784/529 448/632/433
f 456/648/441 552/786/537 551/600/536 455/597/440
f 463/664/448 559/788/544 558/787/543 462/663/447
f 443/620/428 539/789/524 538/783/523 442/618/427
f 436/606/421 532/791/517 533/790/518 437/605/422
f 450/636/435 546/792/531 545/785/530 449/634/434
f 457/650/442 553/793/538 552/786/537 456/648/441
f 464/666/449 560/794/545 559/788/544 463/664/448
f 444/622/429 540/795/525 539/789/524 443/620/428
f 451/638/436 547/796/532 546/792/531 450/636/435
f 458/652/443 554/797/539 553/793/538 457/650/442
f 438/608/423 534/798/519 532/791/517 436/606/421
f 465/668/450 561/799/546 560/794/545 464/666/449
f 445/624/430 541/800/526 540/795/525 444/622/429
f 452/640/437 548/801/533 547/796/532 451/638/436
f 459/654/444 555/802/540 554/797/539 458/652/443
f 439/612/424 535/804/520 534/803/519 438/611/423
f 466/670/451 562/805/547 561/799/546 465/668/450
f 446/626/431 542/806/527 541/800/526 445/624/430
f 453/642/438 549/807/534 548/801/533 452/640/437
f 460/656/445 556/808/541 555/802/540 459/654/444
f 440/614/425 536/809/521 535/804/520 439/612/424
f 467/676/452 563/810/548 562/805/547 466/670/451
f 447/630/432 543/812/528 542/811/527 446/629/431
f 454/644/439 550/813/535 549/807/534 453/642/438
f 461/658/446 557/780/542 556/808/541 460/656/445
f 441/616/426 537/782/522 536/809/521 440/614/425
f 437/605/422 533/790/518 563/810/548 467/676/452
f 448/632/433 544/784/529 543/812/528 447/630/432
f 575/814/560 607/817/592 608/816/593 576/815/561
f 390/818/375 573/821/558 574/820/559 392/819/377
f 404/822/389 580/825/565 581/824/566 406/823/391
f 418/826/403 587/829/572 588/828/573 420/827/405
f 378/830/363 567/833/552 568/832/553 380/831/365
f 432/672/417 594/673/579 595/835/580 434/834/419
f 392/836/377 574/838/559 575/814/560 394/837/379
f 406/823/391 581/824/566 582/840/567 408/839/393
f 420/827/405 588/828/573 589/842/574 422/841/407
f 380/831/365 568/832/553 569/844/554 382/843/367
f 434/834/419 595/835/580 564/846/549 372/845/357
f 394/837/379 575/814/560 576/815/561 396/847/381
f 408/848/393 582/851/567 583/850/568 410/849/395
f 422/841/407 589/842/574 590/853/575 424/852/409
f 382/843/367 569/844/554 570/855/555 384/854/369
f 396/847/381 576/815/561 577/857/562 398/856/383
f 410/849/395 583/850/568 584/859/569 412/858/397
f 424/860/409 590/863/575 591/862/576 426/861/411
f 384/854/369 570/855/555 571/865/556 386/864/371
f 398/856/383 577/857/562 578/867/563 400/866/385
f 412/858/397 584/859/569 585/869/570 414/868/399
f 372/845/357 564/846/549 565/871/550 374/870/359
f 426/861/411 591/862/576 592/873/577 428/872/413
f 386/864/371 571/865/556 572/875/557 388/874/373
f 400/866/385 578/867/563 579/877/564 402/876/387
f 414/868/399 585/869/570 586/879/571 416/878/401
f 374/870/359 565/871/550 566/881/551 376/880/361
f 428/872/413 592/873/577 593/674/578 430/671/415
f 388/874/373 572/875/557 573/821/558 390/818/375
f 402/876/387 579/877/564 580/825/565 404/822/389
f 416/878/401 586/879/571 587/829/572 418/826/403
f 376/882/361 566/883/551 567/833/552 378/830/363
f 610/884/595 642/887/627 643/886/628 611/885/596
f 589/842/574 621/889/606 622/888/607 590/853/575
f 576/815/561 608/816/593 609/890/594 577/857/562
f 590/863/575 622/892/607 623/891/608 591/862/576
f 577/857/562 609/890/594 610/893/595 578/867/563
f 564/846/549 596/895/581 597/894/582 565/871/550
f 591/862/576 623/891/608 624/896/609 592/873/577
f 578/867/563 610/893/595 611/897/596 579/877/564
f 565/871/550 597/894/582 598/898/583 566/881/551
f 592/873/577 624/896/609 625/899/610 593/674/578
f 579/877/564 611/897/596 612/900/597 580/825/565
f 566/883/551 598/902/583 599/901/584 567/833/552
f 593/674/578 625/899/610 626/903/611 594/673/579
f 580/825/565 612/900/597 613/904/598 581/824/566
f 567/833/552 599/901/584 600/905/585 568/832/553
f 594/673/579 626/903/611 627/906/612 595/835/580
f 581/824/566 613/904/598 614/907/599 582/840/567
f 568/832/553 600/905/585 601/908/586 569/844/554
f 595/835/580 627/906/612 596/895/581 564/846/549
f 582/851/567 614/910/599 615/909/600 583/850/568
f 569/844/554 601/908/586 602/911/587 570/855/555
f 583/850/568 615/909/600 616/912/601 584/859/569
f 570/855/555 602/911/587 603/913/588 571/865/556
f 584/859/569 616/912/601 617/914/602 585/869/570
f 571/865/556 603/913/588 604/915/589 572/875/557
f 585/869/570 617/914/602 618/916/603 586/879/571
f 572/875/557 604/915/589 605/917/590 573/821/558
f 586/879/571 618/916/603 619/918/604 587/829/572
f 573/821/558 605/917/590 606/919/591 574/820/559
f 587/829/572 619/918/604 620/920/605 588/828/573
f 574/838/559 606/921/591 607/817/592 575/814/560
f 588/828/573 620/920/605 621/889/606 589/842/574
f 635/922/620 667/925/652 668/924/653 636/923/621
f 597/926/582 629/929/614 630/928/615 598/927/583
f 624/930/609 656/933/641 657/932/642 625/931/610
f 611/885/596 643/886/628 644/935/629 612/934/597
f 598/927/583 630/928/615 631/937/616 599/936/584
f 625/931/610 657/932/642 658/939/643 626/938/611
f 612/934/597 644/935/629 645/941/630 613/940/598
f 599/936/584 631/937/616 632/943/617 600/942/585
f 626/938/611 658/939/643 659/945/644 627/944/612
f 613/940/598 645/941/630 646/947/631 614/946/599
f 600/942/585 632/943/617 633/949/618 601/948/586
f 627/944/612 659/945/644 628/951/613 596/950/581
f 614/946/599 646/947/631 647/953/632 615/952/600
f 601/948/586 633/949/618 634/955/619 602/954/587
f 615/952/600 647/953/632 648/957/633 616/956/601
f 602/954/587 634/955/619 635/959/620 603/958/588
f 616/956/601 648/957/633 649/961/634 617/960/602
f 603/958/588 635/959/620 636/963/621 604/962/589
f 617/960/602 649/961/634 650/965/635 618/964/603
f 604/962/589 636/963/621 637/967/622 605/966/590
f 618/964/603 650/965/635 651/969/636 619/968/604
f 605/966/590 637/967/622 638/971/623 606/970/591
f 619/968/604 651/969/636 652/973/637 620/972/605
f 606/970/591 638/971/623 639/975/624 607/974/592
f 620/972/605 652/973/637 653/977/638 621/976/606
f 607/974/592 639/975/624 640/979/625 608/978/593
f 621/976/606 653/977/638 654/981/639 622/980/607
f 608/978/593 640/979/625 641/983/626 609/982/594
f 622/980/607 654/981/639 655/985/640 623/984/608
f 609/982/594 641/983/626 642/887/627 610/884/595
f 596/950/581 628/951/613 629/929/614 597/926/582
f 623/984/608 655/985/640 656/933/641 624/930/609
f 660/986/645 691/1015/676 690/1014/675 689/1013/674 688/1012/673 687/1011/672 686/1010/671 685/1009/670 684/1008/669 683/1007/668 682/1006/667 681/1005/666 680/1004/665 679/1003/664 678/1002/663 677/1001/662 676/1000/661 675/999/660 674/998/659 673/997/658 672/996/657 671/995/656 670/994/655 669/993/654 668/924/653 667/925/652 666/992/651 665/991/650 664/990/649 663/989/648 662/988/647 661/987/646
f 649/1016/634 681/1005/666 682/1006/667 650/1017/635
f 636/923/621 668/924/653 669/993/654 637/1018/622
f 650/1017/635 682/1006/667 683/1007/668 651/1019/636
f 637/1018/622 669/993/654 670/994/655 638/1020/623
f 651/1019/636 683/1007/668 684/1008/669 652/1021/637
f 638/1020/623 670/994/655 671/995/656 639/1022/624
f 652/1021/637 684/1008/669 685/1009/670 653/1023/638
f 639/1022/624 671/995/656 672/996/657 640/1024/625
f 653/1023/638 685/1009/670 686/1010/671 654/1025/639
f 640/1024/625 672/996/657 673/997/658 641/1026/626
f 654/1025/639 686/1010/671 687/1011/672 655/1027/640
f 641/1026/626 673/997/658 674/998/659 642/1028/627
f 628/1029/613 660/986/645 661/987/646 629/1030/614
f 655/1027/640 687/1011/672 688/1012/673 656/1031/641
f 642/1028/627 674/998/659 675/999/660 643/1032/628
f 629/1030/614 661/987/646 662/988/647 630/1033/615
f 656/1031/641 688/1012/673 689/1013/674 657/1034/642
f 643/1032/628 675/999/660 676/1000/661 644/1035/629
f 630/1033/615 662/988/647 663/989/648 631/1036/616
f 657/1034/642 689/1013/674 690/1014/675 658/1037/643
f 644/1035/629 676/1000/661 677/1001/662 645/1038/630
f 631/1036/616 663/989/648 664/990/649 632/1039/617
f 658/1037/643 690/1014/675 691/1015/676 659/1040/644
f 645/1038/630 677/1001/662 678/1002/663 646/1041/631
f 632/1039/617 664/990/649 665/991/650 633/1042/618
f 659/1040/644 691/1015/676 660/986/645 628/1029/613
f 646/1041/631 678/1002/663 679/1003/664 647/1043/632
f 633/1042/618 665/991/650 666/992/651 634/1044/619
f 647/1043/632 679/1003/664 680/1004/665 648/1045/633
f 634/1044/619 666/992/651 667/925/652 635/922/620
f 648/1045/633 680/1004/665 681/1005/666 649/1016/634
f 788/1046/773 789/1049/774 790/1048/775 791/1047/776
f 789/1049/774 792/1051/777 793/1050/778 790/1048/775
f 792/1051/777 794/1053/779 795/1052/780 793/1050/778
f 794/1054/779 796/1057/781 797/1056/782 795/1055/780
f 796/1057/781 798/1059/783 799/1058/784 797/1056/782
f 798/1059/783 800/1061/785 801/1060/786 799/1058/784
f 800/1061/785 802/1063/787 803/1062/788 801/1060/786
f 802/1063/787 804/1065/789 805/1064/790 803/1062/788
f 804/1066/789 806/1069/791 807/1068/792 805/1067/790
f 806/1069/791 808/1071/793 809/1070/794 807/1068/792
f 808/1071/793 810/1073/795 811/1072/796 809/1070/794
f 810/1074/795 812/1077/797 813/1076/798 811/1075/796
f 812/1077/797 814/1079/799 815/1078/800 813/1076/798
f 814/1079/799 816/1081/801 817/1080/802 815/1078/800
f 816/1081/801 818/1083/803 819/1082/804 817/1080/802
f 818/1083/803 820/1085/805 821/1084/806 819/1082/804
f 820/1086/805 822/1089/807 823/1088/808 821/1087/806
f 822/1089/807 824/1091/809 825/1090/810 823/1088/808
f 824/1091/809 826/1093/811 827/1092/812 825/1090/810
f 826/1093/811 828/1095/813 829/1094/814 827/1092/812
f 828/1096/813 830/1099/815 831/1098/816 829/1097/814
f 830/1099/815 832/1101/817 833/1100/818 831/1098/816
f 832/1101/817 834/1103/819 835/1102/820 833/1100/818
f 834/1103/819 836/1105/821 837/1104/822 835/1102/820
f 836/1106/821 838/1109/823 839/1108/824 837/1107/822
f 838/1109/823 840/1111/825 841/1110/826 839/1108/824
f 840/1111/825 842/1113/827 843/1112/828 841/1110/826
f 842/1114/827 844/1117/829 845/1116/830 843/1115/828
f 844/1117/829 846/1119/831 847/1118/832 845/1116/830
f 846/1119/831 848/1121/833 849/1120/834 847/1118/832
f 776/1122/761 872/1125/857 871/1124/856 775/1123/760
f 848/1121/833 850/1127/835 851/1126/836 849/1120/834
f 850/1127/835 788/1129/773 791/1128/776 851/1126/836
f 695/1130/680 756/1133/741 757/1132/742 693/1131/678
f 697/1134/682 758/1135/743 756/1133/741 695/1130/680
f 699/1136/684 759/1137/744 758/1135/743 697/1134/682
f 701/1138/686 760/1139/745 759/1137/744 699/1136/684
f 703/1140/688 761/1141/746 760/1139/745 701/1138/686
f 705/1142/690 762/1143/747 761/1141/746 703/1140/688
f 707/1144/692 763/1145/748 762/1143/747 705/1142/690
f 709/1146/694 764/1147/749 763/1145/748 707/1144/692
f 711/1148/696 765/1149/750 764/1147/749 709/1146/694
f 713/1150/698 766/1151/751 765/1149/750 711/1148/696
f 715/1152/700 767/1153/752 766/1151/751 713/1150/698
f 717/1154/702 768/1155/753 767/1153/752 715/1152/700
f 719/1156/704 769/1157/754 768/1155/753 717/1154/702
f 721/1158/706 770/1159/755 769/1157/754 719/1156/704
f 723/1160/708 771/1161/756 770/1159/755 721/1158/706
f 725/1162/710 772/1163/757 771/1161/756 723/1160/708
f 727/1164/712 773/1165/758 772/1163/757 725/1162/710
f 729/1166/714 774/1167/759 773/1165/758 727/1164/712
f 731/1168/716 775/1123/760 774/1167/759 729/1166/714
f 733/1169/718 776/1122/761 775/1123/760 731/1168/716
f 735/1170/720 777/1171/762 776/1122/761 733/1169/718
f 737/1172/722 778/1173/763 777/1171/762 735/1170/720
f 739/1174/724 779/1175/764 778/1173/763 737/1172/722
f 741/1176/726 780/1177/765 779/1175/764 739/1174/724
f 743/1178/728 781/1179/766 780/1177/765 741/1176/726
f 745/1180/730 782/1181/767 781/1179/766 743/1178/728
f 747/1182/732 783/1183/768 782/1181/767 745/1180/730
f 749/1184/734 784/1185/769 783/1183/768 747/1182/732
f 751/1186/736 785/1187/770 784/1185/769 749/1184/734
f 753/1188/738 786/1189/771 785/1187/770 751/1186/736
f 748/1190/733 980/1192/965 750/1191/735
f 755/1193/740 787/1194/772 786/1189/771 753/1188/738
f 693/1131/678 757/1132/742 787/1194/772 755/1193/740
f 788/1129/773 692/1197/677 694/1196/679 789/1195/774
f 790/1048/775 695/1199/680 693/1198/678 791/1047/776
f 789/1195/774 694/1196/679 696/1201/681 792/1200/777
f 793/1050/778 697/1202/682 695/1199/680 790/1048/775
f 792/1200/777 696/1201/681 698/1203/683 794/1054/779
f 795/1052/780 699/1204/684 697/1202/682 793/1050/778
f 794/1054/779 698/1203/683 700/1205/685 796/1057/781
f 797/1056/782 701/1138/686 699/1136/684 795/1055/780
f 796/1057/781 700/1205/685 702/1206/687 798/1059/783
f 799/1058/784 703/1140/688 701/1138/686 797/1056/782
f 798/1059/783 702/1206/687 704/1207/689 800/1061/785
f 801/1060/786 705/1142/690 703/1140/688 799/1058/784
f 800/1061/785 704/1207/689 706/1208/691 802/1063/787
f 803/1062/788 707/1144/692 705/1142/690 801/1060/786
f 802/1063/787 706/1208/691 708/1209/693 804/1065/789
f 805/1064/790 709/1146/694 707/1144/692 803/1062/788
f 804/1065/789 708/1209/693 710/1211/695 806/1210/791
f 807/1068/792 711/1213/696 709/1212/694 805/1067/790
f 806/1210/791 710/1211/695 712/1215/697 808/1214/793
f 809/1070/794 713/1216/698 711/1213/696 807/1068/792
f 808/1214/793 712/1215/697 714/1217/699 810/1074/795
f 811/1072/796 715/1218/700 713/1216/698 809/1070/794
f 810/1074/795 714/1217/699 716/1219/701 812/1077/797
f 813/1076/798 717/1154/702 715/1152/700 811/1075/796
f 812/1077/797 716/1219/701 718/1220/703 814/1079/799
f 815/1078/800 719/1156/704 717/1154/702 813/1076/798
f 814/1079/799 718/1220/703 720/1221/705 816/1081/801
f 817/1080/802 721/1158/706 719/1156/704 815/1078/800
f 816/1081/801 720/1221/705 722/1222/707 818/1083/803
f 819/1082/804 723/1160/708 721/1158/706 817/1080/802
f 818/1083/803 722/1222/707 724/1223/709 820/1085/805
f 821/1084/806 725/1162/710 723/1160/708 819/1082/804
f 820/1085/805 724/1223/709 726/1225/711 822/1224/807
f 823/1088/808 727/1227/712 725/1226/710 821/1087/806
f 822/1224/807 726/1225/711 728/1229/713 824/1228/809
f 825/1090/810 729/1230/714 727/1227/712 823/1088/808
f 824/1228/809 728/1229/713 730/1232/715 826/1231/811
f 827/1092/812 731/1233/716 729/1230/714 825/1090/810
f 826/1231/811 730/1232/715 732/1234/717 828/1096/813
f 829/1094/814 733/1235/718 731/1233/716 827/1092/812
f 828/1096/813 732/1234/717 734/1236/719 830/1099/815
f 831/1098/816 735/1170/720 733/1169/718 829/1097/814
f 830/1099/815 734/1236/719 736/1237/721 832/1101/817
f 833/1100/818 737/1172/722 735/1170/720 831/1098/816
f 832/1101/817 736/1237/721 738/1238/723 834/1103/819
f 835/1102/820 739/1174/724 737/1172/722 833/1100/818
f 834/1103/819 738/1238/723 740/1239/725 836/1105/821
f 837/1104/822 741/1176/726 739/1174/724 835/1102/820
f 836/1105/821 740/1239/725 742/1241/727 838/1240/823
f 839/1108/824 743/1243/728 741/1242/726 837/1107/822
f 838/1240/823 742/1241/727 744/1245/729 840/1244/825
f 841/1110/826 745/1246/730 743/1243/728 839/1108/824
f 840/1244/825 744/1245/729 746/1247/731 842/1114/827
f 843/1112/828 747/1248/732 745/1246/730 841/1110/826
f 842/1114/827 746/1247/731 748/1190/733 844/1117/829
f 845/1116/830 749/1184/734 747/1182/732 843/1115/828
f 844/1117/829 748/1190/733 750/1191/735 846/1119/831
f 847/1118/832 751/1186/736 749/1184/734 845/1116/830
f 846/1119/831 750/1191/735 752/1249/737 848/1121/833
f 849/1120/834 753/1188/738 751/1186/736 847/1118/832
f 848/1121/833 752/1249/737 754/1250/739 850/1127/835
f 851/1126/836 755/1193/740 753/1188/738 849/1120/834
f 850/1127/835 754/1250/739 692/1197/677 788/1129/773
f 791/1128/776 693/1131/678 755/1193/740 851/1126/836
f 758/1135/743 854/1252/839 852/1251/837 756/1133/741
f 783/1183/768 879/1254/864 878/1253/863 782/1181/767
f 763/1145/748 859/1256/844 858/1255/843 762/1143/747
f 770/1159/755 866/1258/851 865/1257/850 769/1157/754
f 777/1171/762 873/1259/858 872/1125/857 776/1122/761
f 784/1185/769 880/1260/865 879/1254/864 783/1183/768
f 764/1147/749 860/1261/845 859/1256/844 763/1145/748
f 853/1262/838 885/1265/870 915/1264/900 883/1263/868
f 771/1161/756 867/1266/852 866/1258/851 770/1159/755
f 778/1173/763 874/1267/859 873/1259/858 777/1171/762
f 785/1187/770 881/1268/866 880/1260/865 784/1185/769
f 765/1149/750 861/1269/846 860/1261/845 764/1147/749
f 772/1163/757 868/1270/853 867/1266/852 771/1161/756
f 779/1175/764 875/1271/860 874/1267/859 778/1173/763
f 757/1132/742 853/1273/838 883/1272/868 787/1194/772
f 786/1189/771 882/1274/867 881/1268/866 785/1187/770
f 766/1151/751 862/1275/847 861/1269/846 765/1149/750
f 773/1165/758 869/1276/854 868/1270/853 772/1163/757
f 780/1177/765 876/1277/861 875/1271/860 779/1175/764
f 760/1139/745 856/1279/841 855/1278/840 759/1137/744
f 787/1194/772 883/1272/868 882/1274/867 786/1189/771
f 767/1153/752 863/1280/848 862/1275/847 766/1151/751
f 774/1167/759 870/1281/855 869/1276/854 773/1165/758
f 781/1179/766 877/1282/862 876/1277/861 780/1177/765
f 761/1141/746 857/1283/842 856/1279/841 760/1139/745
f 768/1155/753 864/1284/849 863/1280/848 767/1153/752
f 775/1123/760 871/1124/856 870/1281/855 774/1167/759
f 782/1181/767 878/1253/863 877/1282/862 781/1179/766
f 762/1143/747 858/1255/843 857/1283/842 761/1141/746
f 759/1137/744 855/1278/840 854/1252/839 758/1135/743
f 769/1157/754 865/1257/850 864/1284/849 768/1155/753
f 979/1285/964 915/1264/900 885/1265/870 919/1286/904
f 852/1287/837 884/1288/869 885/1265/870 853/1262/838
f 856/1289/841 888/1292/873 887/1291/872 855/1290/840
f 857/1293/842 889/1294/874 888/1292/873 856/1289/841
f 858/1295/843 890/1296/875 889/1294/874 857/1293/842
f 859/1297/844 891/1298/876 890/1296/875 858/1295/843
f 860/1299/845 892/1300/877 891/1298/876 859/1297/844
f 861/1301/846 893/1302/878 892/1300/877 860/1299/845
f 862/1303/847 894/1304/879 893/1302/878 861/1301/846
f 863/1305/848 895/1306/880 894/1304/879 862/1303/847
f 864/1307/849 896/1308/881 895/1306/880 863/1305/848
f 865/1309/850 897/1310/882 896/1308/881 864/1307/849
f 866/1311/851 898/1312/883 897/1310/882 865/1309/850
f 867/1313/852 899/1314/884 898/1312/883 866/1311/851
f 868/1315/853 900/1316/885 899/1314/884 867/1313/852
f 869/1317/854 901/1318/886 900/1316/885 868/1315/853
f 870/1319/855 902/1320/887 901/1318/886 869/1317/854
f 871/1321/856 903/1322/888 902/1320/887 870/1319/855
f 872/1323/857 904/1324/889 903/1322/888 871/1321/856
f 873/1325/858 905/1326/890 904/1324/889 872/1323/857
f 874/1327/859 906/1328/891 905/1326/890 873/1325/858
f 875/1329/860 907/1330/892 906/1328/891 874/1327/859
f 876/1331/861 908/1332/893 907/1330/892 875/1329/860
f 877/1333/862 909/1334/894 908/1332/893 876/1331/861
f 878/1335/863 910/1336/895 909/1334/894 877/1333/862
f 879/1337/864 911/1338/896 910/1336/895 878/1335/863
f 880/1339/865 912/1340/897 911/1338/896 879/1337/864
f 881/1341/866 913/1342/898 912/1340/897 880/1339/865
f 882/1343/867 914/1344/899 913/1342/898 881/1341/866
f 883/1263/868 915/1264/900 914/1344/899 882/1343/867
f 855/1290/840 887/1291/872 886/1346/871 854/1345/839
f 756/1133/741 852/1251/837 853/1273/838 757/1132/742
f 917/1347/902 884/1288/869 886/1346/871 921/1348/906
f 923/1349/908 887/1291/872 888/1292/873 925/1350/910
f 925/1350/910 888/1292/873 889/1294/874 927/1351/912
f 927/1351/912 889/1294/874 890/1296/875 929/1352/914
f 929/1352/914 890/1296/875 891/1298/876 931/1353/916
f 931/1353/916 891/1298/876 892/1300/877 933/1354/918
f 933/1354/918 892/1300/877 893/1302/878 935/1355/920
f 935/1355/920 893/1302/878 894/1304/879 937/1356/922
f 937/1356/922 894/1304/879 895/1306/880 939/1357/924
f 939/1357/924 895/1306/880 896/1308/881 941/1358/926
f 941/1358/926 896/1308/881 897/1310/882 943/1359/928
f 943/1359/928 897/1310/882 898/1312/883 945/1360/930
f 945/1360/930 898/1312/883 899/1314/884 947/1361/932
f 947/1361/932 899/1314/884 900/1316/885 949/1362/934
f 949/1362/934 900/1316/885 901/1318/886 951/1363/936
f 951/1363/936 901/1318/886 902/1320/887 953/1364/938
f 953/1364/938 902/1320/887 903/1322/888 955/1365/940
f 955/1365/940 903/1322/888 904/1324/889 957/1366/942
f 957/1366/942 904/1324/889 905/1326/890 959/1367/944
f 959/1367/944 905/1326/890 906/1328/891 961/1368/946
f 961/1368/946 906/1328/891 907/1330/892 963/1369/948
f 963/1369/948 907/1330/892 908/1332/893 965/1370/950
f 965/1370/950 908/1332/893 909/1334/894 967/1371/952
f 967/1371/952 909/1334/894 910/1336/895 969/1372/954
f 969/1372/954 910/1336/895 911/1338/896 971/1373/956
f 971/1373/956 911/1338/896 912/1340/897 973/1374/958
f 973/1374/958 912/1340/897 913/1342/898 975/1375/960
f 975/1375/960 913/1342/898 914/1344/899 977/1376/962
f 977/1376/962 914/1344/899 915/1264/900 979/1285/964
f 921/1348/906 886/1346/871 887/1291/872 923/1349/908
f 854/1345/839 886/1346/871 884/1288/869 852/1287/837
f 918/1377/903 919/1286/904 917/1347/902 916/1378/901
f 916/1378/901 917/1347/902 921/1348/906 920/1379/905
f 920/1379/905 921/1348/906 923/1349/908 922/1380/907
f 922/1380/907 923/1349/908 925/1350/910 924/1381/909
f 924/1381/909 925/1350/910 927/1351/912 926/1382/911
f 926/1382/911 927/1351/912 929/1352/914 928/1383/913
f 928/1383/913 929/1352/914 931/1353/916 930/1384/915
f 930/1384/915 931/1353/916 933/1354/918 932/1385/917
f 932/1385/917 933/1354/918 935/1355/920 934/1386/919
f 934/1386/919 935/1355/920 937/1356/922 936/1387/921
f 936/1387/921 937/1356/922 939/1357/924 938/1388/923
f 938/1388/923 939/1357/924 941/1358/926 940/1389/925
f 940/1389/925 941/1358/926 943/1359/928 942/1390/927
f 942/1390/927 943/1359/928 945/1360/930 944/1391/929
f 944/1391/929 945/1360/930 947/1361/932 946/1392/931
f 946/1392/931 947/1361/932 949/1362/934 948/1393/933
f 948/1393/933 949/1362/934 951/1363/936 950/1394/935
f 950/1394/935 951/1363/936 953/1364/938 952/1395/937
f 952/1395/937 953/1364/938 955/1365/940 954/1396/939
f 954/1396/939 955/1365/940 957/1366/942 956/1397/941
f 956/1397/941 957/1366/942 959/1367/944 958/1398/943
f 958/1398/943 959/1367/944 961/1368/946 960/1399/945
f 960/1399/945 961/1368/946 963/1369/948 962/1400/947
f 962/1400/947 963/1369/948 965/1370/950 964/1401/949
f 964/1401/949 965/1370/950 967/1371/952 966/1402/951
f 966/1402/951 967/1371/952 969/1372/954 968/1403/953
f 968/1403/953 969/1372/954 971/1373/956 970/1404/955
f 970/1404/955 971/1373/956 973/1374/958 972/1405/957
f 972/1405/957 973/1374/958 975/1375/960 974/1406/959
f 974/1406/959 975/1375/960 977/1376/962 976/1407/961
f 976/1407/961 977/1376/962 979/1285/964 978/1408/963
f 978/1408/963 979/1285/964 919/1286/904 918/1377/903
f 919/1286/904 885/1265/870 884/1288/869 917/1347/902
f 708/1209/693 980/1192/965 710/1211/695
f 722/1222/707 980/1192/965 724/1223/709
f 736/1237/721 980/1192/965 738/1238/723
f 696/1201/681 980/1192/965 698/1203/683
f 750/1191/735 980/1192/965 752/1249/737
f 710/1211/695 980/1192/965 712/1215/697
f 724/1223/709 980/1192/965 726/1225/711
f 738/1238/723 980/1192/965 740/1239/725
f 698/1203/683 980/1192/965 700/1205/685
f 752/1249/737 980/1192/965 754/1250/739
f 712/1215/697 980/1192/965 714/1217/699
f 726/1225/711 980/1192/965 728/1229/713
f 740/1239/725 980/1192/965 742/1241/727
f 700/1205/685 980/1192/965 702/1206/687
f 754/1250/739 980/1192/965 692/1197/677
f 714/1217/699 980/1192/965 716/1219/701
f 728/1229/713 980/1192/965 730/1232/715
f 742/1241/727 980/1192/965 744/1245/729
f 702/1206/687 980/1192/965 704/1207/689
f 716/1219/701 980/1192/965 718/1220/703
f 730/1232/715 980/1192/965 732/1234/717
f 744/1245/729 980/1192/965 746/1247/731
f 704/1207/689 980/1192/965 706/1208/691
f 718/1220/703 980/1192/965 720/1221/705
f 732/1234/717 980/1192/965 734/1236/719
f 692/1197/677 980/1192/965 694/1196/679
f 746/1247/731 980/1192/965 748/1190/733
f 706/1208/691 980/1192/965 708/1209/693
f 720/1221/705 980/1192/965 722/1222/707
f 734/1236/719 980/1192/965 736/1237/721
f 694/1196/679 980/1192/965 696/1201/681
f 928/1383/913 987/1410/972 986/1409/971 926/1382/911
f 946/1392/931 996/1412/981 995/1411/980 944/1391/929
f 964/1401/949 1005/1414/990 1004/1413/989 962/1400/947
f 920/1379/905 983/1416/968 981/1415/966 916/1378/901
f 938/1388/923 992/1418/977 991/1417/976 936/1387/921
f 956/1397/941 1001/1420/986 1000/1419/985 954/1396/939
f 974/1406/959 1010/1422/995 1009/1421/994 972/1405/957
f 930/1384/915 988/1423/973 987/1410/972 928/1383/913
f 948/1393/933 997/1424/982 996/1412/981 946/1392/931
f 966/1402/951 1006/1425/991 1005/1414/990 964/1401/949
f 922/1380/907 984/1426/969 983/1416/968 920/1379/905
f 940/1389/925 993/1427/978 992/1418/977 938/1388/923
f 958/1398/943 1002/1428/987 1001/1420/986 956/1397/941
f 976/1407/961 1011/1429/996 1010/1422/995 974/1406/959
f 932/1385/917 989/1430/974 988/1423/973 930/1384/915
f 950/1394/935 998/1431/983 997/1424/982 948/1393/933
f 968/1403/953 1007/1432/992 1006/1425/991 966/1402/951
f 924/1381/909 985/1433/970 984/1426/969 922/1380/907
f 942/1390/927 994/1434/979 993/1427/978 940/1389/925
f 960/1399/945 1003/1435/988 1002/1428/987 958/1398/943
f 978/1408/963 1012/1436/997 1011/1429/996 976/1407/961
f 934/1386/919 990/1437/975 989/1430/974 932/1385/917
f 952/1395/937 999/1438/984 998/1431/983 950/1394/935
f 970/1404/955 1008/1439/993 1007/1432/992 968/1403/953
f 926/1382/911 986/1409/971 985/1433/970 924/1381/909
f 944/1391/929 995/1411/980 994/1434/979 942/1390/927
f 962/1400/947 1004/1413/989 1003/1435/988 960/1399/945
f 918/1377/903 982/1440/967 1012/1436/997 978/1408/963
f 916/1378/901 981/1415/966 982/1440/967 918/1377/903
f 936/1387/921 991/1417/976 990/1437/975 934/1386/919
f 954/1396/939 1000/1419/985 999/1438/984 952/1395/937
f 972/1405/957 1009/1421/994 1008/1439/993 970/1404/955
f 998/1431/983 1013/1441/998 997/1424/982
f 985/1433/970 1013/1441/998 984/1426/969
f 1012/1436/997 1013/1441/998 1011/1429/996
f 999/1438/984 1013/1441/998 998/1431/983
f 986/1409/971 1013/1441/998 985/1433/970
f 982/1440/967 1013/1441/998 1012/1436/997
f 1000/1419/985 1013/1441/998 999/1438/984
f 987/1410/972 1013/1441/998 986/1409/971
f 1001/1420/986 1013/1441/998 1000/1419/985
f 988/1423/973 1013/1441/998 987/1410/972
f 1002/1428/987 1013/1441/998 1001/1420/986
f 989/1430/974 1013/1441/998 988/1423/973
f 1003/1435/988 1013/1441/998 1002/1428/987
f 990/1437/975 1013/1441/998 989/1430/974
f 1004/1413/989 1013/1441/998 1003/1435/988
f 991/1417/976 1013/1441/998 990/1437/975
f 1005/1414/990 1013/1441/998 1004/1413/989
f 992/1418/977 1013/1441/998 991/1417/976
f 1006/1425/991 1013/1441/998 1005/1414/990
f 993/1427/978 1013/1441/998 992/1418/977
f 1007/1432/992 1013/1441/998 1006/1425/991
f 994/1434/979 1013/1441/998 993/1427/978
f 1008/1439/993 1013/1441/998 1007/1432/992
f 995/1411/980 1013/1441/998 994/1434/979
f 981/1415/966 1013/1441/998 982/1440/967
f 1009/1421/994 1013/1441/998 1008/1439/993
f 996/1412/981 1013/1441/998 995/1411/980
f 983/1416/968 1013/1441/998 981/1415/966
f 1010/1422/995 1013/1441/998 1009/1421/994
f 997/1424/982 1013/1441/998 996/1412/981
f 984/1426/969 1013/1441/998 983/1416/968
f 1011/1429/996 1013/1441/998 1010/1422/995
f 1014/1442/999 1016/1445/1001 1017/1444/1002 1015/1443/1000
f 1016/1445/1001 1018/1447/1003 1019/1446/1004 1017/1444/1002
f 1018/1447/1003 1020/1449/1005 1021/1448/1006 1019/1446/1004
f 1020/1449/1005 1022/1451/1007 1023/1450/1008 1021/1448/1006
f 1022/1451/1007 1024/1453/1009 1025/1452/1010 1023/1450/1008
f 1024/1453/1009 1026/1455/1011 1027/1454/1012 1025/1452/1010
f 1026/1455/1011 1028/1457/1013 1029/1456/1014 1027/1454/1012
f 1028/1457/1013 1030/1459/1015 1031/1458/1016 1029/1456/1014
f 1030/1459/1015 1032/1461/1017 1033/1460/1018 1031/1458/1016
f 1032/1461/1017 1034/1463/1019 1035/1462/1020 1033/1460/1018
f 1034/1463/1019 1036/1465/1021 1037/1464/1022 1035/1462/1020
f 1036/1465/1021 1038/1467/1023 1039/1466/1024 1037/1464/1022
f 1038/1467/1023 1040/1469/1025 1041/1468/1026 1039/1466/1024
f 1040/1469/1025 1042/1471/1027 1043/1470/1028 1041/1468/1026
f 1042/1471/1027 1044/1473/1029 1045/1472/1030 1043/1470/1028
f 1044/1473/1029 1046/1475/1031 1047/1474/1032 1045/1472/1030
f 1046/1475/1031 1048/1477/1033 1049/1476/1034 1047/1474/1032
f 1048/1477/1033 1050/1479/1035 1051/1478/1036 1049/1476/1034
f 1050/1479/1035 1052/1481/1037 1053/1480/1038 1051/1478/1036
f 1052/1481/1037 1054/1483/1039 1055/1482/1040 1053/1480/1038
f 1054/1483/1039 1056/1485/1041 1057/1484/1042 1055/1482/1040
f 1056/1485/1041 1058/1487/1043 1059/1486/1044 1057/1484/1042
f 1058/1487/1043 1060/1489/1045 1061/1488/1046 1059/1486/1044
f 1060/1489/1045 1062/1491/1047 1063/1490/1048 1061/1488/1046
f 1062/1491/1047 1064/1493/1049 1065/1492/1050 1063/1490/1048
f 1064/1493/1049 1066/1495/1051 1067/1494/1052 1065/1492/1050
f 1066/1495/1051 1068/1497/1053 1069/1496/1054 1067/1494/1052
f 1068/1497/1053 1070/1499/1055 1071/1498/1056 1069/1496/1054
f 1070/1499/1055 1072/1501/1057 1073/1500/1058 1071/1498/1056
f 1072/1501/1057 1074/1503/1059 1075/1502/1060 1073/1500/1058
f 1017/1444/1002 1019/1446/1004 1021/1448/1006 1023/1450/1008 1025/1452/1010 1027/1454/1012 1029/1456/1014 1031/1458/1016 1033/1460/1018 1035/1462/1020 1037/1464/1022 1039/1466/1024 1041/1468/1026 1043/1470/1028 1045/1472/1030 1047/1474/1032 1049/1476/1034 1051/1478/1036 1053/1480/1038 1055/1482/1040 1057/1484/1042 1059/1486/1044 1061/1488/1046 1063/1490/1048 1065/1492/1050 1067/1494/1052 1069/1496/1054 1071/1498/1056 1073/1500/1058 1075/1502/1060 1077/1504/1062 1015/1443/1000
f 1074/1503/1059 1076/1505/1061 1077/1504/1062 1075/1502/1060
f 1076/1505/1061 1014/1442/999 1015/1443/1000 1077/1504/1062
f 1018/1447/1003 1080/1507/1065 1081/1506/1066 1020/1449/1005
f 1109/1508/1094 1141/1511/1126 1110/1510/1095 1078/1509/1063
f 1036/1465/1021 1089/1513/1074 1090/1512/1075 1038/1467/1023
f 1054/1483/1039 1098/1515/1083 1099/1514/1084 1056/1485/1041
f 1072/1501/1057 1107/1517/1092 1108/1516/1093 1074/1503/1059
f 1028/1457/1013 1085/1519/1070 1086/1518/1071 1030/1459/1015
f 1046/1475/1031 1094/1521/1079 1095/1520/1080 1048/1477/1033
f 1064/1493/1049 1103/1523/1088 1104/1522/1089 1066/1495/1051
f 1020/1449/1005 1081/1506/1066 1082/1524/1067 1022/1451/1007
f 1038/1467/1023 1090/1512/1075 1091/1525/1076 1040/1469/1025
f 1056/1485/1041 1099/1514/1084 1100/1526/1085 1058/1487/1043
f 1074/1503/1059 1108/1516/1093 1109/1508/1094 1076/1505/1061
f 1030/1459/1015 1086/1518/1071 1087/1527/1072 1032/1461/1017
f 1048/1477/1033 1095/1520/1080 1096/1528/1081 1050/1479/1035
f 1066/1495/1051 1104/1522/1089 1105/1529/1090 1068/1497/1053
f 1022/1451/1007 1082/1524/1067 1083/1530/1068 1024/1453/1009
f 1040/1469/1025 1091/1525/1076 1092/1531/1077 1042/1471/1027
f 1058/1487/1043 1100/1526/1085 1101/1532/1086 1060/1489/1045
f 1014/1442/999 1078/1509/1063 1079/1533/1064 1016/1445/1001
f 1076/1505/1061 1109/1508/1094 1078/1509/1063 1014/1442/999
f 1032/1461/1017 1087/1527/1072 1088/1534/1073 1034/1463/1019
f 1050/1479/1035 1096/1528/1081 1097/1535/1082 1052/1481/1037
f 1068/1497/1053 1105/1529/1090 1106/1536/1091 1070/1499/1055
f 1024/1453/1009 1083/1530/1068 1084/1537/1069 1026/1455/1011
f 1042/1471/1027 1092/1531/1077 1093/1538/1078 1044/1473/1029
f 1060/1489/1045 1101/1532/1086 1102/1539/1087 1062/1491/1047
f 1016/1445/1001 1079/1533/1064 1080/1507/1065 1018/1447/1003
f 1034/1463/1019 1088/1534/1073 1089/1513/1074 1036/1465/1021
f 1052/1481/1037 1097/1535/1082 1098/1515/1083 1054/1483/1039
f 1070/1499/1055 1106/1536/1091 1107/1517/1092 1072/1501/1057
f 1026/1455/1011 1084/1537/1069 1085/1519/1070 1028/1457/1013
f 1044/1473/1029 1093/1538/1078 1094/1521/1079 1046/1475/1031
f 1062/1491/1047 1102/1539/1087 1103/1523/1088 1064/1493/1049
f 1131/1540/1116 1163/1543/1148 1164/1542/1149 1132/1541/1117
f 1096/1528/1081 1128/1545/1113 1129/1544/1114 1097/1535/1082
f 1083/1530/1068 1115/1547/1100 1116/1546/1101 1084/1537/1069
f 1097/1535/1082 1129/1544/1114 1130/1548/1115 1098/1515/1083
f 1084/1537/1069 1116/1546/1101 1117/1549/1102 1085/1519/1070
f 1098/1515/1083 1130/1548/1115 1131/1550/1116 1099/1514/1084
f 1085/1519/1070 1117/1549/1102 1118/1551/1103 1086/1518/1071
f 1099/1514/1084 1131/1550/1116 1132/1552/1117 1100/1526/1085
f 1086/1518/1071 1118/1551/1103 1119/1553/1104 1087/1527/1072
f 1100/1526/1085 1132/1552/1117 1133/1554/1118 1101/1532/1086
f 1087/1527/1072 1119/1553/1104 1120/1555/1105 1088/1534/1073
f 1101/1532/1086 1133/1554/1118 1134/1556/1119 1102/1539/1087
f 1088/1534/1073 1120/1555/1105 1121/1557/1106 1089/1513/1074
f 1102/1539/1087 1134/1556/1119 1135/1558/1120 1103/1523/1088
f 1089/1513/1074 1121/1557/1106 1122/1559/1107 1090/1512/1075
f 1103/1523/1088 1135/1558/1120 1136/1560/1121 1104/1522/1089
f 1090/1512/1075 1122/1559/1107 1123/1561/1108 1091/1525/1076
f 1104/1522/1089 1136/1560/1121 1137/1562/1122 1105/1529/1090
f 1091/1525/1076 1123/1561/1108 1124/1563/1109 1092/1531/1077
f 1078/1509/1063 1110/1510/1095 1111/1564/1096 1079/1533/1064
f 1105/1529/1090 1137/1562/1122 1138/1565/1123 1106/1536/1091
f 1092/1531/1077 1124/1563/1109 1125/1566/1110 1093/1538/1078
f 1079/1533/1064 1111/1564/1096 1112/1567/1097 1080/1507/1065
f 1106/1536/1091 1138/1565/1123 1139/1568/1124 1107/1517/1092
f 1093/1538/1078 1125/1566/1110 1126/1569/1111 1094/1521/1079
f 1080/1507/1065 1112/1567/1097 1113/1570/1098 1081/1506/1066
f 1107/1517/1092 1139/1568/1124 1140/1571/1125 1108/1516/1093
f 1094/1521/1079 1126/1569/1111 1127/1572/1112 1095/1520/1080
f 1081/1506/1066 1113/1570/1098 1114/1573/1099 1082/1524/1067
f 1108/1516/1093 1140/1571/1125 1141/1511/1126 1109/1508/1094
f 1095/1520/1080 1127/1572/1112 1128/1545/1113 1096/1528/1081
f 1082/1524/1067 1114/1573/1099 1115/1547/1100 1083/1530/1068
f 1166/1574/1151 1198/1577/1183 1199/1576/1184 1167/1575/1152
f 1118/1578/1103 1150/1581/1135 1151/1580/1136 1119/1579/1104
f 1132/1541/1117 1164/1542/1149 1165/1583/1150 1133/1582/1118
f 1119/1579/1104 1151/1580/1136 1152/1585/1137 1120/1584/1105
f 1133/1582/1118 1165/1583/1150 1166/1574/1151 1134/1586/1119
f 1120/1587/1105 1152/1590/1137 1153/1589/1138 1121/1588/1106
f 1134/1586/1119 1166/1574/1151 1167/1575/1152 1135/1591/1120
f 1121/1588/1106 1153/1589/1138 1154/1593/1139 1122/1592/1107
f 1135/1591/1120 1167/1575/1152 1168/1595/1153 1136/1594/1121
f 1122/1592/1107 1154/1593/1139 1155/1597/1140 1123/1596/1108
f 1136/1598/1121 1168/1601/1153 1169/1600/1154 1137/1599/1122
f 1123/1596/1108 1155/1597/1140 1156/1603/1141 1124/1602/1109
f 1110/1604/1095 1142/1607/1127 1143/1606/1128 1111/1605/1096
f 1137/1599/1122 1169/1600/1154 1170/1609/1155 1138/1608/1123
f 1124/1602/1109 1156/1603/1141 1157/1611/1142 1125/1610/1110
f 1111/1605/1096 1143/1606/1128 1144/1613/1129 1112/1612/1097
f 1138/1608/1123 1170/1609/1155 1171/1615/1156 1139/1614/1124
f 1125/1610/1110 1157/1611/1142 1158/1617/1143 1126/1616/1111
f 1112/1618/1097 1144/1621/1129 1145/1620/1130 1113/1619/1098
f 1139/1614/1124 1171/1615/1156 1172/1623/1157 1140/1622/1125
f 1126/1616/1111 1158/1617/1143 1159/1625/1144 1127/1624/1112
f 1113/1619/1098 1145/1620/1130 1146/1627/1131 1114/1626/1099
f 1140/1622/1125 1172/1623/1157 1173/1629/1158 1141/1628/1126
f 1127/1624/1112 1159/1625/1144 1160/1631/1145 1128/1630/1113
f 1114/1626/1099 1146/1627/1131 1147/1633/1132 1115/1632/1100
f 1141/1628/1126 1173/1629/1158 1142/1607/1127 1110/1604/1095
f 1128/1634/1113 1160/1637/1145 1161/1636/1146 1129/1635/1114
f 1115/1632/1100 1147/1633/1132 1148/1639/1133 1116/1638/1101
f 1129/1635/1114 1161/1636/1146 1162/1641/1147 1130/1640/1115
f 1116/1638/1101 1148/1639/1133 1149/1643/1134 1117/1642/1102
f 1130/1640/1115 1162/1641/1147 1163/1543/1148 1131/1540/1116
f 1117/1642/1102 1149/1643/1134 1150/1581/1135 1118/1578/1103
f 1174/1644/1159 1206/1647/1191 1207/1646/1192 1175/1645/1160
f 1153/1589/1138 1185/1649/1170 1186/1648/1171 1154/1593/1139
f 1167/1575/1152 1199/1576/1184 1200/1650/1185 1168/1595/1153
f 1154/1593/1139 1186/1648/1171 1187/1651/1172 1155/1597/1140
f 1168/1601/1153 1200/1653/1185 1201/1652/1186 1169/1600/1154
f 1155/1597/1140 1187/1651/1172 1188/1654/1173 1156/1603/1141
f 1142/1607/1127 1174/1644/1159 1175/1645/1160 1143/1606/1128
f 1169/1600/1154 1201/1652/1186 1202/1655/1187 1170/1609/1155
f 1156/1603/1141 1188/1654/1173 1189/1656/1174 1157/1611/1142
f 1143/1606/1128 1175/1645/1160 1176/1657/1161 1144/1613/1129
f 1170/1609/1155 1202/1655/1187 1203/1658/1188 1171/1615/1156
f 1157/1611/1142 1189/1656/1174 1190/1659/1175 1158/1617/1143
f 1144/1621/1129 1176/1661/1161 1177/1660/1162 1145/1620/1130
f 1171/1615/1156 1203/1658/1188 1204/1662/1189 1172/1623/1157
f 1158/1617/1143 1190/1659/1175 1191/1663/1176 1159/1625/1144
f 1145/1620/1130 1177/1660/1162 1178/1664/1163 1146/1627/1131
f 1172/1623/1157 1204/1662/1189 1205/1665/1190 1173/1629/1158
f 1159/1625/1144 1191/1663/1176 1192/1666/1177 1160/1631/1145
f 1146/1627/1131 1178/1664/1163 1179/1667/1164 1147/1633/1132
f 1173/1629/1158 1205/1665/1190 1174/1644/1159 1142/1607/1127
f 1160/1637/1145 1192/1669/1177 1193/1668/1178 1161/1636/1146
f 1147/1633/1132 1179/1667/1164 1180/1670/1165 1148/1639/1133
f 1161/1636/1146 1193/1668/1178 1194/1671/1179 1162/1641/1147
f 1148/1639/1133 1180/1670/1165 1181/1672/1166 1149/1643/1134
f 1162/1641/1147 1194/1671/1179 1195/1673/1180 1163/1543/1148
f 1149/1643/1134 1181/1672/1166 1182/1674/1167 1150/1581/1135
f 1163/1543/1148 1195/1673/1180 1196/1675/1181 1164/1542/1149
f 1150/1581/1135 1182/1674/1167 1183/1676/1168 1151/1580/1136
f 1164/1542/1149 1196/1675/1181 1197/1677/1182 1165/1583/1150
f 1151/1580/1136 1183/1676/1168 1184/1678/1169 1152/1585/1137
f 1165/1583/1150 1197/1677/1182 1198/1577/1183 1166/1574/1151
f 1152/1590/1137 1184/1679/1169 1185/1649/1170 1153/1589/1138
f 1209/1680/1194 1241/1683/1226 1242/1682/1227 1210/1681/1195
f 1201/1652/1186 1233/1685/1218 1234/1684/1219 1202/1655/1187
f 1188/1654/1173 1220/1687/1205 1221/1686/1206 1189/1656/1174
f 1175/1645/1160 1207/1646/1192 1208/1688/1193 1176/1657/1161
f 1202/1655/1187 1234/1684/1219 1235/1689/1220 1203/1658/1188
f 1189/1656/1174 1221/1686/1206 1222/1690/1207 1190/1659/1175
f 1176/1661/1161 1208/1691/1193 1209/1680/1194 1177/1660/1162
f 1203/1658/1188 1235/1689/1220 1236/1692/1221 1204/1662/1189
f 1190/1659/1175 1222/1690/1207 1223/1693/1208 1191/1663/1176
f 1177/1660/1162 1209/1680/1194 1210/1681/1195 1178/1664/1163
f 1204/1662/1189 1236/1692/1221 1237/1694/1222 1205/1665/1190
f 1191/1663/1176 1223/1693/1208 1224/1695/1209 1192/1666/1177
f 1178/1664/1163 1210/1681/1195 1211/1696/1196 1179/1667/1164
f 1205/1665/1190 1237/1694/1222 1206/1647/1191 1174/1644/1159
f 1192/1669/1177 1224/1698/1209 1225/1697/1210 1193/1668/1178
f 1179/1667/1164 1211/1696/1196 1212/1699/1197 1180/1670/1165
f 1193/1668/1178 1225/1697/1210 1226/1700/1211 1194/1671/1179
f 1180/1670/1165 1212/1699/1197 1213/1701/1198 1181/1672/1166
f 1194/1671/1179 1226/1700/1211 1227/1702/1212 1195/1673/1180
f 1181/1672/1166 1213/1701/1198 1214/1703/1199 1182/1674/1167
f 1195/1673/1180 1227/1702/1212 1228/1704/1213 1196/1675/1181
f 1182/1674/1167 1214/1703/1199 1215/1705/1200 1183/1676/1168
f 1196/1675/1181 1228/1704/1213 1229/1706/1214 1197/1677/1182
f 1183/1676/1168 1215/1705/1200 1216/1707/1201 1184/1678/1169
f 1197/1677/1182 1229/1706/1214 1230/1708/1215 1198/1577/1183
f 1184/1679/1169 1216/1710/1201 1217/1709/1202 1185/1649/1170
f 1198/1577/1183 1230/1708/1215 1231/1711/1216 1199/1576/1184
f 1185/1649/1170 1217/1709/1202 1218/1712/1203 1186/1648/1171
f 1199/1576/1184 1231/1711/1216 1232/1713/1217 1200/1650/1185
f 1186/1648/1171 1218/1712/1203 1219/1714/1204 1187/1651/1172
f 1200/1653/1185 1232/1715/1217 1233/1685/1218 1201/1652/1186
f 1187/1651/1172 1219/1714/1204 1220/1687/1205 1188/1654/1173
f 1244/1716/1229 1276/1719/1261 1277/1718/1262 1245/1717/1230
f 1236/1692/1221 1268/1721/1253 1269/1720/1254 1237/1694/1222
f 1223/1693/1208 1255/1723/1240 1256/1722/1241 1224/1695/1209
f 1210/1681/1195 1242/1682/1227 1243/1724/1228 1211/1696/1196
f 1237/1694/1222 1269/1720/1254 1238/1725/1223 1206/1647/1191
f 1224/1698/1209 1256/1727/1241 1257/1726/1242 1225/1697/1210
f 1211/1696/1196 1243/1724/1228 1244/1716/1229 1212/1699/1197
f 1225/1697/1210 1257/1726/1242 1258/1728/1243 1226/1700/1211
f 1212/1699/1197 1244/1716/1229 1245/1717/1230 1213/1701/1198
f 1226/1700/1211 1258/1728/1243 1259/1729/1244 1227/1702/1212
f 1213/1701/1198 1245/1717/1230 1246/1730/1231 1214/1703/1199
f 1227/1702/1212 1259/1729/1244 1260/1731/1245 1228/1704/1213
f 1214/1703/1199 1246/1730/1231 1247/1732/1232 1215/1705/1200
f 1228/1704/1213 1260/1731/1245 1261/1733/1246 1229/1706/1214
f 1215/1705/1200 1247/1732/1232 1248/1734/1233 1216/1707/1201
f 1229/1706/1214 1261/1733/1246 1262/1735/1247 1230/1708/1215
f 1216/1710/1201 1248/1737/1233 1249/1736/1234 1217/1709/1202
f 1230/1708/1215 1262/1735/1247 1263/1738/1248 1231/1711/1216
f 1217/1709/1202 1249/1736/1234 1250/1739/1235 1218/1712/1203
f 1231/1711/1216 1263/1738/1248 1264/1740/1249 1232/1713/1217
f 1218/1712/1203 1250/1739/1235 1251/1741/1236 1219/1714/1204
f 1232/1715/1217 1264/1743/1249 1265/1742/1250 1233/1685/1218
f 1219/1714/1204 1251/1741/1236 1252/1744/1237 1220/1687/1205
f 1206/1647/1191 1238/1725/1223 1239/1745/1224 1207/1646/1192
f 1233/1685/1218 1265/1742/1250 1266/1746/1251 1234/1684/1219
f 1220/1687/1205 1252/1744/1237 1253/1747/1238 1221/1686/1206
f 1207/1646/1192 1239/1745/1224 1240/1748/1225 1208/1688/1193
f 1234/1684/1219 1266/1746/1251 1267/1749/1252 1235/1689/1220
f 1221/1686/1206 1253/1747/1238 1254/1750/1239 1222/1690/1207
f 1208/1691/1193 1240/1751/1225 1241/1683/1226 1209/1680/1194
f 1235/1689/1220 1267/1749/1252 1268/1721/1253 1236/1692/1221
f 1222/1690/1207 1254/1750/1239 1255/1723/1240 1223/1693/1208
f 1279/1752/1264 1311/1755/1296 1312/1754/1297 1280/1753/1265
f 1258/1728/1243 1290/1757/1275 1291/1756/1276 1259/1729/1244
f 1245/1717/1230 1277/1718/1262 1278/1758/1263 1246/1730/1231
f 1259/1729/1244 1291/1756/1276 1292/1759/1277 1260/1731/1245
f 1246/1730/1231 1278/1758/1263 1279/1752/1264 1247/1732/1232
f 1260/1731/1245 1292/1759/1277 1293/1760/1278 1261/1733/1246
f 1247/1732/1232 1279/1752/1264 1280/1753/1265 1248/1734/1233
f 1261/1733/1246 1293/1760/1278 1294/1761/1279 1262/1735/1247
f 1248/1737/1233 1280/1763/1265 1281/1762/1266 1249/1736/1234
f 1262/1735/1247 1294/1761/1279 1295/1764/1280 1263/1738/1248
f 1249/1736/1234 1281/1762/1266 1282/1765/1267 1250/1739/1235
f 1263/1738/1248 1295/1764/1280 1296/1766/1281 1264/1740/1249
f 1250/1739/1235 1282/1765/1267 1283/1767/1268 1251/1741/1236
f 1264/1743/1249 1296/1769/1281 1297/1768/1282 1265/1742/1250
f 1251/1741/1236 1283/1767/1268 1284/1770/1269 1252/1744/1237
f 1238/1725/1223 1270/1772/1255 1271/1771/1256 1239/1745/1224
f 1265/1742/1250 1297/1768/1282 1298/1773/1283 1266/1746/1251
f 1252/1744/1237 1284/1770/1269 1285/1774/1270 1253/1747/1238
f 1239/1745/1224 1271/1771/1256 1272/1775/1257 1240/1748/1225
f 1266/1746/1251 1298/1773/1283 1299/1776/1284 1267/1749/1252
f 1253/1747/1238 1285/1774/1270 1286/1777/1271 1254/1750/1239
f 1240/1751/1225 1272/1779/1257 1273/1778/1258 1241/1683/1226
f 1267/1749/1252 1299/1776/1284 1300/1780/1285 1268/1721/1253
f 1254/1750/1239 1286/1777/1271 1287/1781/1272 1255/1723/1240
f 1241/1683/1226 1273/1778/1258 1274/1782/1259 1242/1682/1227
f 1268/1721/1253 1300/1780/1285 1301/1783/1286 1269/1720/1254
f 1255/1723/1240 1287/1781/1272 1288/1784/1273 1256/1722/1241
f 1242/1682/1227 1274/1782/1259 1275/1785/1260 1243/1724/1228
f 1269/1720/1254 1301/1783/1286 1270/1772/1255 1238/1725/1223
f 1256/1727/1241 1288/1787/1273 1289/1786/1274 1257/1726/1242
f 1243/1724/1228 1275/1785/1260 1276/1719/1261 1244/1716/1229
f 1257/1726/1242 1289/1786/1274 1290/1757/1275 1258/1728/1243
f 1314/1788/1299 1346/1791/1331 1347/1790/1332 1315/1789/1300
f 1293/1760/1278 1325/1793/1310 1326/1792/1311 1294/1761/1279
f 1280/1763/1265 1312/1795/1297 1313/1794/1298 1281/1762/1266
f 1294/1761/1279 1326/1792/1311 1327/1796/1312 1295/1764/1280
f 1281/1762/1266 1313/1794/1298 1314/1788/1299 1282/1765/1267
f 1295/1764/1280 1327/1796/1312 1328/1797/1313 1296/1766/1281
f 1282/1765/1267 1314/1788/1299 1315/1789/1300 1283/1767/1268
f 1296/1769/1281 1328/1799/1313 1329/1798/1314 1297/1768/1282
f 1283/1767/1268 1315/1789/1300 1316/1800/1301 1284/1770/1269
f 1270/1772/1255 1302/1802/1287 1303/1801/1288 1271/1771/1256
f 1297/1768/1282 1329/1798/1314 1330/1803/1315 1298/1773/1283
f 1284/1770/1269 1316/1800/1301 1317/1804/1302 1285/1774/1270
f 1271/1771/1256 1303/1801/1288 1304/1805/1289 1272/1775/1257
f 1298/1773/1283 1330/1803/1315 1331/1806/1316 1299/1776/1284
f 1285/1774/1270 1317/1804/1302 1318/1807/1303 1286/1777/1271
f 1272/1779/1257 1304/1809/1289 1305/1808/1290 1273/1778/1258
f 1299/1776/1284 1331/1806/1316 1332/1810/1317 1300/1780/1285
f 1286/1777/1271 1318/1807/1303 1319/1811/1304 1287/1781/1272
f 1273/1778/1258 1305/1808/1290 1306/1812/1291 1274/1782/1259
f 1300/1780/1285 1332/1810/1317 1333/1813/1318 1301/1783/1286
f 1287/1781/1272 1319/1811/1304 1320/1814/1305 1288/1784/1273
f 1274/1782/1259 1306/1812/1291 1307/1815/1292 1275/1785/1260
f 1301/1783/1286 1333/1813/1318 1302/1802/1287 1270/1772/1255
f 1288/1787/1273 1320/1817/1305 1321/1816/1306 1289/1786/1274
f 1275/1785/1260 1307/1815/1292 1308/1818/1293 1276/1719/1261
f 1289/1786/1274 1321/1816/1306 1322/1819/1307 1290/1757/1275
f 1276/1719/1261 1308/1818/1293 1309/1820/1294 1277/1718/1262
f 1290/1757/1275 1322/1819/1307 1323/1821/1308 1291/1756/1276
f 1277/1718/1262 1309/1820/1294 1310/1822/1295 1278/1758/1263
f 1291/1756/1276 1323/1821/1308 1324/1823/1309 1292/1759/1277
f 1278/1758/1263 1310/1822/1295 1311/1755/1296 1279/1752/1264
f 1292/1759/1277 1324/1823/1309 1325/1793/1310 1293/1760/1278
f 1356/1824/1341 1388/1827/1373 1389/1826/1374 1357/1825/1342
f 1328/1799/1313 1360/1829/1345 1361/1828/1346 1329/1798/1314
f 1315/1789/1300 1347/1790/1332 1348/1830/1333 1316/1800/1301
f 1302/1802/1287 1334/1832/1319 1335/1831/1320 1303/1801/1288
f 1329/1798/1314 1361/1828/1346 1362/1833/1347 1330/1803/1315
f 1316/1800/1301 1348/1830/1333 1349/1834/1334 1317/1804/1302
f 1303/1801/1288 1335/1831/1320 1336/1835/1321 1304/1805/1289
f 1330/1803/1315 1362/1833/1347 1363/1836/1348 1331/1806/1316
f 1317/1804/1302 1349/1834/1334 1350/1837/1335 1318/1807/1303
f 1304/1809/1289 1336/1839/1321 1337/1838/1322 1305/1808/1290
f 1331/1806/1316 1363/1836/1348 1364/1840/1349 1332/1810/1317
f 1318/1807/1303 1350/1837/1335 1351/1841/1336 1319/1811/1304
f 1305/1808/1290 1337/1838/1322 1338/1842/1323 1306/1812/1291
f 1332/1810/1317 1364/1840/1349 1365/1843/1350 1333/1813/1318
f 1319/1811/1304 1351/1841/1336 1352/1844/1337 1320/1814/1305
f 1306/1812/1291 1338/1842/1323 1339/1845/1324 1307/1815/1292
f 1333/1813/1318 1365/1843/1350 1334/1832/1319 1302/1802/1287
f 1320/1817/1305 1352/1847/1337 1353/1846/1338 1321/1816/1306
f 1307/1815/1292 1339/1845/1324 1340/1848/1325 1308/1818/1293
f 1321/1816/1306 1353/1846/1338 1354/1849/1339 1322/1819/1307
f 1308/1818/1293 1340/1848/1325 1341/1850/1326 1309/1820/1294
f 1322/1819/1307 1354/1849/1339 1355/1851/1340 1323/1821/1308
f 1309/1820/1294 1341/1850/1326 1342/1852/1327 1310/1822/1295
f 1323/1821/1308 1355/1851/1340 1356/1824/1341 1324/1823/1309
f 1310/1822/1295 1342/1852/1327 1343/1853/1328 1311/1755/1296
f 1324/1823/1309 1356/1824/1341 1357/1825/1342 1325/1793/1310
f 1311/1755/1296 1343/1853/1328 1344/1854/1329 1312/1754/1297
f 1325/1793/1310 1357/1825/1342 1358/1855/1343 1326/1792/1311
f 1312/1795/1297 1344/1857/1329 1345/1856/1330 1313/1794/1298
f 1326/1792/1311 1358/1855/1343 1359/1858/1344 1327/1796/1312
f 1313/1794/1298 1345/1856/1330 1346/1791/1331 1314/1788/1299
f 1327/1796/1312 1359/1858/1344 1360/1859/1345 1328/1797/1313
f 1391/1860/1376 1423/1863/1408 1424/1862/1409 1392/1861/1377
f 1343/1864/1328 1375/1867/1360 1376/1866/1361 1344/1865/1329
f 1357/1868/1342 1389/1871/1374 1390/1870/1375 1358/1869/1343
f 1344/1865/1329 1376/1866/1361 1377/1873/1362 1345/1872/1330
f 1358/1869/1343 1390/1870/1375 1391/1875/1376 1359/1874/1344
f 1345/1872/1330 1377/1873/1362 1378/1877/1363 1346/1876/1331
f 1359/1874/1344 1391/1875/1376 1392/1879/1377 1360/1878/1345
f 1346/1876/1331 1378/1877/1363 1379/1881/1364 1347/1880/1332
f 1360/1878/1345 1392/1879/1377 1393/1883/1378 1361/1882/1346
f 1347/1880/1332 1379/1881/1364 1380/1885/1365 1348/1884/1333
f 1334/1886/1319 1366/1889/1351 1367/1888/1352 1335/1887/1320
f 1361/1882/1346 1393/1883/1378 1394/1891/1379 1362/1890/1347
f 1348/1830/1333 1380/1893/1365 1381/1892/1366 1349/1834/1334
f 1335/1887/1320 1367/1888/1352 1368/1895/1353 1336/1894/1321
f 1362/1890/1347 1394/1891/1379 1395/1897/1380 1363/1896/1348
f 1349/1898/1334 1381/1901/1366 1382/1900/1367 1350/1899/1335
f 1336/1894/1321 1368/1895/1353 1369/1903/1354 1337/1902/1322
f 1363/1836/1348 1395/1905/1380 1396/1904/1381 1364/1840/1349
f 1350/1899/1335 1382/1900/1367 1383/1907/1368 1351/1906/1336
f 1337/1902/1322 1369/1903/1354 1370/1909/1355 1338/1908/1323
f 1364/1840/1349 1396/1904/1381 1397/1910/1382 1365/1843/1350
f 1351/1906/1336 1383/1907/1368 1384/1912/1369 1352/1911/1337
f 1338/1908/1323 1370/1909/1355 1371/1914/1356 1339/1913/1324
f 1365/1915/1350 1397/1916/1382 1366/1889/1351 1334/1886/1319
f 1352/1911/1337 1384/1912/1369 1385/1918/1370 1353/1917/1338
f 1339/1913/1324 1371/1914/1356 1372/1920/1357 1340/1919/1325
f 1353/1917/1338 1385/1918/1370 1386/1922/1371 1354/1921/1339
f 1340/1848/1325 1372/1924/1357 1373/1923/1358 1341/1850/1326
f 1354/1921/1339 1386/1922/1371 1387/1926/1372 1355/1925/1340
f 1341/1927/1326 1373/1930/1358 1374/1929/1359 1342/1928/1327
f 1355/1925/1340 1387/1926/1372 1388/1932/1373 1356/1931/1341
f 1342/1928/1327 1374/1929/1359 1375/1867/1360 1343/1864/1328
f 1424/1933/1409 1456/1936/1441 1457/1935/1442 1425/1934/1410
f 1378/1937/1363 1410/1940/1395 1411/1939/1396 1379/1938/1364
f 1392/1861/1377 1424/1862/1409 1425/1942/1410 1393/1941/1378
f 1379/1938/1364 1411/1939/1396 1412/1944/1397 1380/1943/1365
f 1366/1945/1351 1398/1948/1383 1399/1947/1384 1367/1946/1352
f 1393/1941/1378 1425/1942/1410 1426/1950/1411 1394/1949/1379
f 1380/1943/1365 1412/1944/1397 1413/1952/1398 1381/1951/1366
f 1367/1946/1352 1399/1947/1384 1400/1954/1385 1368/1953/1353
f 1394/1949/1379 1426/1950/1411 1427/1956/1412 1395/1955/1380
f 1381/1951/1366 1413/1952/1398 1414/1958/1399 1382/1957/1367
f 1368/1953/1353 1400/1954/1385 1401/1960/1386 1369/1959/1354
f 1395/1955/1380 1427/1956/1412 1428/1962/1413 1396/1961/1381
f 1382/1957/1367 1414/1958/1399 1415/1964/1400 1383/1963/1368
f 1369/1959/1354 1401/1960/1386 1402/1966/1387 1370/1965/1355
f 1396/1961/1381 1428/1962/1413 1429/1968/1414 1397/1967/1382
f 1383/1963/1368 1415/1964/1400 1416/1970/1401 1384/1969/1369
f 1370/1965/1355 1402/1966/1387 1403/1972/1388 1371/1971/1356
f 1397/1967/1382 1429/1968/1414 1398/1948/1383 1366/1945/1351
f 1384/1969/1369 1416/1970/1401 1417/1974/1402 1385/1973/1370
f 1371/1971/1356 1403/1972/1388 1404/1976/1389 1372/1975/1357
f 1385/1973/1370 1417/1974/1402 1418/1978/1403 1386/1977/1371
f 1372/1975/1357 1404/1976/1389 1405/1980/1390 1373/1979/1358
f 1386/1977/1371 1418/1978/1403 1419/1982/1404 1387/1981/1372
f 1373/1979/1358 1405/1980/1390 1406/1984/1391 1374/1983/1359
f 1387/1981/1372 1419/1982/1404 1420/1986/1405 1388/1985/1373
f 1374/1983/1359 1406/1984/1391 1407/1988/1392 1375/1987/1360
f 1388/1985/1373 1420/1986/1405 1421/1990/1406 1389/1989/1374
f 1375/1987/1360 1407/1988/1392 1408/1992/1393 1376/1991/1361
f 1389/1989/1374 1421/1990/1406 1422/1994/1407 1390/1993/1375
f 1376/1991/1361 1408/1992/1393 1409/1996/1394 1377/1995/1362
f 1390/1993/1375 1422/1994/1407 1423/1863/1408 1391/1860/1376
f 1377/1995/1362 1409/1996/1394 1410/1940/1395 1378/1937/1363
f 1448/1997/1433 1480/2000/1465 1481/1999/1466 1449/1998/1434
f 1411/2001/1396 1443/2004/1428 1444/2003/1429 1412/2002/1397
f 1398/2005/1383 1430/2008/1415 1431/2007/1416 1399/2006/1384
f 1425/2009/1410 1457/2012/1442 1458/2011/1443 1426/2010/1411
f 1412/2002/1397 1444/2003/1429 1445/2014/1430 1413/2013/1398
f 1399/2015/1384 1431/2018/1416 1432/2017/1417 1400/2016/1385
f 1426/2010/1411 1458/2011/1443 1459/2020/1444 1427/2019/1412
f 1413/2013/1398 1445/2014/1430 1446/2022/1431 1414/2021/1399
f 1400/2016/1385 1432/2017/1417 1433/2024/1418 1401/2023/1386
f 1427/2019/1412 1459/2020/1444 1460/2026/1445 1428/2025/1413
f 1414/2021/1399 1446/2022/1431 1447/2028/1432 1415/2027/1400
f 1401/2029/1386 1433/2032/1418 1434/2031/1419 1402/2030/1387
f 1428/2025/1413 1460/2026/1445 1461/2034/1446 1429/2033/1414
f 1415/2035/1400 1447/2038/1432 1448/2037/1433 1416/2036/1401
f 1402/2030/1387 1434/2031/1419 1435/2040/1420 1403/2039/1388
f 1429/2033/1414 1461/2034/1446 1430/2008/1415 1398/2005/1383
f 1416/2036/1401 1448/2037/1433 1449/2042/1434 1417/2041/1402
f 1403/2039/1388 1435/2040/1420 1436/2044/1421 1404/2043/1389
f 1417/2045/1402 1449/1998/1434 1450/2047/1435 1418/2046/1403
f 1404/2043/1389 1436/2044/1421 1437/2049/1422 1405/2048/1390
f 1418/2046/1403 1450/2047/1435 1451/2051/1436 1419/2050/1404
f 1405/2048/1390 1437/2049/1422 1438/2053/1423 1406/2052/1391
f 1419/2050/1404 1451/2051/1436 1452/2055/1437 1420/2054/1405
f 1406/2052/1391 1438/2053/1423 1439/2057/1424 1407/2056/1392
f 1420/2054/1405 1452/2055/1437 1453/2059/1438 1421/2058/1406
f 1407/2060/1392 1439/2063/1424 1440/2062/1425 1408/2061/1393
f 1421/2058/1406 1453/2059/1438 1454/2065/1439 1422/2064/1407
f 1408/2061/1393 1440/2062/1425 1441/2067/1426 1409/2066/1394
f 1422/2064/1407 1454/2065/1439 1455/2069/1440 1423/2068/1408
f 1409/2066/1394 1441/2067/1426 1442/2071/1427 1410/2070/1395
f 1423/2072/1408 1455/2073/1440 1456/1936/1441 1424/1933/1409
f 1410/2074/1395 1442/2075/1427 1443/2004/1428 1411/2001/1396
f 1483/2076/1468 1515/2079/1500 1516/2078/1501 1484/2077/1469
f 1435/2040/1420 1467/2081/1452 1468/2080/1453 1436/2044/1421
f 1449/1998/1434 1481/1999/1466 1482/2082/1467 1450/2047/1435
f 1436/2044/1421 1468/2080/1453 1469/2083/1454 1437/2049/1422
f 1450/2047/1435 1482/2082/1467 1483/2084/1468 1451/2051/1436
f 1437/2049/1422 1469/2083/1454 1470/2085/1455 1438/2053/1423
f 1451/2051/1436 1483/2084/1468 1484/2086/1469 1452/2055/1437
f 1438/2053/1423 1470/2085/1455 1471/2087/1456 1439/2057/1424
f 1452/2055/1437 1484/2086/1469 1485/2088/1470 1453/2059/1438
f 1439/2057/1424 1471/2087/1456 1472/2090/1457 1440/2089/1425
f 1453/2059/1438 1485/2088/1470 1486/2091/1471 1454/2065/1439
f 1440/2092/1425 1472/2095/1457 1473/2094/1458 1441/2093/1426
f 1454/2065/1439 1486/2091/1471 1487/2096/1472 1455/2069/1440
f 1441/2093/1426 1473/2094/1458 1474/2097/1459 1442/2075/1427
f 1455/2069/1440 1487/2096/1472 1488/2099/1473 1456/2098/1441
f 1442/2075/1427 1474/2097/1459 1475/2100/1460 1443/2004/1428
f 1456/2101/1441 1488/2103/1473 1489/2102/1474 1457/2012/1442
f 1443/2004/1428 1475/2100/1460 1476/2104/1461 1444/2003/1429
f 1430/2008/1415 1462/2106/1447 1463/2105/1448 1431/2007/1416
f 1457/2012/1442 1489/2102/1474 1490/2107/1475 1458/2011/1443
f 1444/2003/1429 1476/2104/1461 1477/2108/1462 1445/2014/1430
f 1431/2007/1416 1463/2105/1448 1464/2110/1449 1432/2109/1417
f 1458/2011/1443 1490/2107/1475 1491/2111/1476 1459/2020/1444
f 1445/2014/1430 1477/2108/1462 1478/2112/1463 1446/2022/1431
f 1432/2113/1417 1464/2115/1449 1465/2114/1450 1433/2032/1418
f 1459/2020/1444 1491/2111/1476 1492/2116/1477 1460/2026/1445
f 1446/2022/1431 1478/2112/1463 1479/2117/1464 1447/2028/1432
f 1433/2032/1418 1465/2114/1450 1466/2118/1451 1434/2031/1419
f 1460/2026/1445 1492/2116/1477 1493/2119/1478 1461/2034/1446
f 1447/2028/1432 1479/2117/1464 1480/2121/1465 1448/2120/1433
f 1434/2031/1419 1466/2118/1451 1467/2081/1452 1435/2040/1420
f 1461/2034/1446 1493/2119/1478 1462/2106/1447 1430/2008/1415
f 1518/2122/1503 1550/2125/1535 1551/2124/1536 1519/2123/1504
f 1470/2126/1455 1502/2129/1487 1503/2128/1488 1471/2127/1456
f 1484/2077/1469 1516/2078/1501 1517/2131/1502 1485/2130/1470
f 1471/2127/1456 1503/2128/1488 1504/2133/1489 1472/2132/1457
f 1485/2130/1470 1517/2131/1502 1518/2122/1503 1486/2134/1471
f 1472/2132/1457 1504/2133/1489 1505/2136/1490 1473/2135/1458
f 1486/2134/1471 1518/2122/1503 1519/2123/1504 1487/2137/1472
f 1473/2135/1458 1505/2136/1490 1506/2139/1491 1474/2138/1459
f 1487/2137/1472 1519/2123/1504 1520/2141/1505 1488/2140/1473
f 1474/2138/1459 1506/2139/1491 1507/2143/1492 1475/2142/1460
f 1488/2140/1473 1520/2141/1505 1521/2145/1506 1489/2144/1474
f 1475/2142/1460 1507/2143/1492 1508/2147/1493 1476/2146/1461
f 1462/2148/1447 1494/2151/1479 1495/2150/1480 1463/2149/1448
f 1489/2144/1474 1521/2145/1506 1522/2153/1507 1490/2152/1475
f 1476/2146/1461 1508/2147/1493 1509/2155/1494 1477/2154/1462
f 1463/2149/1448 1495/2150/1480 1496/2157/1481 1464/2156/1449
f 1490/2152/1475 1522/2153/1507 1523/2159/1508 1491/2158/1476
f 1477/2154/1462 1509/2155/1494 1510/2161/1495 1478/2160/1463
f 1464/2156/1449 1496/2157/1481 1497/2163/1482 1465/2162/1450
f 1491/2158/1476 1523/2159/1508 1524/2165/1509 1492/2164/1477
f 1478/2160/1463 1510/2161/1495 1511/2167/1496 1479/2166/1464
f 1465/2162/1450 1497/2163/1482 1498/2169/1483 1466/2168/1451
f 1492/2164/1477 1524/2165/1509 1525/2171/1510 1493/2170/1478
f 1479/2166/1464 1511/2167/1496 1512/2173/1497 1480/2172/1465
f 1466/2168/1451 1498/2169/1483 1499/2175/1484 1467/2174/1452
f 1493/2170/1478 1525/2171/1510 1494/2151/1479 1462/2148/1447
f 1480/2172/1465 1512/2173/1497 1513/2177/1498 1481/2176/1466
f 1467/2174/1452 1499/2175/1484 1500/2179/1485 1468/2178/1453
f 1481/2176/1466 1513/2177/1498 1514/2181/1499 1482/2180/1467
f 1468/2178/1453 1500/2179/1485 1501/2183/1486 1469/2182/1454
f 1482/2180/1467 1514/2181/1499 1515/2079/1500 1483/2076/1468
f 1469/2182/1454 1501/2183/1486 1502/2129/1487 1470/2126/1455
f 1526/2184/1511 1558/2187/1543 1559/2186/1544 1527/2185/1512
f 1505/2136/1490 1537/2189/1522 1538/2188/1523 1506/2139/1491
f 1519/2123/1504 1551/2124/1536 1552/2190/1537 1520/2141/1505
f 1506/2139/1491 1538/2188/1523 1539/2191/1524 1507/2143/1492
f 1520/2141/1505 1552/2190/1537 1553/2192/1538 1521/2145/1506
f 1507/2143/1492 1539/2191/1524 1540/2193/1525 1508/2147/1493
f 1494/2151/1479 1526/2184/1511 1527/2185/1512 1495/2150/1480
f 1521/2145/1506 1553/2192/1538 1554/2194/1539 1522/2153/1507
f 1508/2147/1493 1540/2193/1525 1541/2195/1526 1509/2155/1494
f 1495/2150/1480 1527/2185/1512 1528/2196/1513 1496/2157/1481
f 1522/2153/1507 1554/2194/1539 1555/2197/1540 1523/2159/1508
f 1509/2155/1494 1541/2195/1526 1542/2198/1527 1510/2161/1495
f 1496/2157/1481 1528/2196/1513 1529/2199/1514 1497/2163/1482
f 1523/2159/1508 1555/2197/1540 1556/2200/1541 1524/2165/1509
f 1510/2161/1495 1542/2198/1527 1543/2201/1528 1511/2167/1496
f 1497/2163/1482 1529/2199/1514 1530/2202/1515 1498/2169/1483
f 1524/2165/1509 1556/2200/1541 1557/2203/1542 1525/2171/1510
f 1511/2167/1496 1543/2201/1528 1544/2204/1529 1512/2173/1497
f 1498/2169/1483 1530/2202/1515 1531/2205/1516 1499/2175/1484
f 1525/2171/1510 1557/2203/1542 1526/2184/1511 1494/2151/1479
f 1512/2173/1497 1544/2204/1529 1545/2206/1530 1513/2177/1498
f 1499/2175/1484 1531/2205/1516 1532/2207/1517 1500/2179/1485
f 1513/2177/1498 1545/2206/1530 1546/2208/1531 1514/2181/1499
f 1500/2179/1485 1532/2207/1517 1533/2209/1518 1501/2183/1486
f 1514/2181/1499 1546/2208/1531 1547/2210/1532 1515/2079/1500
f 1501/2183/1486 1533/2209/1518 1534/2211/1519 1502/2129/1487
f 1515/2079/1500 1547/2210/1532 1548/2212/1533 1516/2078/1501
f 1502/2129/1487 1534/2211/1519 1535/2213/1520 1503/2128/1488
f 1516/2078/1501 1548/2212/1533 1549/2214/1534 1517/2131/1502
f 1503/2128/1488 1535/2213/1520 1536/2215/1521 1504/2133/1489
f 1517/2131/1502 1549/2214/1534 1550/2125/1535 1518/2122/1503
f 1504/2133/1489 1536/2215/1521 1537/2189/1522 1505/2136/1490
f 1561/2216/1546 1593/2219/1578 1594/2218/1579 1562/2217/1547
f 1553/2192/1538 1585/2221/1570 1586/2220/1571 1554/2194/1539
f 1540/2193/1525 1572/2223/1557 1573/2222/1558 1541/2195/1526
f 1527/2185/1512 1559/2186/1544 1560/2224/1545 1528/2196/1513
f 1554/2194/1539 1586/2220/1571 1587/2225/1572 1555/2197/1540
f 1541/2195/1526 1573/2222/1558 1574/2226/1559 1542/2198/1527
f 1528/2196/1513 1560/2224/1545 1561/2216/1546 1529/2199/1514
f 1555/2197/1540 1587/2225/1572 1588/2227/1573 1556/2200/1541
f 1542/2198/1527 1574/2226/1559 1575/2228/1560 1543/2201/1528
f 1529/2199/1514 1561/2216/1546 1562/2217/1547 1530/2202/1515
f 1556/2200/1541 1588/2227/1573 1589/2229/1574 1557/2203/1542
f 1543/2201/1528 1575/2228/1560 1576/2230/1561 1544/2204/1529
f 1530/2202/1515 1562/2217/1547 1563/2231/1548 1531/2205/1516
f 1557/2203/1542 1589/2229/1574 1558/2187/1543 1526/2184/1511
f 1544/2204/1529 1576/2230/1561 1577/2232/1562 1545/2206/1530
f 1531/2205/1516 1563/2231/1548 1564/2233/1549 1532/2207/1517
f 1545/2206/1530 1577/2232/1562 1578/2234/1563 1546/2208/1531
f 1532/2207/1517 1564/2233/1549 1565/2235/1550 1533/2209/1518
f 1546/2208/1531 1578/2234/1563 1579/2236/1564 1547/2210/1532
f 1533/2209/1518 1565/2235/1550 1566/2237/1551 1534/2211/1519
f 1547/2210/1532 1579/2236/1564 1580/2238/1565 1548/2212/1533
f 1534/2211/1519 1566/2237/1551 1567/2239/1552 1535/2213/1520
f 1548/2212/1533 1580/2238/1565 1581/2240/1566 1549/2214/1534
f 1535/2213/1520 1567/2239/1552 1568/2241/1553 1536/2215/1521
f 1549/2214/1534 1581/2240/1566 1582/2242/1567 1550/2125/1535
f 1536/2215/1521 1568/2241/1553 1569/2243/1554 1537/2189/1522
f 1550/2125/1535 1582/2242/1567 1583/2244/1568 1551/2124/1536
f 1537/2189/1522 1569/2243/1554 1570/2245/1555 1538/2188/1523
f 1551/2124/1536 1583/2244/1568 1584/2246/1569 1552/2190/1537
f 1538/2188/1523 1570/2245/1555 1571/2247/1556 1539/2191/1524
f 1552/2190/1537 1584/2246/1569 1585/2221/1570 1553/2192/1538
f 1539/2191/1524 1571/2247/1556 1572/2223/1557 1540/2193/1525
f 1596/2248/1581 1628/2251/1613 1629/2250/1614 1597/2249/1582
f 1588/2227/1573 1620/2253/1605 1621/2252/1606 1589/2229/1574
f 1575/2228/1560 1607/2255/1592 1608/2254/1593 1576/2230/1561
f 1562/2217/1547 1594/2218/1579 1595/2256/1580 1563/2231/1548
f 1589/2229/1574 1621/2252/1606 1590/2257/1575 1558/2187/1543
f 1576/2230/1561 1608/2254/1593 1609/2258/1594 1577/2232/1562
f 1563/2231/1548 1595/2256/1580 1596/2248/1581 1564/2233/1549
f 1577/2232/1562 1609/2258/1594 1610/2259/1595 1578/2234/1563
f 1564/2233/1549 1596/2248/1581 1597/2249/1582 1565/2235/1550
f 1578/2234/1563 1610/2259/1595 1611/2260/1596 1579/2236/1564
f 1565/2235/1550 1597/2249/1582 1598/2261/1583 1566/2237/1551
f 1579/2236/1564 1611/2260/1596 1612/2262/1597 1580/2238/1565
f 1566/2237/1551 1598/2261/1583 1599/2263/1584 1567/2239/1552
f 1580/2238/1565 1612/2262/1597 1613/2264/1598 1581/2240/1566
f 1567/2239/1552 1599/2263/1584 1600/2265/1585 1568/2241/1553
f 1581/2240/1566 1613/2264/1598 1614/2266/1599 1582/2242/1567
f 1568/2241/1553 1600/2265/1585 1601/2267/1586 1569/2243/1554
f 1582/2242/1567 1614/2266/1599 1615/2268/1600 1583/2244/1568
f 1569/2243/1554 1601/2267/1586 1602/2269/1587 1570/2245/1555
f 1583/2244/1568 1615/2268/1600 1616/2270/1601 1584/2246/1569
f 1570/2245/1555 1602/2269/1587 1603/2271/1588 1571/2247/1556
f 1584/2246/1569 1616/2270/1601 1617/2272/1602 1585/2221/1570
f 1571/2247/1556 1603/2271/1588 1604/2273/1589 1572/2223/1557
f 1558/2187/1543 1590/2257/1575 1591/2274/1576 1559/2186/1544
f 1585/2221/1570 1617/2272/1602 1618/2275/1603 1586/2220/1571
f 1572/2223/1557 1604/2273/1589 1605/2276/1590 1573/2222/1558
f 1559/2186/1544 1591/2274/1576 1592/2277/1577 1560/2224/1545
f 1586/2220/1571 1618/2275/1603 1619/2278/1604 1587/2225/1572
f 1573/2222/1558 1605/2276/1590 1606/2279/1591 1574/2226/1559
f 1560/2224/1545 1592/2277/1577 1593/2219/1578 1561/2216/1546
f 1587/2225/1572 1619/2278/1604 1620/2253/1605 1588/2227/1573
f 1574/2226/1559 1606/2279/1591 1607/2255/1592 1575/2228/1560
f 1631/2280/1616 1654/2282/1639 1632/2281/1617
f 1610/2259/1595 1642/2284/1627 1643/2283/1628 1611/2260/1596
f 1597/2249/1582 1629/2250/1614 1630/2285/1615 1598/2261/1583
f 1611/2260/1596 1643/2283/1628 1644/2286/1629 1612/2262/1597
f 1598/2261/1583 1630/2285/1615 1631/2280/1616 1599/2263/1584
f 1612/2262/1597 1644/2286/1629 1645/2287/1630 1613/2264/1598
f 1599/2263/1584 1631/2280/1616 1632/2281/1617 1600/2265/1585
f 1613/2264/1598 1645/2287/1630 1646/2288/1631 1614/2266/1599
f 1600/2265/1585 1632/2281/1617 1633/2289/1618 1601/2267/1586
f 1614/2266/1599 1646/2288/1631 1647/2290/1632 1615/2268/1600
f 1601/2267/1586 1633/2289/1618 1634/2291/1619 1602/2269/1587
f 1615/2268/1600 1647/2290/1632 1648/2292/1633 1616/2270/1601
f 1602/2269/1587 1634/2291/1619 1635/2293/1620 1603/2271/1588
f 1616/2270/1601 1648/2292/1633 1649/2294/1634 1617/2272/1602
f 1603/2271/1588 1635/2293/1620 1636/2295/1621 1604/2273/1589
f 1590/2257/1575 1622/2297/1607 1623/2296/1608 1591/2274/1576
f 1617/2272/1602 1649/2294/1634 1650/2298/1635 1618/2275/1603
f 1604/2273/1589 1636/2295/1621 1637/2299/1622 1605/2276/1590
f 1591/2274/1576 1623/2296/1608 1624/2300/1609 1592/2277/1577
f 1618/2275/1603 1650/2298/1635 1651/2301/1636 1619/2278/1604
f 1605/2276/1590 1637/2299/1622 1638/2302/1623 1606/2279/1591
f 1592/2277/1577 1624/2300/1609 1625/2303/1610 1593/2219/1578
f 1619/2278/1604 1651/2301/1636 1652/2304/1637 1620/2253/1605
f 1606/2279/1591 1638/2302/1623 1639/2305/1624 1607/2255/1592
f 1593/2219/1578 1625/2303/1610 1626/2306/1611 1594/2218/1579
f 1620/2253/1605 1652/2304/1637 1653/2307/1638 1621/2252/1606
f 1607/2255/1592 1639/2305/1624 1640/2308/1625 1608/2254/1593
f 1594/2218/1579 1626/2306/1611 1627/2309/1612 1595/2256/1580
f 1621/2252/1606 1653/2307/1638 1622/2297/1607 1590/2257/1575
f 1608/2254/1593 1640/2308/1625 1641/2310/1626 1609/2258/1594
f 1595/2256/1580 1627/2309/1612 1628/2251/1613 1596/2248/1581
f 1609/2258/1594 1641/2310/1626 1642/2284/1627 1610/2259/1595
f 1645/2287/1630 1654/2282/1639 1646/2288/1631
f 1632/2281/1617 1654/2282/1639 1633/2289/1618
f 1646/2288/1631 1654/2282/1639 1647/2290/1632
f 1633/2289/1618 1654/2282/1639 1634/2291/1619
f 1647/2290/1632 1654/2282/1639 1648/2292/1633
f 1634/2291/1619 1654/2282/1639 1635/2293/1620
f 1648/2292/1633 1654/2282/1639 1649/2294/1634
f 1635/2293/1620 1654/2282/1639 1636/2295/1621
f 1622/2297/1607 1654/2282/1639 1623/2296/1608
f 1649/2294/1634 1654/2282/1639 1650/2298/1635
f 1636/2295/1621 1654/2282/1639 1637/2299/1622
f 1623/2296/1608 1654/2282/1639 1624/2300/1609
f 1650/2298/1635 1654/2282/1639 1651/2301/1636
f 1637/2299/1622 1654/2282/1639 1638/2302/1623
f 1624/2300/1609 1654/2282/1639 1625/2303/1610
f 1651/2301/1636 1654/2282/1639 1652/2304/1637
f 1638/2302/1623 1654/2282/1639 1639/2305/1624
f 1625/2303/1610 1654/2282/1639 1626/2306/1611
f 1652/2304/1637 1654/2282/1639 1653/2307/1638
f 1639/2305/1624 1654/2282/1639 1640/2308/1625
f 1626/2306/1611 1654/2282/1639 1627/2309/1612
f 1653/2307/1638 1654/2282/1639 1622/2297/1607
f 1640/2308/1625 1654/2282/1639 1641/2310/1626
f 1627/2309/1612 1654/2282/1639 1628/2251/1613
f 1641/2310/1626 1654/2282/1639 1642/2284/1627
f 1628/2251/1613 1654/2282/1639 1629/2250/1614
f 1642/2284/1627 1654/2282/1639 1643/2283/1628
f 1629/2250/1614 1654/2282/1639 1630/2285/1615
f 1643/2283/1628 1654/2282/1639 1644/2286/1629
f 1630/2285/1615 1654/2282/1639 1631/2280/1616
f 1644/2286/1629 1654/2282/1639 1645/2287/1630
f 1800/2311/1785 1799/2314/1784 1791/2313/1776 1792/2312/1777
f 1673/2315/1658 1672/2318/1657 1664/2317/1649 1665/2316/1650
f 1667/2319/1652 1666/2322/1651 1783/2321/1768 1784/2320/1769
f 1777/2323/1762 1778/2326/1763 1658/2325/1643 1657/2324/1642
f 1664/2327/1649 1663/2328/1648 1657/2324/1642 1658/2325/1643
f 1659/2329/1644 1665/2330/1650 1664/2327/1649 1658/2325/1643
f 1678/2331/1663 1677/2334/1662 1668/2333/1653 1669/2332/1654
f 1782/2335/1767 1655/2338/1640 1661/2337/1646 1660/2336/1645
f 1681/2339/1666 1680/2341/1665 1671/2340/1656 1672/2318/1657
f 1786/2342/1771 1792/2312/1777 1791/2313/1776 1785/2343/1770
f 1666/2322/1651 1665/2345/1650 1659/2344/1644 1783/2321/1768
f 1676/2346/1661 1660/2336/1645 1668/2333/1653
f 1675/2347/1660 1674/2348/1659 1666/2322/1651 1667/2319/1652
f 1672/2318/1657 1671/2340/1656 1663/2349/1648 1664/2317/1649
f 1679/2350/1664 1678/2353/1663 1669/2352/1654 1670/2351/1655
f 1689/2354/1674 1688/2355/1673 1680/2341/1665 1681/2339/1666
f 1683/2356/1668 1682/2358/1667 1673/2357/1658 1674/2348/1659
f 1676/2346/1661 1668/2333/1653 1677/2334/1662
f 1741/2359/1726 1675/2347/1660 1667/2319/1652
f 1686/2360/1671 1685/2361/1670 1677/2334/1662 1678/2331/1663
f 1682/2362/1667 1681/2339/1666 1672/2318/1657 1673/2315/1658
f 1688/2355/1673 1687/2363/1672 1679/2350/1664 1680/2341/1665
f 1684/2364/1669 1683/2356/1668 1674/2348/1659 1675/2347/1660
f 1687/2363/1672 1686/2365/1671 1678/2353/1663 1679/2350/1664
f 1697/2366/1682 1696/2367/1681 1688/2355/1673 1689/2354/1674
f 1691/2368/1676 1690/2369/1675 1682/2358/1667 1683/2356/1668
f 1676/2346/1661 1677/2334/1662 1685/2361/1670
f 1694/2370/1679 1693/2371/1678 1685/2361/1670 1686/2360/1671
f 1690/2372/1675 1689/2354/1674 1681/2339/1666 1682/2362/1667
f 1741/2359/1726 1684/2364/1669 1675/2347/1660
f 1692/2373/1677 1691/2368/1676 1683/2356/1668 1684/2364/1669
f 1696/2367/1681 1695/2374/1680 1687/2363/1672 1688/2355/1673
f 1698/2375/1683 1697/2366/1682 1689/2354/1674 1690/2372/1675
f 1695/2376/1680 1694/2370/1679 1686/2360/1671 1687/2377/1672
f 1705/2378/1690 1704/2381/1689 1696/2380/1681 1697/2379/1682
f 1699/2382/1684 1698/2383/1683 1690/2369/1675 1691/2368/1676
f 1702/2384/1687 1701/2385/1686 1693/2371/1678 1694/2370/1679
f 1741/2359/1726 1692/2373/1677 1684/2364/1669
f 1700/2386/1685 1699/2382/1684 1691/2368/1676 1692/2373/1677
f 1704/2381/1689 1703/2388/1688 1695/2387/1680 1696/2380/1681
f 1676/2346/1661 1685/2361/1670 1693/2371/1678
f 1706/2389/1691 1705/2378/1690 1697/2379/1682 1698/2390/1683
f 1703/2391/1688 1702/2384/1687 1694/2370/1679 1695/2376/1680
f 1713/2392/1698 1712/2393/1697 1704/2381/1689 1705/2378/1690
f 1741/2359/1726 1700/2386/1685 1692/2373/1677
f 1710/2394/1695 1709/2395/1694 1701/2385/1686 1702/2384/1687
f 1708/2396/1693 1707/2397/1692 1699/2382/1684 1700/2386/1685
f 1712/2393/1697 1711/2398/1696 1703/2388/1688 1704/2381/1689
f 1707/2397/1692 1706/2399/1691 1698/2383/1683 1699/2382/1684
f 1676/2346/1661 1693/2371/1678 1701/2385/1686
f 1711/2398/1696 1710/2401/1695 1702/2400/1687 1703/2388/1688
f 1721/2402/1706 1720/2403/1705 1712/2393/1697 1713/2392/1698
f 1714/2404/1699 1713/2392/1698 1705/2378/1690 1706/2389/1691
f 1741/2359/1726 1708/2396/1693 1700/2386/1685
f 1719/2405/1704 1718/2406/1703 1710/2401/1695 1711/2398/1696
f 1716/2407/1701 1715/2408/1700 1707/2397/1692 1708/2396/1693
f 1720/2403/1705 1719/2405/1704 1711/2398/1696 1712/2393/1697
f 1715/2408/1700 1714/2409/1699 1706/2399/1691 1707/2397/1692
f 1718/2410/1703 1717/2411/1702 1709/2395/1694 1710/2394/1695
f 1676/2346/1661 1701/2385/1686 1709/2395/1694
f 1729/2412/1714 1728/2413/1713 1720/2403/1705 1721/2402/1706
f 1723/2414/1708 1722/2415/1707 1714/2409/1699 1715/2408/1700
f 1722/2416/1707 1721/2402/1706 1713/2392/1698 1714/2404/1699
f 1727/2417/1712 1726/2419/1711 1718/2410/1703 1719/2418/1704
f 1724/2420/1709 1723/2414/1708 1715/2408/1700 1716/2407/1701
f 1728/2413/1713 1727/2421/1712 1719/2405/1704 1720/2403/1705
f 1726/2419/1711 1725/2422/1710 1717/2411/1702 1718/2410/1703
f 1676/2346/1661 1709/2395/1694 1717/2411/1702
f 1741/2359/1726 1716/2407/1701 1708/2396/1693
f 1737/2423/1722 1736/2426/1721 1728/2425/1713 1729/2424/1714
f 1731/2427/1716 1730/2428/1715 1722/2415/1707 1723/2414/1708
f 1730/2429/1715 1729/2412/1714 1721/2402/1706 1722/2416/1707
f 1734/2430/1719 1733/2431/1718 1725/2422/1710 1726/2419/1711
f 1732/2432/1717 1731/2427/1716 1723/2414/1708 1724/2420/1709
f 1736/2426/1721 1735/2434/1720 1727/2433/1712 1728/2425/1713
f 1676/2346/1661 1717/2411/1702 1725/2422/1710
f 1741/2359/1726 1724/2420/1709 1716/2407/1701
f 1746/2435/1731 1745/2436/1730 1736/2426/1721 1737/2423/1722
f 1739/2437/1724 1738/2438/1723 1730/2428/1715 1731/2427/1716
f 1738/2439/1723 1737/2423/1722 1729/2424/1714 1730/2440/1715
f 1735/2441/1720 1734/2430/1719 1726/2419/1711 1727/2417/1712
f 1743/2442/1728 1742/2443/1727 1733/2431/1718 1734/2430/1719
f 1745/2436/1730 1744/2444/1729 1735/2434/1720 1736/2426/1721
f 1676/2346/1661 1725/2422/1710 1733/2431/1718
f 1740/2445/1725 1739/2437/1724 1731/2427/1716 1732/2432/1717
f 1741/2359/1726 1732/2432/1717 1724/2420/1709
f 1748/2446/1733 1747/2447/1732 1738/2438/1723 1739/2437/1724
f 1747/2448/1732 1746/2435/1731 1737/2423/1722 1738/2439/1723
f 1744/2444/1729 1743/2450/1728 1734/2449/1719 1735/2434/1720
f 1754/2451/1739 1753/2452/1738 1745/2436/1730 1746/2435/1731
f 1749/2453/1734 1748/2446/1733 1739/2437/1724 1740/2445/1725
f 1676/2346/1661 1733/2431/1718 1742/2443/1727
f 1753/2452/1738 1752/2454/1737 1744/2444/1729 1745/2436/1730
f 1741/2359/1726 1740/2445/1725 1732/2432/1717
f 1751/2455/1736 1750/2456/1735 1742/2443/1727 1743/2442/1728
f 1756/2457/1741 1755/2458/1740 1747/2447/1732 1748/2446/1733
f 1755/2459/1740 1754/2451/1739 1746/2435/1731 1747/2448/1732
f 1752/2454/1737 1751/2460/1736 1743/2450/1728 1744/2444/1729
f 1762/2461/1747 1761/2462/1746 1753/2452/1738 1754/2451/1739
f 1757/2463/1742 1756/2457/1741 1748/2446/1733 1749/2453/1734
f 1761/2462/1746 1760/2464/1745 1752/2454/1737 1753/2452/1738
f 1676/2346/1661 1742/2443/1727 1750/2456/1735
f 1741/2359/1726 1749/2453/1734 1740/2445/1725
f 1759/2465/1744 1758/2466/1743 1750/2456/1735 1751/2455/1736
f 1764/2467/1749 1763/2468/1748 1755/2458/1740 1756/2457/1741
f 1763/2469/1748 1762/2461/1747 1754/2451/1739 1755/2459/1740
f 1760/2470/1745 1759/2465/1744 1751/2455/1736 1752/2471/1737
f 1770/2472/1755 1769/2475/1754 1761/2474/1746 1762/2473/1747
f 1765/2476/1750 1764/2467/1749 1756/2457/1741 1757/2463/1742
f 1769/2475/1754 1768/2478/1753 1760/2477/1745 1761/2474/1746
f 1741/2359/1726 1757/2463/1742 1749/2453/1734
f 1676/2346/1661 1750/2456/1735 1758/2466/1743
f 1767/2479/1752 1766/2480/1751 1758/2466/1743 1759/2465/1744
f 1771/2481/1756 1770/2472/1755 1762/2473/1747 1763/2482/1748
f 1768/2483/1753 1767/2479/1752 1759/2465/1744 1760/2470/1745
f 1778/2326/1763 1777/2323/1762 1769/2475/1754 1770/2472/1755
f 1772/2484/1757 1771/2485/1756 1763/2468/1748 1764/2467/1749
f 1777/2323/1762 1776/2486/1761 1768/2478/1753 1769/2475/1754
f 1741/2359/1726 1765/2476/1750 1757/2463/1742
f 1676/2346/1661 1758/2466/1743 1766/2480/1751
f 1775/2487/1760 1774/2488/1759 1766/2480/1751 1767/2479/1752
f 1773/2489/1758 1772/2484/1757 1764/2467/1749 1765/2476/1750
f 1776/2486/1761 1775/2491/1760 1767/2490/1752 1768/2478/1753
f 1741/2359/1726 1784/2320/1769 1781/2492/1766
f 1780/2493/1765 1779/2494/1764 1771/2485/1756 1772/2484/1757
f 1676/2346/1661 1766/2480/1751 1774/2488/1759
f 1741/2359/1726 1773/2489/1758 1765/2476/1750
f 1655/2338/1640 1782/2335/1767 1774/2488/1759 1775/2487/1760
f 1779/2495/1764 1778/2326/1763 1770/2472/1755 1771/2481/1756
f 1777/2323/1762 1657/2324/1642 1656/2496/1641 1776/2486/1761
f 1781/2492/1766 1780/2493/1765 1772/2484/1757 1773/2489/1758
f 1776/2486/1761 1656/2496/1641 1655/2497/1640 1775/2491/1760
f 1783/2321/1768 1659/2344/1644 1779/2494/1764 1780/2493/1765
f 1676/2346/1661 1774/2488/1759 1782/2335/1767
f 1779/2495/1764 1659/2329/1644 1658/2325/1643 1778/2326/1763
f 1741/2359/1726 1781/2492/1766 1773/2489/1758
f 1784/2320/1769 1783/2321/1768 1780/2493/1765 1781/2492/1766
f 1806/2498/1791 1912/2500/1897 1790/2499/1775
f 1671/2340/1656 1670/2351/1655 1662/2501/1647 1663/2349/1648
f 1799/2314/1784 1798/2502/1783 1790/2499/1775 1791/2313/1776
f 1669/2332/1654 1668/2333/1653 1660/2336/1645 1661/2337/1646
f 1804/2503/1789 1803/2506/1788 1795/2505/1780 1796/2504/1781
f 1657/2324/1642 1663/2328/1648 1662/2507/1647 1656/2496/1641
f 1680/2341/1665 1679/2350/1664 1670/2351/1655 1671/2340/1656
f 1741/2359/1726 1667/2319/1652 1784/2320/1769
f 1803/2506/1788 1802/2509/1787 1794/2508/1779 1795/2505/1780
f 1797/2510/1782 1796/2513/1781 1913/2512/1898 1914/2511/1899
f 1907/2514/1892 1908/2517/1893 1788/2516/1773 1787/2515/1772
f 1794/2508/1779 1793/2518/1778 1787/2515/1772 1788/2516/1773
f 1789/2519/1774 1795/2505/1780 1794/2508/1779 1788/2516/1773
f 1808/2520/1793 1807/2521/1792 1798/2502/1783 1799/2314/1784
f 1912/2500/1897 1785/2343/1770 1791/2313/1776 1790/2499/1775
f 1811/2522/1796 1810/2524/1795 1801/2523/1786 1802/2509/1787
f 1796/2504/1781 1795/2505/1780 1789/2519/1774 1913/2525/1898
f 1806/2498/1791 1790/2499/1775 1798/2502/1783
f 1805/2526/1790 1804/2527/1789 1796/2513/1781 1797/2510/1782
f 1802/2509/1787 1801/2523/1786 1793/2518/1778 1794/2508/1779
f 1670/2528/1655 1669/2332/1654 1661/2337/1646 1662/2529/1647
f 1809/2530/1794 1808/2520/1793 1799/2314/1784 1800/2311/1785
f 1819/2531/1804 1818/2534/1803 1810/2533/1795 1811/2532/1796
f 1813/2535/1798 1812/2537/1797 1803/2536/1788 1804/2527/1789
f 1806/2498/1791 1798/2502/1783 1807/2521/1792
f 1871/2538/1856 1805/2526/1790 1797/2510/1782
f 1816/2539/1801 1815/2540/1800 1807/2521/1792 1808/2520/1793
f 1812/2541/1797 1811/2522/1796 1802/2509/1787 1803/2506/1788
f 1818/2534/1803 1817/2543/1802 1809/2542/1794 1810/2533/1795
f 1814/2544/1799 1813/2535/1798 1804/2527/1789 1805/2526/1790
f 1817/2545/1802 1816/2539/1801 1808/2520/1793 1809/2530/1794
f 1827/2546/1812 1826/2547/1811 1818/2534/1803 1819/2531/1804
f 1821/2548/1806 1820/2549/1805 1812/2537/1797 1813/2535/1798
f 1806/2498/1791 1807/2521/1792 1815/2540/1800
f 1824/2550/1809 1823/2551/1808 1815/2540/1800 1816/2539/1801
f 1820/2552/1805 1819/2531/1804 1811/2532/1796 1812/2553/1797
f 1871/2538/1856 1814/2544/1799 1805/2526/1790
f 1822/2554/1807 1821/2548/1806 1813/2535/1798 1814/2544/1799
f 1826/2547/1811 1825/2555/1810 1817/2543/1802 1818/2534/1803
f 1828/2556/1813 1827/2546/1812 1819/2531/1804 1820/2552/1805
f 1825/2557/1810 1824/2550/1809 1816/2539/1801 1817/2545/1802
f 1835/2558/1820 1834/2559/1819 1826/2547/1811 1827/2546/1812
f 1829/2560/1814 1828/2556/1813 1820/2552/1805 1821/2561/1806
f 1832/2562/1817 1831/2563/1816 1823/2551/1808 1824/2550/1809
f 1871/2538/1856 1822/2554/1807 1814/2544/1799
f 1830/2564/1815 1829/2565/1814 1821/2548/1806 1822/2554/1807
f 1834/2559/1819 1833/2566/1818 1825/2555/1810 1826/2547/1811
f 1806/2498/1791 1815/2540/1800 1823/2551/1808
f 1836/2567/1821 1835/2558/1820 1827/2546/1812 1828/2556/1813
f 1833/2568/1818 1832/2562/1817 1824/2550/1809 1825/2557/1810
f 1843/2569/1828 1842/2570/1827 1834/2559/1819 1835/2558/1820
f 1871/2538/1856 1830/2564/1815 1822/2554/1807
f 1840/2571/1825 1839/2572/1824 1831/2563/1816 1832/2562/1817
f 1838/2573/1823 1837/2574/1822 1829/2565/1814 1830/2564/1815
f 1842/2570/1827 1841/2575/1826 1833/2566/1818 1834/2559/1819
f 1837/2576/1822 1836/2567/1821 1828/2556/1813 1829/2560/1814
f 1806/2498/1791 1823/2551/1808 1831/2563/1816
f 1841/2577/1826 1840/2571/1825 1832/2562/1817 1833/2568/1818
f 1851/2578/1836 1850/2581/1835 1842/2580/1827 1843/2579/1828
f 1844/2582/1829 1843/2569/1828 1835/2558/1820 1836/2567/1821
f 1871/2538/1856 1838/2573/1823 1830/2564/1815
f 1849/2583/1834 1848/2584/1833 1840/2571/1825 1841/2577/1826
f 1846/2585/1831 1845/2586/1830 1837/2574/1822 1838/2573/1823
f 1850/2581/1835 1849/2588/1834 1841/2587/1826 1842/2580/1827
f 1845/2586/1830 1844/2590/1829 1836/2589/1821 1837/2574/1822
f 1848/2584/1833 1847/2591/1832 1839/2572/1824 1840/2571/1825
f 1806/2498/1791 1831/2563/1816 1839/2572/1824
f 1859/2592/1844 1858/2593/1843 1850/2581/1835 1851/2578/1836
f 1853/2594/1838 1852/2595/1837 1844/2590/1829 1845/2586/1830
f 1852/2596/1837 1851/2578/1836 1843/2579/1828 1844/2597/1829
f 1857/2598/1842 1856/2599/1841 1848/2584/1833 1849/2583/1834
f 1854/2600/1839 1853/2594/1838 1845/2586/1830 1846/2585/1831
f 1858/2593/1843 1857/2601/1842 1849/2588/1834 1850/2581/1835
f 1856/2599/1841 1855/2602/1840 1847/2591/1832 1848/2584/1833
f 1806/2498/1791 1839/2572/1824 1847/2591/1832
f 1871/2538/1856 1846/2585/1831 1838/2573/1823
f 1867/2603/1852 1866/2604/1851 1858/2593/1843 1859/2592/1844
f 1861/2605/1846 1860/2607/1845 1852/2596/1837 1853/2606/1838
f 1860/2607/1845 1859/2592/1844 1851/2578/1836 1852/2596/1837
f 1864/2608/1849 1863/2609/1848 1855/2602/1840 1856/2599/1841
f 1862/2610/1847 1861/2611/1846 1853/2594/1838 1854/2600/1839
f 1866/2604/1851 1865/2612/1850 1857/2601/1842 1858/2593/1843
f 1806/2498/1791 1847/2591/1832 1855/2602/1840
f 1871/2538/1856 1854/2600/1839 1846/2585/1831
f 1876/2613/1861 1875/2614/1860 1866/2604/1851 1867/2603/1852
f 1869/2615/1854 1868/2616/1853 1860/2607/1845 1861/2605/1846
f 1868/2616/1853 1867/2603/1852 1859/2592/1844 1860/2607/1845
f 1865/2617/1850 1864/2608/1849 1856/2599/1841 1857/2598/1842
f 1873/2618/1858 1872/2619/1857 1863/2609/1848 1864/2608/1849
f 1875/2614/1860 1874/2620/1859 1865/2612/1850 1866/2604/1851
f 1806/2498/1791 1855/2602/1840 1863/2609/1848
f 1870/2621/1855 1869/2622/1854 1861/2611/1846 1862/2610/1847
f 1871/2538/1856 1862/2610/1847 1854/2600/1839
f 1878/2623/1863 1877/2625/1862 1868/2624/1853 1869/2622/1854
f 1877/2626/1862 1876/2613/1861 1867/2603/1852 1868/2616/1853
f 1874/2627/1859 1873/2618/1858 1864/2608/1849 1865/2617/1850
f 1884/2628/1869 1883/2631/1868 1875/2630/1860 1876/2629/1861
f 1879/2632/1864 1878/2623/1863 1869/2622/1854 1870/2621/1855
f 1806/2498/1791 1863/2609/1848 1872/2619/1857
f 1883/2631/1868 1882/2634/1867 1874/2633/1859 1875/2630/1860
f 1871/2538/1856 1870/2621/1855 1862/2610/1847
f 1881/2635/1866 1880/2636/1865 1872/2619/1857 1873/2618/1858
f 1886/2637/1871 1885/2638/1870 1877/2625/1862 1878/2623/1863
f 1885/2639/1870 1884/2628/1869 1876/2629/1861 1877/2640/1862
f 1882/2641/1867 1881/2635/1866 1873/2618/1858 1874/2627/1859
f 1892/2642/1877 1891/2643/1876 1883/2631/1868 1884/2628/1869
f 1887/2644/1872 1886/2637/1871 1878/2623/1863 1879/2632/1864
f 1891/2643/1876 1890/2645/1875 1882/2634/1867 1883/2631/1868
f 1806/2498/1791 1872/2619/1857 1880/2636/1865
f 1871/2538/1856 1879/2632/1864 1870/2621/1855
f 1889/2646/1874 1888/2647/1873 1880/2636/1865 1881/2635/1866
f 1894/2648/1879 1893/2650/1878 1885/2639/1870 1886/2649/1871
f 1893/2650/1878 1892/2642/1877 1884/2628/1869 1885/2639/1870
f 1890/2651/1875 1889/2646/1874 1881/2635/1866 1882/2641/1867
f 1900/2652/1885 1899/2653/1884 1891/2643/1876 1892/2642/1877
f 1895/2654/1880 1894/2655/1879 1886/2637/1871 1887/2644/1872
f 1899/2653/1884 1898/2656/1883 1890/2645/1875 1891/2643/1876
f 1871/2538/1856 1887/2644/1872 1879/2632/1864
f 1806/2498/1791 1880/2636/1865 1888/2647/1873
f 1897/2657/1882 1896/2658/1881 1888/2647/1873 1889/2646/1874
f 1901/2659/1886 1900/2652/1885 1892/2642/1877 1893/2650/1878
f 1898/2660/1883 1897/2657/1882 1889/2646/1874 1890/2651/1875
f 1908/2661/1893 1907/2662/1892 1899/2653/1884 1900/2652/1885
f 1902/2663/1887 1901/2659/1886 1893/2650/1878 1894/2648/1879
f 1907/2662/1892 1906/2664/1891 1898/2656/1883 1899/2653/1884
f 1871/2538/1856 1895/2654/1880 1887/2644/1872
f 1806/2498/1791 1888/2647/1873 1896/2658/1881
f 1905/2665/1890 1904/2666/1889 1896/2658/1881 1897/2657/1882
f 1903/2667/1888 1902/2668/1887 1894/2655/1879 1895/2654/1880
f 1906/2669/1891 1905/2665/1890 1897/2657/1882 1898/2660/1883
f 1871/2538/1856 1914/2511/1899 1911/2670/1896
f 1910/2671/1895 1909/2673/1894 1901/2672/1886 1902/2668/1887
f 1806/2498/1791 1896/2658/1881 1904/2666/1889
f 1871/2538/1856 1903/2667/1888 1895/2654/1880
f 1785/2343/1770 1912/2500/1897 1904/2666/1889 1905/2665/1890
f 1909/2674/1894 1908/2661/1893 1900/2652/1885 1901/2659/1886
f 1907/2514/1892 1787/2515/1772 1786/2676/1771 1906/2675/1891
f 1911/2670/1896 1910/2671/1895 1902/2668/1887 1903/2667/1888
f 1906/2669/1891 1786/2342/1771 1785/2343/1770 1905/2665/1890
f 1913/2512/1898 1789/2677/1774 1909/2673/1894 1910/2671/1895
f 1806/2498/1791 1904/2666/1889 1912/2500/1897
f 1909/2678/1894 1789/2519/1774 1788/2516/1773 1908/2517/1893
f 1871/2538/1856 1911/2670/1896 1903/2667/1888
f 1914/2511/1899 1913/2512/1898 1910/2671/1895 1911/2670/1896
f 1801/2523/1786 1800/2680/1785 1792/2679/1777 1793/2518/1778
f 1787/2515/1772 1793/2518/1778 1792/2679/1777 1786/2676/1771
f 1810/2524/1795 1809/2681/1794 1800/2680/1785 1801/2523/1786
f 1871/2538/1856 1797/2510/1782 1914/2511/1899
f 2107/2682/1996 2076/2685/1965 1915/2684/1900 1946/2683/1931
f 2078/2686/1967 2079/2689/1968 1918/2688/1903 1917/2687/1902
f 2079/2689/1968 2080/2691/1969 1919/2690/1904 1918/2688/1903
f 2080/2691/1969 2081/2693/1970 1920/2692/1905 1919/2690/1904
f 2081/2693/1970 2082/2695/1971 1921/2694/1906 1920/2692/1905
f 2082/2695/1971 2083/2697/1972 1922/2696/1907 1921/2694/1906
f 2083/2697/1972 2084/2699/1973 1923/2698/1908 1922/2696/1907
f 2084/2699/1973 2085/2701/1974 1924/2700/1909 1923/2698/1908
f 2085/2701/1974 2086/2703/1975 1925/2702/1910 1924/2700/1909
f 2086/2704/1975 2087/2707/1976 1926/2706/1911 1925/2705/1910
f 2087/2707/1976 2088/2709/1977 1927/2708/1912 1926/2706/1911
f 2088/2709/1977 2089/2711/1978 1928/2710/1913 1927/2708/1912
f 2089/2711/1978 2090/2713/1979 1929/2712/1914 1928/2710/1913
f 2090/2713/1979 2091/2715/1980 1930/2714/1915 1929/2712/1914
f 2091/2715/1980 2092/2717/1981 1931/2716/1916 1930/2714/1915
f 2092/2717/1981 2093/2719/1982 1932/2718/1917 1931/2716/1916
f 2093/2719/1982 2094/2721/1983 1933/2720/1918 1932/2718/1917
f 2094/2722/1983 2095/2725/1984 1934/2724/1919 1933/2723/1918
f 2095/2725/1984 2096/2727/1985 1935/2726/1920 1934/2724/1919
f 2096/2727/1985 2097/2729/1986 1936/2728/1921 1935/2726/1920
f 2097/2729/1986 2098/2731/1987 1937/2730/1922 1936/2728/1921
f 2098/2731/1987 2099/2733/1988 1938/2732/1923 1937/2730/1922
f 2099/2733/1988 2100/2735/1989 1939/2734/1924 1938/2732/1923
f 2100/2735/1989 2101/2737/1990 1940/2736/1925 1939/2734/1924
f 2101/2737/1990 2102/2739/1991 1941/2738/1926 1940/2736/1925
f 2102/2740/1991 2103/2743/1992 1942/2742/1927 1941/2741/1926
f 2103/2743/1992 2104/2745/1993 1943/2744/1928 1942/2742/1927
f 2104/2745/1993 2105/2747/1994 1944/2746/1929 1943/2744/1928
f 2105/2747/1994 2106/2749/1995 1945/2748/1930 1944/2746/1929
f 2106/2749/1995 2107/2682/1996 1946/2683/1931 1945/2748/1930
f 1922/2696/1907 1954/2751/1907 1953/2750/1906 1921/2694/1906
f 2077/2752/1966 2078/2755/1967 1917/2754/1902 1916/2753/1901
f 2076/2685/1965 2077/2752/1966 1916/2753/1901 1915/2684/1900
f 1961/2756/1914 1993/2759/1914 1992/2758/1913 1960/2757/1913
f 1931/2716/1916 1963/2761/1916 1962/2760/1915 1930/2714/1915
f 1940/2736/1925 1972/2763/1925 1971/2762/1924 1939/2734/1924
f 1918/2688/1903 1950/2765/1903 1949/2764/1902 1917/2687/1902
f 1927/2708/1912 1959/2767/1912 1958/2766/1911 1926/2706/1911
f 1936/2728/1921 1968/2769/1921 1967/2768/1920 1935/2726/1920
f 1945/2748/1930 1977/2771/1930 1976/2770/1929 1944/2746/1929
f 1923/2698/1908 1955/2772/1908 1954/2751/1907 1922/2696/1907
f 1932/2718/1917 1964/2773/1917 1963/2761/1916 1931/2716/1916
f 1941/2738/1926 1973/2774/1926 1972/2763/1925 1940/2736/1925
f 1919/2690/1904 1951/2775/1904 1950/2765/1903 1918/2688/1903
f 1928/2710/1913 1960/2757/1913 1959/2767/1912 1927/2708/1912
f 1937/2730/1922 1969/2776/1922 1968/2769/1921 1936/2728/1921
f 1946/2683/1931 1978/2777/1931 1977/2771/1930 1945/2748/1930
f 1924/2700/1909 1956/2778/1909 1955/2772/1908 1923/2698/1908
f 1933/2720/1918 1965/2779/1918 1964/2773/1917 1932/2718/1917
f 1942/2742/1927 1974/2781/1927 1973/2780/1926 1941/2741/1926
f 1920/2692/1905 1952/2782/1905 1951/2775/1904 1919/2690/1904
f 1929/2712/1914 1961/2756/1914 1960/2757/1913 1928/2710/1913
f 1938/2732/1923 1970/2783/1923 1969/2776/1922 1937/2730/1922
f 1916/2753/1901 1948/2785/1901 1947/2784/1900 1915/2684/1900
f 1915/2684/1900 1947/2784/1900 1978/2777/1931 1946/2683/1931
f 1925/2702/1910 1957/2786/1910 1956/2778/1909 1924/2700/1909
f 1934/2724/1919 1966/2788/1919 1965/2787/1918 1933/2723/1918
f 1943/2744/1928 1975/2789/1928 1974/2781/1927 1942/2742/1927
f 1921/2694/1906 1953/2750/1906 1952/2782/1905 1920/2692/1905
f 1930/2714/1915 1962/2760/1915 1961/2756/1914 1929/2712/1914
f 1939/2734/1924 1971/2762/1924 1970/2783/1923 1938/2732/1923
f 1917/2754/1902 1949/2790/1902 1948/2785/1901 1916/2753/1901
f 1926/2706/1911 1958/2766/1911 1957/2791/1910 1925/2705/1910
f 1935/2726/1920 1967/2768/1920 1966/2788/1919 1934/2724/1919
f 1944/2746/1929 1976/2770/1929 1975/2789/1928 1943/2744/1928
f 1996/2792/1917 2028/2795/1917 2027/2794/1916 1995/2793/1916
f 1948/2785/1901 1980/2797/1901 1979/2796/1900 1947/2784/1900
f 1975/2789/1928 2007/2799/1928 2006/2798/1927 1974/2781/1927
f 1962/2760/1915 1994/2800/1915 1993/2759/1914 1961/2756/1914
f 1949/2790/1902 1981/2801/1902 1980/2797/1901 1948/2785/1901
f 1976/2770/1929 2008/2802/1929 2007/2799/1928 1975/2789/1928
f 1963/2761/1916 1995/2793/1916 1994/2800/1915 1962/2760/1915
f 1950/2765/1903 1982/2804/1903 1981/2803/1902 1949/2764/1902
f 1977/2771/1930 2009/2805/1930 2008/2802/1929 1976/2770/1929
f 1964/2773/1917 1996/2792/1917 1995/2793/1916 1963/2761/1916
f 1951/2775/1904 1983/2806/1904 1982/2804/1903 1950/2765/1903
f 1978/2777/1931 2010/2807/1931 2009/2805/1930 1977/2771/1930
f 1965/2779/1918 1997/2808/1918 1996/2792/1917 1964/2773/1917
f 1952/2782/1905 1984/2809/1905 1983/2806/1904 1951/2775/1904
f 1947/2784/1900 1979/2796/1900 2010/2807/1931 1978/2777/1931
f 1966/2788/1919 1998/2811/1919 1997/2810/1918 1965/2787/1918
f 1953/2750/1906 1985/2812/1906 1984/2809/1905 1952/2782/1905
f 1967/2768/1920 1999/2813/1920 1998/2811/1919 1966/2788/1919
f 1954/2751/1907 1986/2814/1907 1985/2812/1906 1953/2750/1906
f 1968/2769/1921 2000/2815/1921 1999/2813/1920 1967/2768/1920
f 1955/2772/1908 1987/2816/1908 1986/2814/1907 1954/2751/1907
f 1969/2776/1922 2001/2817/1922 2000/2815/1921 1968/2769/1921
f 1956/2778/1909 1988/2818/1909 1987/2816/1908 1955/2772/1908
f 1970/2783/1923 2002/2819/1923 2001/2817/1922 1969/2776/1922
f 1957/2786/1910 1989/2820/1910 1988/2818/1909 1956/2778/1909
f 1971/2762/1924 2003/2821/1924 2002/2819/1923 1970/2783/1923
f 1958/2766/1911 1990/2823/1911 1989/2822/1910 1957/2791/1910
f 1972/2763/1925 2004/2824/1925 2003/2821/1924 1971/2762/1924
f 1959/2767/1912 1991/2825/1912 1990/2823/1911 1958/2766/1911
f 1973/2774/1926 2005/2826/1926 2004/2824/1925 1972/2763/1925
f 1960/2757/1913 1992/2758/1913 1991/2825/1912 1959/2767/1912
f 1974/2781/1927 2006/2798/1927 2005/2827/1926 1973/2780/1926
f 2031/2828/1920 2063/2831/1952 2062/2830/1951 2030/2829/1919
f 1983/2806/1904 2015/2833/1904 2014/2832/1903 1982/2804/1903
f 2010/2807/1931 2042/2835/1931 2041/2834/1930 2009/2805/1930
f 1997/2808/1918 2029/2836/1918 2028/2795/1917 1996/2792/1917
f 1984/2809/1905 2016/2837/1905 2015/2833/1904 1983/2806/1904
f 1979/2796/1900 2011/2838/1900 2042/2835/1931 2010/2807/1931
f 1998/2811/1919 2030/2829/1919 2029/2839/1918 1997/2810/1918
f 1985/2812/1906 2017/2840/1906 2016/2837/1905 1984/2809/1905
f 1999/2813/1920 2031/2828/1920 2030/2829/1919 1998/2811/1919
f 1986/2814/1907 2018/2841/1907 2017/2840/1906 1985/2812/1906
f 2000/2815/1921 2032/2842/1921 2031/2828/1920 1999/2813/1920
f 1987/2816/1908 2019/2843/1908 2018/2841/1907 1986/2814/1907
f 2001/2817/1922 2033/2844/1922 2032/2842/1921 2000/2815/1921
f 1988/2818/1909 2020/2845/1909 2019/2843/1908 1987/2816/1908
f 2002/2819/1923 2034/2846/1923 2033/2844/1922 2001/2817/1922
f 1989/2820/1910 2021/2847/1910 2020/2845/1909 1988/2818/1909
f 2003/2821/1924 2035/2848/1924 2034/2846/1923 2002/2819/1923
f 1990/2823/1911 2022/2850/1911 2021/2849/1910 1989/2822/1910
f 2004/2824/1925 2036/2851/1925 2035/2848/1924 2003/2821/1924
f 1991/2825/1912 2023/2852/1912 2022/2850/1911 1990/2823/1911
f 2005/2826/1926 2037/2853/1926 2036/2851/1925 2004/2824/1925
f 1992/2758/1913 2024/2854/1913 2023/2852/1912 1991/2825/1912
f 2006/2798/1927 2038/2856/1927 2037/2855/1926 2005/2827/1926
f 1993/2759/1914 2025/2857/1914 2024/2854/1913 1992/2758/1913
f 1980/2797/1901 2012/2858/1901 2011/2838/1900 1979/2796/1900
f 2007/2799/1928 2039/2859/1928 2038/2856/1927 2006/2798/1927
f 1994/2800/1915 2026/2860/1915 2025/2857/1914 1993/2759/1914
f 1981/2801/1902 2013/2861/1902 2012/2858/1901 1980/2797/1901
f 2008/2802/1929 2040/2862/1929 2039/2859/1928 2007/2799/1928
f 1995/2793/1916 2027/2794/1916 2026/2860/1915 1994/2800/1915
f 1982/2804/1903 2014/2832/1903 2013/2863/1902 1981/2803/1902
f 2009/2805/1930 2041/2834/1930 2040/2862/1929 2008/2802/1929
f 2044/2864/1933 2045/2895/1934 2046/2894/1935 2047/2893/1936 2048/2892/1937 2049/2891/1938 2050/2890/1939 2051/2889/1940 2052/2888/1941 2053/2887/1942 2054/2886/1943 2055/2885/1944 2056/2884/1945 2057/2883/1946 2058/2882/1947 2059/2881/1948 2060/2880/1949 2061/2879/1950 2062/2878/1951 2063/2877/1952 2064/2876/1953 2065/2875/1954 2066/2874/1955 2067/2873/1956 2068/2872/1957 2069/2871/1958 2070/2870/1959 2071/2869/1960 2072/2868/1961 2073/2867/1962 2074/2866/1963 2043/2865/1932
f 2018/2841/1907 2050/2897/1939 2049/2896/1938 2017/2840/1906
f 2032/2842/1921 2064/2898/1953 2063/2831/1952 2031/2828/1920
f 2019/2843/1908 2051/2899/1940 2050/2897/1939 2018/2841/1907
f 2033/2844/1922 2065/2900/1954 2064/2898/1953 2032/2842/1921
f 2020/2845/1909 2052/2901/1941 2051/2899/1940 2019/2843/1908
f 2034/2846/1923 2066/2902/1955 2065/2900/1954 2033/2844/1922
f 2021/2847/1910 2053/2903/1942 2052/2901/1941 2020/2845/1909
f 2035/2848/1924 2067/2904/1956 2066/2902/1955 2034/2846/1923
f 2022/2850/1911 2054/2906/1943 2053/2905/1942 2021/2849/1910
f 2036/2851/1925 2068/2907/1957 2067/2904/1956 2035/2848/1924
f 2023/2852/1912 2055/2908/1944 2054/2906/1943 2022/2850/1911
f 2037/2853/1926 2069/2909/1958 2068/2907/1957 2036/2851/1925
f 2024/2854/1913 2056/2910/1945 2055/2908/1944 2023/2852/1912
f 2038/2856/1927 2070/2912/1959 2069/2911/1958 2037/2855/1926
f 2025/2857/1914 2057/2913/1946 2056/2910/1945 2024/2854/1913
f 2012/2858/1901 2044/2915/1933 2043/2914/1932 2011/2838/1900
f 2039/2859/1928 2071/2916/1960 2070/2912/1959 2038/2856/1927
f 2026/2860/1915 2058/2917/1947 2057/2913/1946 2025/2857/1914
f 2013/2861/1902 2045/2918/1934 2044/2915/1933 2012/2858/1901
f 2040/2862/1929 2072/2919/1961 2071/2916/1960 2039/2859/1928
f 2027/2794/1916 2059/2920/1948 2058/2917/1947 2026/2860/1915
f 2014/2832/1903 2046/2922/1935 2045/2921/1934 2013/2863/1902
f 2041/2834/1930 2073/2923/1962 2072/2919/1961 2040/2862/1929
f 2028/2795/1917 2060/2924/1949 2059/2920/1948 2027/2794/1916
f 2015/2833/1904 2047/2925/1936 2046/2922/1935 2014/2832/1903
f 2042/2835/1931 2074/2926/1963 2073/2923/1962 2041/2834/1930
f 2029/2836/1918 2061/2927/1950 2060/2924/1949 2028/2795/1917
f 2016/2837/1905 2048/2928/1937 2047/2925/1936 2015/2833/1904
f 2011/2838/1900 2043/2914/1932 2074/2926/1963 2042/2835/1931
f 2030/2829/1919 2062/2830/1951 2061/2929/1950 2029/2839/1918
f 2017/2840/1906 2049/2896/1938 2048/2928/1937 2016/2837/1905
f 2140/2930/2029 2075/2932/1964 2142/2931/2031
f 2078/2933/1967 2113/2936/2002 2115/2935/2004 2079/2934/1968
f 2079/2934/1968 2115/2935/2004 2117/2938/2006 2080/2937/1969
f 2080/2937/1969 2117/2938/2006 2119/2940/2008 2081/2939/1970
f 2081/2939/1970 2119/2940/2008 2121/2942/2010 2082/2941/1971
f 2082/2941/1971 2121/2942/2010 2123/2944/2012 2083/2943/1972
f 2083/2943/1972 2123/2944/2012 2125/2946/2014 2084/2945/1973
f 2084/2945/1973 2125/2946/2014 2127/2948/2016 2085/2947/1974
f 2085/2947/1974 2127/2948/2016 2129/2950/2018 2086/2949/1975
f 2086/2949/1975 2129/2950/2018 2131/2952/2020 2087/2951/1976
f 2087/2951/1976 2131/2952/2020 2133/2954/2022 2088/2953/1977
f 2088/2953/1977 2133/2954/2022 2135/2956/2024 2089/2955/1978
f 2089/2955/1978 2135/2956/2024 2137/2958/2026 2090/2957/1979
f 2090/2957/1979 2137/2958/2026 2139/2960/2028 2091/2959/1980
f 2091/2959/1980 2139/2960/2028 2141/2962/2030 2092/2961/1981
f 2092/2961/1981 2141/2962/2030 2143/2964/2032 2093/2963/1982
f 2093/2963/1982 2143/2964/2032 2145/2966/2034 2094/2965/1983
f 2094/2965/1983 2145/2966/2034 2147/2968/2036 2095/2967/1984
f 2095/2967/1984 2147/2968/2036 2149/2970/2038 2096/2969/1985
f 2096/2969/1985 2149/2970/2038 2151/2972/2040 2097/2971/1986
f 2097/2971/1986 2151/2972/2040 2153/2974/2042 2098/2973/1987
f 2098/2973/1987 2153/2974/2042 2155/2976/2044 2099/2975/1988
f 2099/2975/1988 2155/2976/2044 2157/2978/2046 2100/2977/1989
f 2100/2977/1989 2157/2978/2046 2159/2980/2048 2101/2979/1990
f 2101/2979/1990 2159/2980/2048 2161/2982/2050 2102/2981/1991
f 2102/2981/1991 2161/2982/2050 2163/2984/2052 2103/2983/1992
f 2103/2983/1992 2163/2984/2052 2165/2986/2054 2104/2985/1993
f 2104/2985/1993 2165/2986/2054 2167/2988/2056 2105/2987/1994
f 2105/2987/1994 2167/2988/2056 2169/2990/2058 2106/2989/1995
f 2106/2989/1995 2169/2990/2058 2171/2992/2060 2107/2991/1996
f 2076/2993/1965 2109/2996/1998 2111/2995/2000 2077/2994/1966
f 2077/2994/1966 2111/2995/2000 2113/2936/2002 2078/2933/1967
f 2110/2997/1999 2111/2995/2000 2109/2996/1998 2108/2998/1997
f 2112/2999/2001 2113/2936/2002 2111/2995/2000 2110/2997/1999
f 2114/3000/2003 2115/2935/2004 2113/2936/2002 2112/2999/2001
f 2116/3001/2005 2117/2938/2006 2115/2935/2004 2114/3000/2003
f 2118/3002/2007 2119/2940/2008 2117/2938/2006 2116/3001/2005
f 2120/3003/2009 2121/2942/2010 2119/2940/2008 2118/3002/2007
f 2122/3004/2011 2123/2944/2012 2121/2942/2010 2120/3003/2009
f 2124/3005/2013 2125/2946/2014 2123/2944/2012 2122/3004/2011
f 2126/3006/2015 2127/2948/2016 2125/2946/2014 2124/3005/2013
f 2128/3007/2017 2129/2950/2018 2127/2948/2016 2126/3006/2015
f 2130/3008/2019 2131/2952/2020 2129/2950/2018 2128/3007/2017
f 2132/3009/2021 2133/2954/2022 2131/2952/2020 2130/3008/2019
f 2134/3010/2023 2135/2956/2024 2133/2954/2022 2132/3009/2021
f 2136/3011/2025 2137/2958/2026 2135/2956/2024 2134/3010/2023
f 2138/3012/2027 2139/2960/2028 2137/2958/2026 2136/3011/2025
f 2140/2930/2029 2141/2962/2030 2139/2960/2028 2138/3012/2027
f 2142/2931/2031 2143/2964/2032 2141/2962/2030 2140/2930/2029
f 2144/3013/2033 2145/2966/2034 2143/2964/2032 2142/2931/2031
f 2146/3014/2035 2147/2968/2036 2145/2966/2034 2144/3013/2033
f 2148/3015/2037 2149/2970/2038 2147/2968/2036 2146/3014/2035
f 2150/3016/2039 2151/2972/2040 2149/2970/2038 2148/3015/2037
f 2152/3017/2041 2153/2974/2042 2151/2972/2040 2150/3016/2039
f 2154/3018/2043 2155/2976/2044 2153/2974/2042 2152/3017/2041
f 2156/3019/2045 2157/2978/2046 2155/2976/2044 2154/3018/2043
f 2158/3020/2047 2159/2980/2048 2157/2978/2046 2156/3019/2045
f 2160/3021/2049 2161/2982/2050 2159/2980/2048 2158/3020/2047
f 2162/3022/2051 2163/2984/2052 2161/2982/2050 2160/3021/2049
f 2164/3023/2053 2165/2986/2054 2163/2984/2052 2162/3022/2051
f 2166/3024/2055 2167/2988/2056 2165/2986/2054 2164/3023/2053
f 2168/3025/2057 2169/2990/2058 2167/2988/2056 2166/3024/2055
f 2170/3026/2059 2171/2992/2060 2169/2990/2058 2168/3025/2057
f 2108/2998/1997 2109/2996/1998 2171/2992/2060 2170/3026/2059
f 2107/2991/1996 2171/2992/2060 2109/2996/1998 2076/2993/1965
f 2158/3020/2047 2075/2932/1964 2160/3021/2049
f 2114/3000/2003 2075/2932/1964 2116/3001/2005
f 2132/3009/2021 2075/2932/1964 2134/3010/2023
f 2150/3016/2039 2075/2932/1964 2152/3017/2041
f 2168/3025/2057 2075/2932/1964 2170/3026/2059
f 2124/3005/2013 2075/2932/1964 2126/3006/2015
f 2142/2931/2031 2075/2932/1964 2144/3013/2033
f 2160/3021/2049 2075/2932/1964 2162/3022/2051
f 2170/3026/2059 2075/2932/1964 2108/2998/1997
f 2116/3001/2005 2075/2932/1964 2118/3002/2007
f 2134/3010/2023 2075/2932/1964 2136/3011/2025
f 2152/3017/2041 2075/2932/1964 2154/3018/2043
f 2108/2998/1997 2075/2932/1964 2110/2997/1999
f 2126/3006/2015 2075/2932/1964 2128/3007/2017
f 2144/3013/2033 2075/2932/1964 2146/3014/2035
f 2162/3022/2051 2075/2932/1964 2164/3023/2053
f 2118/3002/2007 2075/2932/1964 2120/3003/2009
f 2136/3011/2025 2075/2932/1964 2138/3012/2027
f 2154/3018/2043 2075/2932/1964 2156/3019/2045
f 2110/2997/1999 2075/2932/1964 2112/2999/2001
f 2128/3007/2017 2075/2932/1964 2130/3008/2019
f 2146/3014/2035 2075/2932/1964 2148/3015/2037
f 2164/3023/2053 2075/2932/1964 2166/3024/2055
f 2120/3003/2009 2075/2932/1964 2122/3004/2011
f 2138/3012/2027 2075/2932/1964 2140/2930/2029
f 2156/3019/2045 2075/2932/1964 2158/3020/2047
f 2112/2999/2001 2075/2932/1964 2114/3000/2003
f 2130/3008/2019 2075/2932/1964 2132/3009/2021
f 2148/3015/2037 2075/2932/1964 2150/3016/2039
f 2166/3024/2055 2075/2932/1964 2168/3025/2057
f 2122/3004/2011 2075/2932/1964 2124/3005/2013
f 1676/2346/1661 1782/2335/1767 1660/2336/1645
f 1674/2348/1659 1673/2357/1658 1665/2345/1650 1666/2322/1651
f 1656/3027/1641 1662/2529/1647 1661/2337/1646 1655/2338/1640
f 2179/1/2068 2173/2/2062 2174/3/2063
f 2177/4/2066 2173/5/2062 2176/6/2065
f 2180/7/2069 2173/8/2062 2175/9/2064
f 2178/10/2067 2173/11/2062 2172/12/2061
f 2179/1/2068 2174/3/2063 2183/13/2072 2188/14/2077
f 2172/15/2061 2179/1/2068 2188/14/2077 2182/16/2071
f 2175/17/2064 2173/11/2062 2178/10/2067
f 2174/18/2063 2173/5/2062 2177/4/2066
f 2180/7/2069 2175/9/2064 2184/19/2073 2189/20/2078
f 2174/18/2063 2177/4/2066 2186/21/2075 2183/22/2072
f 2176/23/2065 2173/8/2062 2180/7/2069
f 2172/15/2061 2173/2/2062 2179/1/2068
f 2189/20/2078 2184/19/2073 2192/24/2081 2197/25/2086
f 2183/22/2072 2186/21/2075 2194/26/2083 2191/27/2080
f 2184/28/2073 2187/29/2076 2195/30/2084 2192/31/2081
f 2187/29/2076 2182/32/2071 2181/33/2070 2195/30/2084
f 2176/23/2065 2180/7/2069 2189/20/2078 2185/34/2074
f 2178/10/2067 2172/12/2061 2182/32/2071 2187/29/2076
f 2177/4/2066 2176/6/2065 2185/35/2074 2186/21/2075
f 2175/17/2064 2178/10/2067 2187/29/2076 2184/28/2073
f 2192/31/2081 2195/30/2084 2203/36/2092 2200/37/2089
f 2195/30/2084 2181/33/2070 2190/38/2079 2203/36/2092
f 2196/39/2085 2191/40/2080 2199/41/2088 2204/42/2093
f 2181/43/2070 2196/39/2085 2204/42/2093 2190/44/2079
f 2186/21/2075 2185/35/2074 2193/45/2082 2194/26/2083
f 2185/34/2074 2189/20/2078 2197/25/2086 2193/46/2082
f 2182/16/2071 2188/14/2077 2196/39/2085 2181/43/2070
f 2188/14/2077 2183/13/2072 2191/40/2080 2196/39/2085
f 2204/42/2093 2199/41/2088 2207/47/2096 2212/48/2101
f 2190/44/2079 2204/42/2093 2212/48/2101 2198/49/2087
f 2201/50/2090 2205/51/2094 2213/52/2102 2209/53/2098
f 2202/54/2091 2201/55/2090 2209/56/2098 2210/57/2099
f 2191/27/2080 2194/26/2083 2202/54/2091 2199/58/2088
f 2197/25/2086 2192/24/2081 2200/59/2089 2205/51/2094
f 2194/26/2083 2193/45/2082 2201/55/2090 2202/54/2091
f 2193/46/2082 2197/25/2086 2205/51/2094 2201/50/2090
f 2209/53/2098 2213/52/2102 2221/60/2110 2217/61/2106
f 2210/57/2099 2209/56/2098 2217/62/2106 2218/63/2107
f 2213/52/2102 2208/64/2097 2216/65/2105 2221/60/2110
f 2207/66/2096 2210/57/2099 2218/63/2107 2215/67/2104
f 2203/36/2092 2190/38/2079 2198/68/2087 2211/69/2100
f 2200/37/2089 2203/36/2092 2211/69/2100 2208/70/2097
f 2199/58/2088 2202/54/2091 2210/57/2099 2207/66/2096
f 2205/51/2094 2200/59/2089 2208/64/2097 2213/52/2102
f 2215/67/2104 2218/63/2107 2226/71/2115 2223/72/2112
f 2216/73/2105 2219/74/2108 2227/75/2116 2224/76/2113
f 2219/74/2108 2206/77/2095 2214/78/2103 2227/75/2116
f 2220/79/2109 2215/67/2104 2223/72/2112 2228/80/2117
f 2198/49/2087 2212/48/2101 2220/81/2109 2206/82/2095
f 2212/48/2101 2207/47/2096 2215/83/2104 2220/81/2109
f 2211/69/2100 2198/68/2087 2206/77/2095 2219/74/2108
f 2208/70/2097 2211/69/2100 2219/74/2108 2216/73/2105
f 2227/75/2116 2214/78/2103 2222/84/2111 2235/85/2124
f 2228/86/2117 2223/87/2112 2231/88/2120 2236/89/2125
f 2214/90/2103 2228/86/2117 2236/89/2125 2222/91/2111
f 2225/92/2114 2229/93/2118 2237/94/2126 2233/95/2122
f 2221/60/2110 2216/65/2105 2224/96/2113 2229/97/2118
f 2218/63/2107 2217/62/2106 2225/98/2114 2226/71/2115
f 2217/61/2106 2221/60/2110 2229/97/2118 2225/99/2114
f 2206/82/2095 2220/81/2109 2228/100/2117 2214/101/2103
f 2222/91/2111 2236/89/2125 2244/102/2133 2230/103/2119
f 2233/95/2122 2237/94/2126 2245/104/2134 2241/105/2130
f 2234/106/2123 2233/107/2122 2241/108/2130 2242/109/2131
f 2237/94/2126 2232/110/2121 2240/111/2129 2245/104/2134
f 2224/76/2113 2227/75/2116 2235/85/2124 2232/112/2121
f 2223/72/2112 2226/71/2115 2234/106/2123 2231/113/2120
f 2229/93/2118 2224/114/2113 2232/110/2121 2237/94/2126
f 2226/71/2115 2225/98/2114 2233/107/2122 2234/106/2123
f 2242/109/2131 2241/108/2130 2249/115/2138 2250/116/2139
f 2245/104/2134 2240/111/2129 2248/117/2137 2253/118/2142
f 2239/119/2128 2242/109/2131 2250/116/2139 2247/120/2136
f 2240/121/2129 2243/122/2132 2251/123/2140 2248/124/2137
f 2236/89/2125 2231/88/2120 2239/125/2128 2244/102/2133
f 2235/85/2124 2222/84/2111 2230/126/2119 2243/122/2132
f 2232/112/2121 2235/85/2124 2243/122/2132 2240/121/2129
f 2231/113/2120 2234/106/2123 2242/109/2131 2239/119/2128
f 2247/120/2136 2250/116/2139 2258/127/2147 2255/128/2144
f 2248/124/2137 2251/123/2140 2259/129/2148 2256/130/2145
f 2251/123/2140 2238/131/2127 2246/132/2135 2259/129/2148
f 2252/133/2141 2247/134/2136 2255/135/2144 2260/136/2149
f 2241/105/2130 2245/104/2134 2253/118/2142 2249/137/2138
f 2230/103/2119 2244/102/2133 2252/133/2141 2238/138/2127
f 2244/102/2133 2239/125/2128 2247/134/2136 2252/133/2141
f 2243/122/2132 2230/126/2119 2238/131/2127 2251/123/2140
f 2260/139/2149 2255/140/2144 2263/141/2152 2268/142/2157
f 2246/143/2135 2260/139/2149 2268/142/2157 2254/144/2143
f 2257/145/2146 2261/146/2150 2269/147/2158 2265/148/2154
f 2258/127/2147 2257/149/2146 2265/150/2154 2266/151/2155
f 2253/118/2142 2248/117/2137 2256/152/2145 2261/153/2150
f 2250/116/2139 2249/115/2138 2257/149/2146 2258/127/2147
f 2249/137/2138 2253/118/2142 2261/153/2150 2257/154/2146
f 2238/138/2127 2252/133/2141 2260/136/2149 2246/155/2135
f 2254/144/2143 2268/142/2157 2276/156/2165 2262/157/2151
f 2265/148/2154 2269/147/2158 2277/158/2166 2273/159/2162
f 2266/151/2155 2265/150/2154 2273/160/2162 2274/161/2163
f 2269/147/2158 2264/162/2153 2272/163/2161 2277/158/2166
f 2259/129/2148 2246/132/2135 2254/164/2143 2267/165/2156
f 2256/130/2145 2259/129/2148 2267/165/2156 2264/166/2153
f 2255/128/2144 2258/127/2147 2266/151/2155 2263/167/2152
f 2261/146/2150 2256/168/2145 2264/162/2153 2269/147/2158
f 2277/158/2166 2272/163/2161 2279/169/2168 2284/170/2173
f 2271/171/2160 2274/161/2163 2281/172/2170 2278/173/2167
f 2272/174/2161 2275/175/2164 2282/176/2171 2279/177/2168
f 2275/175/2164 2262/178/2151 2270/179/2159 2282/176/2171
f 2268/142/2157 2263/141/2152 2271/180/2160 2276/156/2165
f 2267/165/2156 2254/164/2143 2262/178/2151 2275/175/2164
f 2264/166/2153 2267/165/2156 2275/175/2164 2272/174/2161
f 2263/167/2152 2266/151/2155 2274/161/2163 2271/171/2160
f 2270/181/2159 2283/182/2172 2285/183/2174
f 2280/184/2169 2284/170/2173 2285/185/2174
f 2281/172/2170 2280/186/2169 2285/187/2174
f 2284/170/2173 2279/169/2168 2285/185/2174
f 2274/161/2163 2273/160/2162 2280/186/2169 2281/172/2170
f 2273/159/2162 2277/158/2166 2284/170/2173 2280/184/2169
f 2262/157/2151 2276/156/2165 2283/182/2172 2270/181/2159
f 2276/156/2165 2271/180/2160 2278/188/2167 2283/182/2172
f 2283/182/2172 2278/188/2167 2285/183/2174
f 2282/176/2171 2270/179/2159 2285/189/2174
f 2279/177/2168 2282/176/2171 2285/189/2174
f 2278/173/2167 2281/172/2170 2285/187/2174
f 2478/190/2361 2317/191/2206 2286/192/2175 2447/193/2330
f 2449/194/2332 2288/195/2177 2289/196/2178 2450/197/2333
f 2450/197/2333 2289/196/2178 2290/198/2179 2451/199/2334
f 2451/199/2334 2290/198/2179 2291/200/2180 2452/201/2335
f 2452/201/2335 2291/200/2180 2292/202/2181 2453/203/2336
f 2453/203/2336 2292/202/2181 2293/204/2182 2454/205/2337
f 2454/205/2337 2293/204/2182 2294/206/2183 2455/207/2338
f 2455/207/2338 2294/206/2183 2295/208/2184 2456/209/2339
f 2456/209/2339 2295/208/2184 2296/210/2185 2457/211/2340
f 2457/212/2340 2296/213/2185 2297/214/2186 2458/215/2341
f 2458/215/2341 2297/214/2186 2298/216/2187 2459/217/2342
f 2459/217/2342 2298/216/2187 2299/218/2188 2460/219/2343
f 2460/219/2343 2299/218/2188 2300/220/2189 2461/221/2344
f 2461/221/2344 2300/220/2189 2301/222/2190 2462/223/2345
f 2462/223/2345 2301/222/2190 2302/224/2191 2463/225/2346
f 2463/225/2346 2302/224/2191 2303/226/2192 2464/227/2347
f 2464/227/2347 2303/226/2192 2304/228/2193 2465/229/2348
f 2465/230/2348 2304/231/2193 2305/232/2194 2466/233/2349
f 2466/233/2349 2305/232/2194 2306/234/2195 2467/235/2350
f 2467/235/2350 2306/234/2195 2307/236/2196 2468/237/2351
f 2468/237/2351 2307/236/2196 2308/238/2197 2469/239/2352
f 2469/239/2352 2308/238/2197 2309/240/2198 2470/241/2353
f 2470/241/2353 2309/240/2198 2310/242/2199 2471/243/2354
f 2471/243/2354 2310/242/2199 2311/244/2200 2472/245/2355
f 2472/245/2355 2311/244/2200 2312/246/2201 2473/247/2356
f 2473/248/2356 2312/249/2201 2313/250/2202 2474/251/2357
f 2474/251/2357 2313/250/2202 2314/252/2203 2475/253/2358
f 2475/253/2358 2314/252/2203 2315/254/2204 2476/255/2359
f 2476/255/2359 2315/254/2204 2316/256/2205 2477/257/2360
f 2477/257/2360 2316/256/2205 2317/191/2206 2478/190/2361
f 2293/204/2182 2292/202/2181 2324/258/2213 2325/259/2214
f 2448/260/2331 2287/261/2176 2288/262/2177 2449/263/2332
f 2447/193/2330 2286/192/2175 2287/261/2176 2448/260/2331
f 2332/264/2220 2331/265/2219 2363/266/2246 2364/267/2247
f 2302/224/2191 2301/222/2190 2333/268/2221 2334/269/2222
f 2311/244/2200 2310/242/2199 2342/270/2230 2343/271/2231
f 2289/196/2178 2288/195/2177 2320/272/2209 2321/273/2210
f 2298/216/2187 2297/214/2186 2329/274/2218 2330/275/143
f 2307/236/2196 2306/234/2195 2338/276/2226 2339/277/2227
f 2316/256/2205 2315/254/2204 2347/278/2235 2348/279/2236
f 2294/206/2183 2293/204/2182 2325/259/2214 2326/280/2215
f 2303/226/2192 2302/224/2191 2334/269/2222 2335/281/2223
f 2312/246/2201 2311/244/2200 2343/271/2231 2344/282/2232
f 2290/198/2179 2289/196/2178 2321/273/2210 2322/283/2211
f 2299/218/2188 2298/216/2187 2330/275/143 2331/265/2219
f 2308/238/2197 2307/236/2196 2339/277/2227 2340/284/2228
f 2317/191/2206 2316/256/2205 2348/279/2236 2349/285/2237
f 2295/208/2184 2294/206/2183 2326/280/2215 2327/286/2216
f 2304/228/2193 2303/226/2192 2335/281/2223 2336/287/2224
f 2313/250/2202 2312/249/2201 2344/288/2232 2345/289/2233
f 2291/200/2180 2290/198/2179 2322/283/2211 2323/290/2212
f 2300/220/2189 2299/218/2188 2331/265/2219 2332/264/2220
f 2309/240/2198 2308/238/2197 2340/284/2228 2341/291/2229
f 2287/261/2176 2286/192/2175 2318/292/2207 2319/293/2208
f 2286/192/2175 2317/191/2206 2349/285/2237 2318/292/2207
f 2296/210/2185 2295/208/2184 2327/286/2216 2328/294/2217
f 2305/232/2194 2304/231/2193 2336/295/2224 2337/296/2225
f 2314/252/2203 2313/250/2202 2345/289/2233 2346/297/2234
f 2292/202/2181 2291/200/2180 2323/290/2212 2324/258/2213
f 2301/222/2190 2300/220/2189 2332/264/2220 2333/268/2221
f 2310/242/2199 2309/240/2198 2341/291/2229 2342/270/2230
f 2288/262/2177 2287/261/2176 2319/293/2208 2320/298/2209
f 2297/214/2186 2296/213/2185 2328/299/2217 2329/274/2218
f 2306/234/2195 2305/232/2194 2337/296/2225 2338/276/2226
f 2315/254/2204 2314/252/2203 2346/297/2234 2347/278/2235
f 2367/300/2250 2366/301/2249 2398/302/2281 2399/303/2282
f 2319/293/2208 2318/292/2207 2350/304/2238 2351/305/2239
f 2346/297/2234 2345/289/2233 2377/306/2260 2378/307/2261
f 2333/268/2221 2332/264/2220 2364/267/2247 2365/308/2248
f 2320/298/2209 2319/293/2208 2351/305/2239 2352/309/2240
f 2347/278/2235 2346/297/2234 2378/307/2261 2379/310/2262
f 2334/269/2222 2333/268/2221 2365/308/2248 2366/301/2249
f 2321/273/2210 2320/272/2209 2352/311/2240 2353/312/2241
f 2348/279/2236 2347/278/2235 2379/310/2262 2380/313/2263
f 2335/281/2223 2334/269/2222 2366/301/2249 2367/300/2250
f 2322/283/2211 2321/273/2210 2353/312/2241 2354/314/2242
f 2349/285/2237 2348/279/2236 2380/313/2263 2381/315/2264
f 2336/287/2224 2335/281/2223 2367/300/2250 2368/316/2251
f 2323/290/2212 2322/283/2211 2354/314/2242 2355/317/2243
f 2318/292/2207 2349/285/2237 2381/315/2264 2350/304/2238
f 2337/296/2225 2336/295/2224 2368/318/2251 2369/319/2252
f 2324/258/2213 2323/290/2212 2355/317/2243 2356/320/2244
f 2338/276/2226 2337/296/2225 2369/319/2252 2370/321/2253
f 2325/259/2214 2324/258/2213 2356/320/2244 2357/322/2245
f 2339/277/2227 2338/276/2226 2370/321/2253 2371/323/2254
f 2326/280/2215 2325/259/2214 2357/322/2245 2358/324/2215
f 2340/284/2228 2339/277/2227 2371/323/2254 2372/325/2255
f 2327/286/2216 2326/280/2215 2358/324/2215 2359/326/2216
f 2341/291/2229 2340/284/2228 2372/325/2255 2373/327/2256
f 2328/294/2217 2327/286/2216 2359/326/2216 2360/328/2217
f 2342/270/2230 2341/291/2229 2373/327/2256 2374/329/2257
f 2329/274/2218 2328/299/2217 2360/330/2217 2361/331/2218
f 2343/271/2231 2342/270/2230 2374/329/2257 2375/332/2258
f 2330/275/143 2329/274/2218 2361/331/2218 2362/333/143
f 2344/282/2232 2343/271/2231 2375/332/2258 2376/334/2259
f 2331/265/2219 2330/275/143 2362/333/143 2363/266/2246
f 2345/289/2233 2344/288/2232 2376/335/2259 2377/306/2260
f 2402/336/2285 2401/337/2284 2433/338/2316 2434/339/2317
f 2354/314/2242 2353/312/2241 2385/340/2268 2386/341/2269
f 2381/315/2264 2380/313/2263 2412/342/2295 2413/343/2296
f 2368/316/2251 2367/300/2250 2399/303/2282 2400/344/2283
f 2355/317/2243 2354/314/2242 2386/341/2269 2387/345/2270
f 2350/304/2238 2381/315/2264 2413/343/2296 2382/346/2265
f 2369/319/2252 2368/318/2251 2400/347/2283 2401/337/2284
f 2356/320/2244 2355/317/2243 2387/345/2270 2388/348/2271
f 2370/321/2253 2369/319/2252 2401/337/2284 2402/336/2285
f 2357/322/2245 2356/320/2244 2388/348/2271 2389/349/2272
f 2371/323/2254 2370/321/2253 2402/336/2285 2403/350/2286
f 2358/324/2215 2357/322/2245 2389/349/2272 2390/351/2273
f 2372/325/2255 2371/323/2254 2403/350/2286 2404/352/2287
f 2359/326/2216 2358/324/2215 2390/351/2273 2391/353/2274
f 2373/327/2256 2372/325/2255 2404/352/2287 2405/354/2288
f 2360/328/2217 2359/326/2216 2391/353/2274 2392/355/2275
f 2374/329/2257 2373/327/2256 2405/354/2288 2406/356/2289
f 2361/331/2218 2360/330/2217 2392/357/2275 2393/358/2276
f 2375/332/2258 2374/329/2257 2406/356/2289 2407/359/2290
f 2362/333/143 2361/331/2218 2393/358/2276 2394/360/2277
f 2376/334/2259 2375/332/2258 2407/359/2290 2408/361/2291
f 2363/266/2246 2362/333/143 2394/360/2277 2395/362/2278
f 2377/306/2260 2376/335/2259 2408/363/2291 2409/364/2292
f 2364/267/2247 2363/266/2246 2395/362/2278 2396/365/2279
f 2351/305/2239 2350/304/2238 2382/346/2265 2383/366/2266
f 2378/307/2261 2377/306/2260 2409/364/2292 2410/367/2293
f 2365/308/2248 2364/267/2247 2396/365/2279 2397/368/2280
f 2352/309/2240 2351/305/2239 2383/366/2266 2384/369/2267
f 2379/310/2262 2378/307/2261 2410/367/2293 2411/370/2294
f 2366/301/2249 2365/308/2248 2397/368/2280 2398/302/2281
f 2353/312/2241 2352/311/2240 2384/371/2267 2385/340/2268
f 2380/313/2263 2379/310/2262 2411/370/2294 2412/342/2295
f 2415/372/2298 2414/373/2297 2445/374/2328 2444/375/2327 2443/376/2326 2442/377/2325 2441/378/2324 2440/379/2323 2439/380/2322 2438/381/2321 2437/382/2320 2436/383/2319 2435/384/2318 2434/385/2317 2433/386/2316 2432/387/2315 2431/388/2314 2430/389/2313 2429/390/2312 2428/391/2311 2427/392/2310 2426/393/2309 2425/394/2308 2424/395/2307 2423/396/2306 2422/397/2305 2421/398/2304 2420/399/2303 2419/400/2302 2418/401/2301 2417/402/2300 2416/403/2299
f 2389/349/2272 2388/348/2271 2420/404/2303 2421/405/2304
f 2403/350/2286 2402/336/2285 2434/339/2317 2435/406/2318
f 2390/351/2273 2389/349/2272 2421/405/2304 2422/407/2305
f 2404/352/2287 2403/350/2286 2435/406/2318 2436/408/2319
f 2391/353/2274 2390/351/2273 2422/407/2305 2423/409/2306
f 2405/354/2288 2404/352/2287 2436/408/2319 2437/410/2320
f 2392/355/2275 2391/353/2274 2423/409/2306 2424/411/2307
f 2406/356/2289 2405/354/2288 2437/410/2320 2438/412/2321
f 2393/358/2276 2392/357/2275 2424/413/2307 2425/414/2308
f 2407/359/2290 2406/356/2289 2438/412/2321 2439/415/2322
f 2394/360/2277 2393/358/2276 2425/414/2308 2426/416/2309
f 2408/361/2291 2407/359/2290 2439/415/2322 2440/417/2323
f 2395/362/2278 2394/360/2277 2426/416/2309 2427/418/2310
f 2409/364/2292 2408/363/2291 2440/419/2323 2441/420/2324
f 2396/365/2279 2395/362/2278 2427/418/2310 2428/421/2311
f 2383/366/2266 2382/346/2265 2414/422/2297 2415/423/2298
f 2410/367/2293 2409/364/2292 2441/420/2324 2442/424/2325
f 2397/368/2280 2396/365/2279 2428/421/2311 2429/425/2312
f 2384/369/2267 2383/366/2266 2415/423/2298 2416/426/2299
f 2411/370/2294 2410/367/2293 2442/424/2325 2443/427/2326
f 2398/302/2281 2397/368/2280 2429/425/2312 2430/428/2313
f 2385/340/2268 2384/371/2267 2416/429/2299 2417/430/2300
f 2412/342/2295 2411/370/2294 2443/427/2326 2444/431/2327
f 2399/303/2282 2398/302/2281 2430/428/2313 2431/432/2314
f 2386/341/2269 2385/340/2268 2417/430/2300 2418/433/2301
f 2413/343/2296 2412/342/2295 2444/431/2327 2445/434/2328
f 2400/344/2283 2399/303/2282 2431/432/2314 2432/435/2315
f 2387/345/2270 2386/341/2269 2418/433/2301 2419/436/2302
f 2382/346/2265 2413/343/2296 2445/434/2328 2414/422/2297
f 2401/337/2284 2400/347/2283 2432/437/2315 2433/338/2316
f 2388/348/2271 2387/345/2270 2419/436/2302 2420/404/2303
f 2511/438/2394 2513/439/2396 2446/440/2329
f 2449/441/2332 2450/442/2333 2486/443/2369 2484/444/2367
f 2450/442/2333 2451/445/2334 2488/446/2371 2486/443/2369
f 2451/445/2334 2452/447/2335 2490/448/2373 2488/446/2371
f 2452/447/2335 2453/449/2336 2492/450/2375 2490/448/2373
f 2453/449/2336 2454/451/2337 2494/452/2377 2492/450/2375
f 2454/451/2337 2455/453/2338 2496/454/2379 2494/452/2377
f 2455/453/2338 2456/455/2339 2498/456/2381 2496/454/2379
f 2456/455/2339 2457/457/2340 2500/458/2383 2498/456/2381
f 2457/457/2340 2458/459/2341 2502/460/2385 2500/458/2383
f 2458/459/2341 2459/461/2342 2504/462/2387 2502/460/2385
f 2459/461/2342 2460/463/2343 2506/464/2389 2504/462/2387
f 2460/463/2343 2461/465/2344 2508/466/2391 2506/464/2389
f 2461/465/2344 2462/467/2345 2510/468/2393 2508/466/2391
f 2462/467/2345 2463/469/2346 2512/470/2395 2510/468/2393
f 2463/469/2346 2464/471/2347 2514/472/2397 2512/470/2395
f 2464/471/2347 2465/473/2348 2516/474/2399 2514/472/2397
f 2465/473/2348 2466/475/2349 2518/476/2401 2516/474/2399
f 2466/475/2349 2467/477/2350 2520/478/2403 2518/476/2401
f 2467/477/2350 2468/479/2351 2522/480/2405 2520/478/2403
f 2468/479/2351 2469/481/2352 2524/482/2407 2522/480/2405
f 2469/481/2352 2470/483/2353 2526/484/2409 2524/482/2407
f 2470/483/2353 2471/485/2354 2528/486/2411 2526/484/2409
f 2471/485/2354 2472/487/2355 2530/488/2413 2528/486/2411
f 2472/487/2355 2473/489/2356 2532/490/2415 2530/488/2413
f 2473/489/2356 2474/491/2357 2534/492/2417 2532/490/2415
f 2474/491/2357 2475/493/2358 2536/494/2419 2534/492/2417
f 2475/493/2358 2476/495/2359 2538/496/2421 2536/494/2419
f 2476/495/2359 2477/497/2360 2540/498/2423 2538/496/2421
f 2477/497/2360 2478/499/2361 2542/500/2425 2540/498/2423
f 2447/501/2330 2448/502/2331 2482/503/2365 2480/504/2363
f 2448/502/2331 2449/441/2332 2484/444/2367 2482/503/2365
f 2481/505/2364 2479/506/2362 2480/504/2363 2482/503/2365
f 2483/507/2366 2481/505/2364 2482/503/2365 2484/444/2367
f 2485/508/2368 2483/507/2366 2484/444/2367 2486/443/2369
f 2487/509/2370 2485/508/2368 2486/443/2369 2488/446/2371
f 2489/510/2372 2487/509/2370 2488/446/2371 2490/448/2373
f 2491/511/2374 2489/510/2372 2490/448/2373 2492/450/2375
f 2493/512/2376 2491/511/2374 2492/450/2375 2494/452/2377
f 2495/513/2378 2493/512/2376 2494/452/2377 2496/454/2379
f 2497/514/2380 2495/513/2378 2496/454/2379 2498/456/2381
f 2499/515/2382 2497/514/2380 2498/456/2381 2500/458/2383
f 2501/516/2384 2499/515/2382 2500/458/2383 2502/460/2385
f 2503/517/2386 2501/516/2384 2502/460/2385 2504/462/2387
f 2505/518/2388 2503/517/2386 2504/462/2387 2506/464/2389
f 2507/519/2390 2505/518/2388 2506/464/2389 2508/466/2391
f 2509/520/2392 2507/519/2390 2508/466/2391 2510/468/2393
f 2511/438/2394 2509/520/2392 2510/468/2393 2512/470/2395
f 2513/439/2396 2511/438/2394 2512/470/2395 2514/472/2397
f 2515/521/2398 2513/439/2396 2514/472/2397 2516/474/2399
f 2517/522/2400 2515/521/2398 2516/474/2399 2518/476/2401
f 2519/523/2402 2517/522/2400 2518/476/2401 2520/478/2403
f 2521/524/2404 2519/523/2402 2520/478/2403 2522/480/2405
f 2523/525/2406 2521/524/2404 2522/480/2405 2524/482/2407
f 2525/526/2408 2523/525/2406 2524/482/2407 2526/484/2409
f 2527/527/2410 2525/526/2408 2526/484/2409 2528/486/2411
f 2529/528/2412 2527/527/2410 2528/486/2411 2530/488/2413
f 2531/529/2414 2529/528/2412 2530/488/2413 2532/490/2415
f 2533/530/2416 2531/529/2414 2532/490/2415 2534/492/2417
f 2535/531/2418 2533/530/2416 2534/492/2417 2536/494/2419
f 2537/532/2420 2535/531/2418 2536/494/2419 2538/496/2421
f 2539/533/2422 2537/532/2420 2538/496/2421 2540/498/2423
f 2541/534/2424 2539/533/2422 2540/498/2423 2542/500/2425
f 2479/506/2362 2541/534/2424 2542/500/2425 2480/504/2363
f 2478/499/2361 2447/501/2330 2480/504/2363 2542/500/2425
f 2529/528/2412 2531/529/2414 2446/440/2329
f 2485/508/2368 2487/509/2370 2446/440/2329
f 2503/517/2386 2505/518/2388 2446/440/2329
f 2521/524/2404 2523/525/2406 2446/440/2329
f 2539/533/2422 2541/534/2424 2446/440/2329
f 2495/513/2378 2497/514/2380 2446/440/2329
f 2513/439/2396 2515/521/2398 2446/440/2329
f 2531/529/2414 2533/530/2416 2446/440/2329
f 2541/534/2424 2479/506/2362 2446/440/2329
f 2487/509/2370 2489/510/2372 2446/440/2329
f 2505/518/2388 2507/519/2390 2446/440/2329
f 2523/525/2406 2525/526/2408 2446/440/2329
f 2479/506/2362 2481/505/2364 2446/440/2329
f 2497/514/2380 2499/515/2382 2446/440/2329
f 2515/521/2398 2517/522/2400 2446/440/2329
f 2533/530/2416 2535/531/2418 2446/440/2329
f 2489/510/2372 2491/511/2374 2446/440/2329
f 2507/519/2390 2509/520/2392 2446/440/2329
f 2525/526/2408 2527/527/2410 2446/440/2329
f 2481/505/2364 2483/507/2366 2446/440/2329
f 2499/515/2382 2501/516/2384 2446/440/2329
f 2517/522/2400 2519/523/2402 2446/440/2329
f 2535/531/2418 2537/532/2420 2446/440/2329
f 2491/511/2374 2493/512/2376 2446/440/2329
f 2509/520/2392 2511/438/2394 2446/440/2329
f 2527/527/2410 2529/528/2412 2446/440/2329
f 2483/507/2366 2485/508/2368 2446/440/2329
f 2501/516/2384 2503/517/2386 2446/440/2329
f 2519/523/2402 2521/524/2404 2446/440/2329
f 2537/532/2420 2539/533/2422 2446/440/2329
f 2493/512/2376 2495/513/2378 2446/440/2329
f 2639/535/2522 2642/536/2525 2641/537/2524 2640/538/2523
f 2640/538/2523 2641/537/2524 2644/539/2527 2643/540/2526
f 2643/540/2526 2644/539/2527 2646/541/2529 2645/542/2528
f 2645/542/2528 2646/541/2529 2648/543/2531 2647/544/2530
f 2647/544/2530 2648/543/2531 2650/545/2533 2649/546/2532
f 2649/546/2532 2650/545/2533 2652/547/2535 2651/548/2534
f 2651/548/2534 2652/547/2535 2654/549/2537 2653/550/2536
f 2653/550/2536 2654/549/2537 2656/551/2539 2655/552/2538
f 2655/552/2538 2656/551/2539 2658/553/2541 2657/554/2540
f 2657/554/2540 2658/553/2541 2660/555/2543 2659/556/2542
f 2659/556/2542 2660/555/2543 2662/557/2545 2661/558/2544
f 2661/558/2544 2662/557/2545 2664/559/2547 2663/560/2546
f 2663/560/2546 2664/559/2547 2666/561/2549 2665/562/2548
f 2665/562/2548 2666/561/2549 2668/563/2551 2667/564/2550
f 2667/564/2550 2668/563/2551 2670/565/2553 2669/566/2552
f 2669/566/2552 2670/565/2553 2672/567/2555 2671/568/2554
f 2671/568/2554 2672/567/2555 2674/569/2557 2673/570/2556
f 2673/570/2556 2674/569/2557 2676/571/2559 2675/572/2558
f 2675/572/2558 2676/571/2559 2678/573/2561 2677/574/2560
f 2677/574/2560 2678/573/2561 2680/575/2563 2679/576/2562
f 2679/576/2562 2680/575/2563 2682/577/2565 2681/578/2564
f 2681/578/2564 2682/577/2565 2684/579/2567 2683/580/2566
f 2683/580/2566 2684/579/2567 2686/581/2569 2685/582/2568
f 2685/582/2568 2686/581/2569 2688/583/2571 2687/584/2570
f 2687/584/2570 2688/583/2571 2690/585/2573 2689/586/2572
f 2689/586/2572 2690/585/2573 2692/587/2575 2691/588/2574
f 2691/588/2574 2692/587/2575 2694/589/2577 2693/590/2576
f 2693/590/2576 2694/589/2577 2696/591/2579 2695/592/2578
f 2695/592/2578 2696/591/2579 2698/593/2581 2697/594/2580
f 2697/594/2580 2698/593/2581 2700/595/2583 2699/596/2582
f 2626/597/2509 2625/598/2508 2721/599/2604 2722/600/2605
f 2699/596/2582 2700/595/2583 2702/601/2585 2701/602/2584
f 2701/602/2584 2702/601/2585 2642/536/2525 2639/535/2522
f 2546/603/2429 2544/604/2427 2608/605/2491 2607/606/2490
f 2548/607/2431 2546/603/2429 2607/606/2490 2609/608/2492
f 2550/609/2433 2548/610/2431 2609/611/2492 2610/612/2493
f 2552/613/2435 2550/609/2433 2610/612/2493 2611/614/2494
f 2554/615/2437 2552/613/2435 2611/614/2494 2612/616/2495
f 2556/617/2439 2554/615/2437 2612/616/2495 2613/618/2496
f 2558/619/2441 2556/617/2439 2613/618/2496 2614/620/2497
f 2560/621/2443 2558/619/2441 2614/620/2497 2615/622/2498
f 2562/623/2445 2560/621/2443 2615/622/2498 2616/624/2499
f 2564/625/2447 2562/623/2445 2616/624/2499 2617/626/2500
f 2566/627/2449 2564/628/2447 2617/629/2500 2618/630/2501
f 2568/631/2451 2566/627/2449 2618/630/2501 2619/632/2502
f 2570/633/2453 2568/631/2451 2619/632/2502 2620/634/2503
f 2572/635/2455 2570/633/2453 2620/634/2503 2621/636/2504
f 2574/637/2457 2572/635/2455 2621/636/2504 2622/638/2505
f 2576/639/2459 2574/637/2457 2622/638/2505 2623/640/2506
f 2578/641/2461 2576/639/2459 2623/640/2506 2624/642/2507
f 2580/643/2463 2578/641/2461 2624/642/2507 2625/644/2508
f 2582/645/2465 2580/646/2463 2625/598/2508 2626/597/2509
f 2584/647/2467 2582/645/2465 2626/597/2509 2627/648/2510
f 2586/649/2469 2584/647/2467 2627/648/2510 2628/650/2511
f 2588/651/2471 2586/649/2469 2628/650/2511 2629/652/2512
f 2590/653/2473 2588/651/2471 2629/652/2512 2630/654/2513
f 2592/655/2475 2590/653/2473 2630/654/2513 2631/656/2514
f 2594/657/2477 2592/655/2475 2631/656/2514 2632/658/2515
f 2596/659/2479 2594/657/2477 2632/658/2515 2633/660/2516
f 2598/661/2481 2596/662/2479 2633/663/2516 2634/664/2517
f 2600/665/2483 2598/661/2481 2634/664/2517 2635/666/2518
f 2602/667/2485 2600/665/2483 2635/666/2518 2636/668/2519
f 2604/669/2487 2602/667/2485 2636/668/2519 2637/670/2520
f 2601/671/2484 2603/672/2486 2765/673/2648 2764/674/2647
f 2606/675/2489 2604/669/2487 2637/670/2520 2638/676/2521
f 2544/604/2427 2606/675/2489 2638/676/2521 2608/605/2491
f 2639/535/2522 2640/538/2523 2545/677/2428 2543/678/2426
f 2641/679/2524 2642/680/2525 2544/604/2427 2546/603/2429
f 2640/538/2523 2643/540/2526 2547/681/2430 2545/677/2428
f 2644/682/2527 2641/679/2524 2546/603/2429 2548/607/2431
f 2643/540/2526 2645/542/2528 2549/683/2432 2547/681/2430
f 2646/541/2529 2644/539/2527 2548/684/2431 2550/685/2433
f 2645/542/2528 2647/544/2530 2551/686/2434 2549/683/2432
f 2648/687/2531 2646/688/2529 2550/609/2433 2552/613/2435
f 2647/544/2530 2649/546/2532 2553/689/2436 2551/686/2434
f 2650/690/2533 2648/687/2531 2552/613/2435 2554/615/2437
f 2649/546/2532 2651/548/2534 2555/691/2438 2553/689/2436
f 2652/692/2535 2650/690/2533 2554/615/2437 2556/617/2439
f 2651/548/2534 2653/550/2536 2557/693/2440 2555/691/2438
f 2654/694/2537 2652/692/2535 2556/617/2439 2558/619/2441
f 2653/550/2536 2655/552/2538 2559/695/2442 2557/693/2440
f 2656/696/2539 2654/694/2537 2558/619/2441 2560/621/2443
f 2655/552/2538 2657/554/2540 2561/697/2444 2559/695/2442
f 2658/698/2541 2656/696/2539 2560/621/2443 2562/623/2445
f 2657/554/2540 2659/556/2542 2563/699/2446 2561/697/2444
f 2660/700/2543 2658/698/2541 2562/623/2445 2564/625/2447
f 2659/556/2542 2661/558/2544 2565/701/2448 2563/699/2446
f 2662/557/2545 2660/555/2543 2564/702/2447 2566/703/2449
f 2661/558/2544 2663/560/2546 2567/704/2450 2565/701/2448
f 2664/705/2547 2662/706/2545 2566/627/2449 2568/631/2451
f 2663/560/2546 2665/562/2548 2569/707/2452 2567/704/2450
f 2666/708/2549 2664/705/2547 2568/631/2451 2570/633/2453
f 2665/562/2548 2667/564/2550 2571/709/2454 2569/707/2452
f 2668/710/2551 2666/708/2549 2570/633/2453 2572/635/2455
f 2667/564/2550 2669/566/2552 2573/711/2456 2571/709/2454
f 2670/712/2553 2668/710/2551 2572/635/2455 2574/637/2457
f 2669/566/2552 2671/568/2554 2575/713/2458 2573/711/2456
f 2672/714/2555 2670/712/2553 2574/637/2457 2576/639/2459
f 2671/568/2554 2673/570/2556 2577/715/2460 2575/713/2458
f 2674/716/2557 2672/714/2555 2576/639/2459 2578/641/2461
f 2673/570/2556 2675/572/2558 2579/717/2462 2577/715/2460
f 2676/718/2559 2674/716/2557 2578/641/2461 2580/643/2463
f 2675/572/2558 2677/574/2560 2581/719/2464 2579/717/2462
f 2678/573/2561 2676/571/2559 2580/720/2463 2582/721/2465
f 2677/574/2560 2679/576/2562 2583/722/2466 2581/719/2464
f 2680/723/2563 2678/724/2561 2582/645/2465 2584/647/2467
f 2679/576/2562 2681/578/2564 2585/725/2468 2583/722/2466
f 2682/726/2565 2680/723/2563 2584/647/2467 2586/649/2469
f 2681/578/2564 2683/580/2566 2587/727/2470 2585/725/2468
f 2684/728/2567 2682/726/2565 2586/649/2469 2588/651/2471
f 2683/580/2566 2685/582/2568 2589/729/2472 2587/727/2470
f 2686/730/2569 2684/728/2567 2588/651/2471 2590/653/2473
f 2685/582/2568 2687/584/2570 2591/731/2474 2589/729/2472
f 2688/732/2571 2686/730/2569 2590/653/2473 2592/655/2475
f 2687/584/2570 2689/586/2572 2593/733/2476 2591/731/2474
f 2690/734/2573 2688/732/2571 2592/655/2475 2594/657/2477
f 2689/586/2572 2691/588/2574 2595/735/2478 2593/733/2476
f 2692/736/2575 2690/734/2573 2594/657/2477 2596/659/2479
f 2691/588/2574 2693/590/2576 2597/737/2480 2595/735/2478
f 2694/738/2577 2692/739/2575 2596/662/2479 2598/661/2481
f 2693/590/2576 2695/592/2578 2599/740/2482 2597/737/2480
f 2696/741/2579 2694/738/2577 2598/661/2481 2600/665/2483
f 2695/592/2578 2697/594/2580 2601/742/2484 2599/740/2482
f 2698/743/2581 2696/741/2579 2600/665/2483 2602/667/2485
f 2697/594/2580 2699/596/2582 2603/744/2486 2601/742/2484
f 2700/745/2583 2698/743/2581 2602/667/2485 2604/669/2487
f 2699/596/2582 2701/602/2584 2605/746/2488 2603/744/2486
f 2702/747/2585 2700/745/2583 2604/669/2487 2606/675/2489
f 2701/602/2584 2639/535/2522 2543/678/2426 2605/746/2488
f 2642/680/2525 2702/747/2585 2606/675/2489 2544/604/2427
f 2703/748/2586 2704/749/2587 2734/750/2617 2733/751/2616 2732/752/2615 2731/753/2614 2730/754/2613 2729/755/2612 2728/756/2611 2727/757/2610 2726/758/2609 2725/759/2608 2724/760/2607 2723/761/2606 2722/762/2605 2721/763/2604 2720/764/2603 2719/765/2602 2718/766/2601 2717/767/2600 2716/768/2599 2715/769/2598 2714/770/2597 2713/771/2596 2712/772/2595 2711/773/2594 2710/774/2593 2709/775/2592 2708/776/2591 2707/777/2590 2706/778/2589 2705/779/2588
f 2633/660/2516 2632/658/2515 2728/780/2611 2729/781/2612
f 2613/618/2496 2612/616/2495 2708/782/2591 2709/783/2592
f 2620/634/2503 2619/632/2502 2715/784/2598 2716/785/2599
f 2627/648/2510 2626/597/2509 2722/600/2605 2723/786/2606
f 2634/664/2517 2633/663/2516 2729/787/2612 2730/788/2613
f 2614/620/2497 2613/618/2496 2709/783/2592 2710/789/2593
f 2607/606/2490 2608/605/2491 2704/790/2587 2703/791/2586
f 2621/636/2504 2620/634/2503 2716/785/2599 2717/792/2600
f 2628/650/2511 2627/648/2510 2723/786/2606 2724/793/2607
f 2635/666/2518 2634/664/2517 2730/788/2613 2731/794/2614
f 2615/622/2498 2614/620/2497 2710/789/2593 2711/795/2594
f 2622/638/2505 2621/636/2504 2717/792/2600 2718/796/2601
f 2629/652/2512 2628/650/2511 2724/793/2607 2725/797/2608
f 2609/608/2492 2607/606/2490 2703/791/2586 2705/798/2588
f 2636/668/2519 2635/666/2518 2731/794/2614 2732/799/2615
f 2616/624/2499 2615/622/2498 2711/795/2594 2712/800/2595
f 2623/640/2506 2622/638/2505 2718/796/2601 2719/801/2602
f 2630/654/2513 2629/652/2512 2725/797/2608 2726/802/2609
f 2610/612/2493 2609/611/2492 2705/803/2588 2706/804/2589
f 2637/670/2520 2636/668/2519 2732/799/2615 2733/805/2616
f 2617/626/2500 2616/624/2499 2712/800/2595 2713/806/2596
f 2624/642/2507 2623/640/2506 2719/801/2602 2720/807/2603
f 2631/656/2514 2630/654/2513 2726/802/2609 2727/808/2610
f 2611/614/2494 2610/612/2493 2706/804/2589 2707/809/2590
f 2638/676/2521 2637/670/2520 2733/805/2616 2734/810/2617
f 2618/630/2501 2617/629/2500 2713/811/2596 2714/812/2597
f 2625/644/2508 2624/642/2507 2720/807/2603 2721/813/2604
f 2632/658/2515 2631/656/2514 2727/808/2610 2728/780/2611
f 2612/616/2495 2611/614/2494 2707/809/2590 2708/782/2591
f 2608/605/2491 2638/676/2521 2734/810/2617 2704/790/2587
f 2619/632/2502 2618/630/2501 2714/812/2597 2715/784/2598
f 2746/814/2629 2747/815/2630 2779/816/2662 2778/817/2661
f 2561/818/2444 2563/819/2446 2745/820/2628 2744/821/2627
f 2575/822/2458 2577/823/2460 2752/824/2635 2751/825/2634
f 2589/826/2472 2591/827/2474 2759/828/2642 2758/829/2641
f 2549/830/2432 2551/831/2434 2739/832/2622 2738/833/2621
f 2603/672/2486 2605/834/2488 2766/835/2649 2765/673/2648
f 2563/836/2446 2565/837/2448 2746/814/2629 2745/838/2628
f 2577/823/2460 2579/839/2462 2753/840/2636 2752/824/2635
f 2591/827/2474 2593/841/2476 2760/842/2643 2759/828/2642
f 2551/831/2434 2553/843/2436 2740/844/2623 2739/832/2622
f 2605/834/2488 2543/845/2426 2735/846/2618 2766/835/2649
f 2565/837/2448 2567/847/2450 2747/815/2630 2746/814/2629
f 2579/848/2462 2581/849/2464 2754/850/2637 2753/851/2636
f 2593/841/2476 2595/852/2478 2761/853/2644 2760/842/2643
f 2553/843/2436 2555/854/2438 2741/855/2624 2740/844/2623
f 2567/847/2450 2569/856/2452 2748/857/2631 2747/815/2630
f 2581/849/2464 2583/858/2466 2755/859/2638 2754/850/2637
f 2595/860/2478 2597/861/2480 2762/862/2645 2761/863/2644
f 2555/854/2438 2557/864/2440 2742/865/2625 2741/855/2624
f 2569/856/2452 2571/866/2454 2749/867/2632 2748/857/2631
f 2583/858/2466 2585/868/2468 2756/869/2639 2755/859/2638
f 2543/845/2426 2545/870/2428 2736/871/2619 2735/846/2618
f 2597/861/2480 2599/872/2482 2763/873/2646 2762/862/2645
f 2557/864/2440 2559/874/2442 2743/875/2626 2742/865/2625
f 2571/866/2454 2573/876/2456 2750/877/2633 2749/867/2632
f 2585/868/2468 2587/878/2470 2757/879/2640 2756/869/2639
f 2545/870/2428 2547/880/2430 2737/881/2620 2736/871/2619
f 2599/872/2482 2601/671/2484 2764/674/2647 2763/873/2646
f 2559/874/2442 2561/818/2444 2744/821/2627 2743/875/2626
f 2573/876/2456 2575/822/2458 2751/825/2634 2750/877/2633
f 2587/878/2470 2589/826/2472 2758/829/2641 2757/879/2640
f 2547/882/2430 2549/830/2432 2738/833/2621 2737/883/2620
f 2781/884/2664 2782/885/2665 2814/886/2697 2813/887/2696
f 2760/842/2643 2761/853/2644 2793/888/2676 2792/889/2675
f 2747/815/2630 2748/857/2631 2780/890/2663 2779/816/2662
f 2761/863/2644 2762/862/2645 2794/891/2677 2793/892/2676
f 2748/857/2631 2749/867/2632 2781/893/2664 2780/890/2663
f 2735/846/2618 2736/871/2619 2768/894/2651 2767/895/2650
f 2762/862/2645 2763/873/2646 2795/896/2678 2794/891/2677
f 2749/867/2632 2750/877/2633 2782/897/2665 2781/893/2664
f 2736/871/2619 2737/881/2620 2769/898/2652 2768/894/2651
f 2763/873/2646 2764/674/2647 2796/899/2679 2795/896/2678
f 2750/877/2633 2751/825/2634 2783/900/2666 2782/897/2665
f 2737/883/2620 2738/833/2621 2770/901/2653 2769/902/2652
f 2764/674/2647 2765/673/2648 2797/903/2680 2796/899/2679
f 2751/825/2634 2752/824/2635 2784/904/2667 2783/900/2666
f 2738/833/2621 2739/832/2622 2771/905/2654 2770/901/2653
f 2765/673/2648 2766/835/2649 2798/906/2681 2797/903/2680
f 2752/824/2635 2753/840/2636 2785/907/2668 2784/904/2667
f 2739/832/2622 2740/844/2623 2772/908/2655 2771/905/2654
f 2766/835/2649 2735/846/2618 2767/895/2650 2798/906/2681
f 2753/851/2636 2754/850/2637 2786/909/2669 2785/910/2668
f 2740/844/2623 2741/855/2624 2773/911/2656 2772/908/2655
f 2754/850/2637 2755/859/2638 2787/912/2670 2786/909/2669
f 2741/855/2624 2742/865/2625 2774/913/2657 2773/911/2656
f 2755/859/2638 2756/869/2639 2788/914/2671 2787/912/2670
f 2742/865/2625 2743/875/2626 2775/915/2658 2774/913/2657
f 2756/869/2639 2757/879/2640 2789/916/2672 2788/914/2671
f 2743/875/2626 2744/821/2627 2776/917/2659 2775/915/2658
f 2757/879/2640 2758/829/2641 2790/918/2673 2789/916/2672
f 2744/821/2627 2745/820/2628 2777/919/2660 2776/917/2659
f 2758/829/2641 2759/828/2642 2791/920/2674 2790/918/2673
f 2745/838/2628 2746/814/2629 2778/817/2661 2777/921/2660
f 2759/828/2642 2760/842/2643 2792/889/2675 2791/920/2674
f 2806/922/2689 2807/923/2690 2839/924/2722 2838/925/2721
f 2768/926/2651 2769/927/2652 2801/928/2684 2800/929/2683
f 2795/930/2678 2796/931/2679 2828/932/2711 2827/933/2710
f 2782/885/2665 2783/934/2666 2815/935/2698 2814/886/2697
f 2769/927/2652 2770/936/2653 2802/937/2685 2801/928/2684
f 2796/931/2679 2797/938/2680 2829/939/2712 2828/932/2711
f 2783/934/2666 2784/940/2667 2816/941/2699 2815/935/2698
f 2770/936/2653 2771/942/2654 2803/943/2686 2802/937/2685
f 2797/938/2680 2798/944/2681 2830/945/2713 2829/939/2712
f 2784/940/2667 2785/946/2668 2817/947/2700 2816/941/2699
f 2771/942/2654 2772/948/2655 2804/949/2687 2803/943/2686
f 2798/944/2681 2767/950/2650 2799/951/2682 2830/945/2713
f 2785/946/2668 2786/952/2669 2818/953/2701 2817/947/2700
f 2772/948/2655 2773/954/2656 2805/955/2688 2804/949/2687
f 2786/952/2669 2787/956/2670 2819/957/2702 2818/953/2701
f 2773/954/2656 2774/958/2657 2806/959/2689 2805/955/2688
f 2787/956/2670 2788/960/2671 2820/961/2703 2819/957/2702
f 2774/958/2657 2775/962/2658 2807/963/2690 2806/959/2689
f 2788/960/2671 2789/964/2672 2821/965/2704 2820/961/2703
f 2775/962/2658 2776/966/2659 2808/967/2691 2807/963/2690
f 2789/964/2672 2790/968/2673 2822/969/2705 2821/965/2704
f 2776/966/2659 2777/970/2660 2809/971/2692 2808/967/2691
f 2790/968/2673 2791/972/2674 2823/973/2706 2822/969/2705
f 2777/970/2660 2778/974/2661 2810/975/2693 2809/971/2692
f 2791/972/2674 2792/976/2675 2824/977/2707 2823/973/2706
f 2778/974/2661 2779/978/2662 2811/979/2694 2810/975/2693
f 2792/976/2675 2793/980/2676 2825/981/2708 2824/977/2707
f 2779/978/2662 2780/982/2663 2812/983/2695 2811/979/2694
f 2793/980/2676 2794/984/2677 2826/985/2709 2825/981/2708
f 2780/982/2663 2781/884/2664 2813/887/2696 2812/983/2695
f 2767/950/2650 2768/926/2651 2800/929/2683 2799/951/2682
f 2794/984/2677 2795/930/2678 2827/933/2710 2826/985/2709
f 2831/986/2714 2832/987/2715 2833/988/2716 2834/989/2717 2835/990/2718 2836/991/2719 2837/992/2720 2838/925/2721 2839/924/2722 2840/993/2723 2841/994/2724 2842/995/2725 2843/996/2726 2844/997/2727 2845/998/2728 2846/999/2729 2847/1000/2730 2848/1001/2731 2849/1002/2732 2850/1003/2733 2851/1004/2734 2852/1005/2735 2853/1006/2736 2854/1007/2737 2855/1008/2738 2856/1009/2739 2857/1010/2740 2858/1011/2741 2859/1012/2742 2860/1013/2743 2861/1014/2744 2862/1015/2745
f 2820/1016/2703 2821/1017/2704 2853/1006/2736 2852/1005/2735
f 2807/923/2690 2808/1018/2691 2840/993/2723 2839/924/2722
f 2821/1017/2704 2822/1019/2705 2854/1007/2737 2853/1006/2736
f 2808/1018/2691 2809/1020/2692 2841/994/2724 2840/993/2723
f 2822/1019/2705 2823/1021/2706 2855/1008/2738 2854/1007/2737
f 2809/1020/2692 2810/1022/2693 2842/995/2725 2841/994/2724
f 2823/1021/2706 2824/1023/2707 2856/1009/2739 2855/1008/2738
f 2810/1022/2693 2811/1024/2694 2843/996/2726 2842/995/2725
f 2824/1023/2707 2825/1025/2708 2857/1010/2740 2856/1009/2739
f 2811/1024/2694 2812/1026/2695 2844/997/2727 2843/996/2726
f 2825/1025/2708 2826/1027/2709 2858/1011/2741 2857/1010/2740
f 2812/1026/2695 2813/1028/2696 2845/998/2728 2844/997/2727
f 2799/1029/2682 2800/1030/2683 2832/987/2715 2831/986/2714
f 2826/1027/2709 2827/1031/2710 2859/1012/2742 2858/1011/2741
f 2813/1028/2696 2814/1032/2697 2846/999/2729 2845/998/2728
f 2800/1030/2683 2801/1033/2684 2833/988/2716 2832/987/2715
f 2827/1031/2710 2828/1034/2711 2860/1013/2743 2859/1012/2742
f 2814/1032/2697 2815/1035/2698 2847/1000/2730 2846/999/2729
f 2801/1033/2684 2802/1036/2685 2834/989/2717 2833/988/2716
f 2828/1034/2711 2829/1037/2712 2861/1014/2744 2860/1013/2743
f 2815/1035/2698 2816/1038/2699 2848/1001/2731 2847/1000/2730
f 2802/1036/2685 2803/1039/2686 2835/990/2718 2834/989/2717
f 2829/1037/2712 2830/1040/2713 2862/1015/2745 2861/1014/2744
f 2816/1038/2699 2817/1041/2700 2849/1002/2732 2848/1001/2731
f 2803/1039/2686 2804/1042/2687 2836/991/2719 2835/990/2718
f 2830/1040/2713 2799/1029/2682 2831/986/2714 2862/1015/2745
f 2817/1041/2700 2818/1043/2701 2850/1003/2733 2849/1002/2732
f 2804/1042/2687 2805/1044/2688 2837/992/2720 2836/991/2719
f 2818/1043/2701 2819/1045/2702 2851/1004/2734 2850/1003/2733
f 2805/1044/2688 2806/922/2689 2838/925/2721 2837/992/2720
f 2819/1045/2702 2820/1016/2703 2852/1005/2735 2851/1004/2734
f 2959/1046/2842 2962/1047/2845 2961/1048/2844 2960/1049/2843
f 2960/1049/2843 2961/1048/2844 2964/1050/2847 2963/1051/2846
f 2963/1051/2846 2964/1050/2847 2966/1052/2849 2965/1053/2848
f 2965/1054/2848 2966/1055/2849 2968/1056/2851 2967/1057/2850
f 2967/1057/2850 2968/1056/2851 2970/1058/2853 2969/1059/2852
f 2969/1059/2852 2970/1058/2853 2972/1060/2855 2971/1061/2854
f 2971/1061/2854 2972/1060/2855 2974/1062/2857 2973/1063/2856
f 2973/1063/2856 2974/1062/2857 2976/1064/2859 2975/1065/2858
f 2975/1066/2858 2976/1067/2859 2978/1068/2861 2977/1069/2860
f 2977/1069/2860 2978/1068/2861 2980/1070/2863 2979/1071/2862
f 2979/1071/2862 2980/1070/2863 2982/1072/2865 2981/1073/2864
f 2981/1074/2864 2982/1075/2865 2984/1076/2867 2983/1077/2866
f 2983/1077/2866 2984/1076/2867 2986/1078/2869 2985/1079/2868
f 2985/1079/2868 2986/1078/2869 2988/1080/2871 2987/1081/2870
f 2987/1081/2870 2988/1080/2871 2990/1082/2873 2989/1083/2872
f 2989/1083/2872 2990/1082/2873 2992/1084/2875 2991/1085/2874
f 2991/1086/2874 2992/1087/2875 2994/1088/2877 2993/1089/2876
f 2993/1089/2876 2994/1088/2877 2996/1090/2879 2995/1091/2878
f 2995/1091/2878 2996/1090/2879 2998/1092/2881 2997/1093/2880
f 2997/1093/2880 2998/1092/2881 3000/1094/2883 2999/1095/2882
f 2999/1096/2882 3000/1097/2883 3002/1098/2885 3001/1099/2884
f 3001/1099/2884 3002/1098/2885 3004/1100/2887 3003/1101/2886
f 3003/1101/2886 3004/1100/2887 3006/1102/2889 3005/1103/2888
f 3005/1103/2888 3006/1102/2889 3008/1104/2891 3007/1105/2890
f 3007/1106/2890 3008/1107/2891 3010/1108/2893 3009/1109/2892
f 3009/1109/2892 3010/1108/2893 3012/1110/2895 3011/1111/2894
f 3011/1111/2894 3012/1110/2895 3014/1112/2897 3013/1113/2896
f 3013/1114/2896 3014/1115/2897 3016/1116/2899 3015/1117/2898
f 3015/1117/2898 3016/1116/2899 3018/1118/2901 3017/1119/2900
f 3017/1119/2900 3018/1118/2901 3020/1120/2903 3019/1121/2902
f 2947/1122/2830 2946/1123/2829 3042/1124/2925 3043/1125/2926
f 3019/1121/2902 3020/1120/2903 3022/1126/2905 3021/1127/2904
f 3021/1127/2904 3022/1126/2905 2962/1128/2845 2959/1129/2842
f 2866/1130/2749 2864/1131/2747 2928/1132/2811 2927/1133/2810
f 2868/1134/2751 2866/1130/2749 2927/1133/2810 2929/1135/2812
f 2870/1136/2753 2868/1134/2751 2929/1135/2812 2930/1137/2813
f 2872/1138/2755 2870/1136/2753 2930/1137/2813 2931/1139/2814
f 2874/1140/2757 2872/1138/2755 2931/1139/2814 2932/1141/2815
f 2876/1142/2759 2874/1140/2757 2932/1141/2815 2933/1143/2816
f 2878/1144/2761 2876/1142/2759 2933/1143/2816 2934/1145/2817
f 2880/1146/2763 2878/1144/2761 2934/1145/2817 2935/1147/2818
f 2882/1148/2765 2880/1146/2763 2935/1147/2818 2936/1149/2819
f 2884/1150/2767 2882/1148/2765 2936/1149/2819 2937/1151/2820
f 2886/1152/2769 2884/1150/2767 2937/1151/2820 2938/1153/2821
f 2888/1154/2771 2886/1152/2769 2938/1153/2821 2939/1155/2822
f 2890/1156/2773 2888/1154/2771 2939/1155/2822 2940/1157/2823
f 2892/1158/2775 2890/1156/2773 2940/1157/2823 2941/1159/2824
f 2894/1160/2777 2892/1158/2775 2941/1159/2824 2942/1161/2825
f 2896/1162/2779 2894/1160/2777 2942/1161/2825 2943/1163/2826
f 2898/1164/2781 2896/1162/2779 2943/1163/2826 2944/1165/2827
f 2900/1166/2783 2898/1164/2781 2944/1165/2827 2945/1167/2828
f 2902/1168/2785 2900/1166/2783 2945/1167/2828 2946/1123/2829
f 2904/1169/2787 2902/1168/2785 2946/1123/2829 2947/1122/2830
f 2906/1170/2789 2904/1169/2787 2947/1122/2830 2948/1171/2831
f 2908/1172/2791 2906/1170/2789 2948/1171/2831 2949/1173/2832
f 2910/1174/2793 2908/1172/2791 2949/1173/2832 2950/1175/2833
f 2912/1176/2795 2910/1174/2793 2950/1175/2833 2951/1177/2834
f 2914/1178/2797 2912/1176/2795 2951/1177/2834 2952/1179/2835
f 2916/1180/2799 2914/1178/2797 2952/1179/2835 2953/1181/2836
f 2918/1182/2801 2916/1180/2799 2953/1181/2836 2954/1183/2837
f 2920/1184/2803 2918/1182/2801 2954/1183/2837 2955/1185/2838
f 2922/1186/2805 2920/1184/2803 2955/1185/2838 2956/1187/2839
f 2924/1188/2807 2922/1186/2805 2956/1187/2839 2957/1189/2840
f 2919/1190/2802 2921/1191/2804 3151/1192/3034
f 2926/1193/2809 2924/1188/2807 2957/1189/2840 2958/1194/2841
f 2864/1131/2747 2926/1193/2809 2958/1194/2841 2928/1132/2811
f 2959/1129/2842 2960/1195/2843 2865/1196/2748 2863/1197/2746
f 2961/1048/2844 2962/1047/2845 2864/1198/2747 2866/1199/2749
f 2960/1195/2843 2963/1200/2846 2867/1201/2750 2865/1196/2748
f 2964/1050/2847 2961/1048/2844 2866/1199/2749 2868/1202/2751
f 2963/1200/2846 2965/1054/2848 2869/1203/2752 2867/1201/2750
f 2966/1052/2849 2964/1050/2847 2868/1202/2751 2870/1204/2753
f 2965/1054/2848 2967/1057/2850 2871/1205/2754 2869/1203/2752
f 2968/1056/2851 2966/1055/2849 2870/1136/2753 2872/1138/2755
f 2967/1057/2850 2969/1059/2852 2873/1206/2756 2871/1205/2754
f 2970/1058/2853 2968/1056/2851 2872/1138/2755 2874/1140/2757
f 2969/1059/2852 2971/1061/2854 2875/1207/2758 2873/1206/2756
f 2972/1060/2855 2970/1058/2853 2874/1140/2757 2876/1142/2759
f 2971/1061/2854 2973/1063/2856 2877/1208/2760 2875/1207/2758
f 2974/1062/2857 2972/1060/2855 2876/1142/2759 2878/1144/2761
f 2973/1063/2856 2975/1065/2858 2879/1209/2762 2877/1208/2760
f 2976/1064/2859 2974/1062/2857 2878/1144/2761 2880/1146/2763
f 2975/1065/2858 2977/1210/2860 2881/1211/2764 2879/1209/2762
f 2978/1068/2861 2976/1067/2859 2880/1212/2763 2882/1213/2765
f 2977/1210/2860 2979/1214/2862 2883/1215/2766 2881/1211/2764
f 2980/1070/2863 2978/1068/2861 2882/1213/2765 2884/1216/2767
f 2979/1214/2862 2981/1074/2864 2885/1217/2768 2883/1215/2766
f 2982/1072/2865 2980/1070/2863 2884/1216/2767 2886/1218/2769
f 2981/1074/2864 2983/1077/2866 2887/1219/2770 2885/1217/2768
f 2984/1076/2867 2982/1075/2865 2886/1152/2769 2888/1154/2771
f 2983/1077/2866 2985/1079/2868 2889/1220/2772 2887/1219/2770
f 2986/1078/2869 2984/1076/2867 2888/1154/2771 2890/1156/2773
f 2985/1079/2868 2987/1081/2870 2891/1221/2774 2889/1220/2772
f 2988/1080/2871 2986/1078/2869 2890/1156/2773 2892/1158/2775
f 2987/1081/2870 2989/1083/2872 2893/1222/2776 2891/1221/2774
f 2990/1082/2873 2988/1080/2871 2892/1158/2775 2894/1160/2777
f 2989/1083/2872 2991/1085/2874 2895/1223/2778 2893/1222/2776
f 2992/1084/2875 2990/1082/2873 2894/1160/2777 2896/1162/2779
f 2991/1085/2874 2993/1224/2876 2897/1225/2780 2895/1223/2778
f 2994/1088/2877 2992/1087/2875 2896/1226/2779 2898/1227/2781
f 2993/1224/2876 2995/1228/2878 2899/1229/2782 2897/1225/2780
f 2996/1090/2879 2994/1088/2877 2898/1227/2781 2900/1230/2783
f 2995/1228/2878 2997/1231/2880 2901/1232/2784 2899/1229/2782
f 2998/1092/2881 2996/1090/2879 2900/1230/2783 2902/1233/2785
f 2997/1231/2880 2999/1096/2882 2903/1234/2786 2901/1232/2784
f 3000/1094/2883 2998/1092/2881 2902/1233/2785 2904/1235/2787
f 2999/1096/2882 3001/1099/2884 2905/1236/2788 2903/1234/2786
f 3002/1098/2885 3000/1097/2883 2904/1169/2787 2906/1170/2789
f 3001/1099/2884 3003/1101/2886 2907/1237/2790 2905/1236/2788
f 3004/1100/2887 3002/1098/2885 2906/1170/2789 2908/1172/2791
f 3003/1101/2886 3005/1103/2888 2909/1238/2792 2907/1237/2790
f 3006/1102/2889 3004/1100/2887 2908/1172/2791 2910/1174/2793
f 3005/1103/2888 3007/1105/2890 2911/1239/2794 2909/1238/2792
f 3008/1104/2891 3006/1102/2889 2910/1174/2793 2912/1176/2795
f 3007/1105/2890 3009/1240/2892 2913/1241/2796 2911/1239/2794
f 3010/1108/2893 3008/1107/2891 2912/1242/2795 2914/1243/2797
f 3009/1240/2892 3011/1244/2894 2915/1245/2798 2913/1241/2796
f 3012/1110/2895 3010/1108/2893 2914/1243/2797 2916/1246/2799
f 3011/1244/2894 3013/1114/2896 2917/1247/2800 2915/1245/2798
f 3014/1112/2897 3012/1110/2895 2916/1246/2799 2918/1248/2801
f 3013/1114/2896 3015/1117/2898 2919/1190/2802 2917/1247/2800
f 3016/1116/2899 3014/1115/2897 2918/1182/2801 2920/1184/2803
f 3015/1117/2898 3017/1119/2900 2921/1191/2804 2919/1190/2802
f 3018/1118/2901 3016/1116/2899 2920/1184/2803 2922/1186/2805
f 3017/1119/2900 3019/1121/2902 2923/1249/2806 2921/1191/2804
f 3020/1120/2903 3018/1118/2901 2922/1186/2805 2924/1188/2807
f 3019/1121/2902 3021/1127/2904 2925/1250/2808 2923/1249/2806
f 3022/1126/2905 3020/1120/2903 2924/1188/2807 2926/1193/2809
f 3021/1127/2904 2959/1129/2842 2863/1197/2746 2925/1250/2808
f 2962/1128/2845 3022/1126/2905 2926/1193/2809 2864/1131/2747
f 2929/1135/2812 2927/1133/2810 3023/1251/2906 3025/1252/2908
f 2954/1183/2837 2953/1181/2836 3049/1253/2932 3050/1254/2933
f 2934/1145/2817 2933/1143/2816 3029/1255/2912 3030/1256/2913
f 2941/1159/2824 2940/1157/2823 3036/1257/2919 3037/1258/2920
f 2948/1171/2831 2947/1122/2830 3043/1125/2926 3044/1259/2927
f 2955/1185/2838 2954/1183/2837 3050/1254/2933 3051/1260/2934
f 2935/1147/2818 2934/1145/2817 3030/1256/2913 3031/1261/2914
f 3024/1262/2907 3054/1263/2937 3086/1264/2969 3056/1265/2939
f 2942/1161/2825 2941/1159/2824 3037/1258/2920 3038/1266/2921
f 2949/1173/2832 2948/1171/2831 3044/1259/2927 3045/1267/2928
f 2956/1187/2839 2955/1185/2838 3051/1260/2934 3052/1268/2935
f 2936/1149/2819 2935/1147/2818 3031/1261/2914 3032/1269/2915
f 2943/1163/2826 2942/1161/2825 3038/1266/2921 3039/1270/2922
f 2950/1175/2833 2949/1173/2832 3045/1267/2928 3046/1271/2929
f 2928/1132/2811 2958/1194/2841 3054/1272/2937 3024/1273/2907
f 2957/1189/2840 2956/1187/2839 3052/1268/2935 3053/1274/2936
f 2937/1151/2820 2936/1149/2819 3032/1269/2915 3033/1275/2916
f 2944/1165/2827 2943/1163/2826 3039/1270/2922 3040/1276/2923
f 2951/1177/2834 2950/1175/2833 3046/1271/2929 3047/1277/2930
f 2931/1139/2814 2930/1137/2813 3026/1278/2909 3027/1279/2910
f 2958/1194/2841 2957/1189/2840 3053/1274/2936 3054/1272/2937
f 2938/1153/2821 2937/1151/2820 3033/1275/2916 3034/1280/2917
f 2945/1167/2828 2944/1165/2827 3040/1276/2923 3041/1281/2924
f 2952/1179/2835 2951/1177/2834 3047/1277/2930 3048/1282/2931
f 2932/1141/2815 2931/1139/2814 3027/1279/2910 3028/1283/2911
f 2939/1155/2822 2938/1153/2821 3034/1280/2917 3035/1284/2918
f 2946/1123/2829 2945/1167/2828 3041/1281/2924 3042/1124/2925
f 2953/1181/2836 2952/1179/2835 3048/1282/2931 3049/1253/2932
f 2933/1143/2816 2932/1141/2815 3028/1283/2911 3029/1255/2912
f 2930/1137/2813 2929/1135/2812 3025/1252/2908 3026/1278/2909
f 2940/1157/2823 2939/1155/2822 3035/1284/2918 3036/1257/2919
f 3150/1285/3033 3090/1286/2973 3056/1265/2939 3086/1264/2969
f 3023/1287/2906 3024/1262/2907 3056/1265/2939 3055/1288/2938
f 3027/1289/2910 3026/1290/2909 3058/1291/2941 3059/1292/2942
f 3028/1293/2911 3027/1289/2910 3059/1292/2942 3060/1294/2943
f 3029/1295/2912 3028/1293/2911 3060/1294/2943 3061/1296/2944
f 3030/1297/2913 3029/1295/2912 3061/1296/2944 3062/1298/2945
f 3031/1299/2914 3030/1297/2913 3062/1298/2945 3063/1300/2946
f 3032/1301/2915 3031/1299/2914 3063/1300/2946 3064/1302/2947
f 3033/1303/2916 3032/1301/2915 3064/1302/2947 3065/1304/2948
f 3034/1305/2917 3033/1303/2916 3065/1304/2948 3066/1306/2949
f 3035/1307/2918 3034/1305/2917 3066/1306/2949 3067/1308/2950
f 3036/1309/2919 3035/1307/2918 3067/1308/2950 3068/1310/2951
f 3037/1311/2920 3036/1309/2919 3068/1310/2951 3069/1312/2952
f 3038/1313/2921 3037/1311/2920 3069/1312/2952 3070/1314/2953
f 3039/1315/2922 3038/1313/2921 3070/1314/2953 3071/1316/2954
f 3040/1317/2923 3039/1315/2922 3071/1316/2954 3072/1318/2955
f 3041/1319/2924 3040/1317/2923 3072/1318/2955 3073/1320/2956
f 3042/1321/2925 3041/1319/2924 3073/1320/2956 3074/1322/2957
f 3043/1323/2926 3042/1321/2925 3074/1322/2957 3075/1324/2958
f 3044/1325/2927 3043/1323/2926 3075/1324/2958 3076/1326/2959
f 3045/1327/2928 3044/1325/2927 3076/1326/2959 3077/1328/2960
f 3046/1329/2929 3045/1327/2928 3077/1328/2960 3078/1330/2961
f 3047/1331/2930 3046/1329/2929 3078/1330/2961 3079/1332/2962
f 3048/1333/2931 3047/1331/2930 3079/1332/2962 3080/1334/2963
f 3049/1335/2932 3048/1333/2931 3080/1334/2963 3081/1336/2964
f 3050/1337/2933 3049/1335/2932 3081/1336/2964 3082/1338/2965
f 3051/1339/2934 3050/1337/2933 3082/1338/2965 3083/1340/2966
f 3052/1341/2935 3051/1339/2934 3083/1340/2966 3084/1342/2967
f 3053/1343/2936 3052/1341/2935 3084/1342/2967 3085/1344/2968
f 3054/1263/2937 3053/1343/2936 3085/1344/2968 3086/1264/2969
f 3026/1290/2909 3025/1345/2908 3057/1346/2940 3058/1291/2941
f 2927/1133/2810 2928/1132/2811 3024/1273/2907 3023/1251/2906
f 3088/1347/2971 3092/1348/2975 3057/1346/2940 3055/1288/2938
f 3094/1349/2977 3096/1350/2979 3059/1292/2942 3058/1291/2941
f 3096/1350/2979 3098/1351/2981 3060/1294/2943 3059/1292/2942
f 3098/1351/2981 3100/1352/2983 3061/1296/2944 3060/1294/2943
f 3100/1352/2983 3102/1353/2985 3062/1298/2945 3061/1296/2944
f 3102/1353/2985 3104/1354/2987 3063/1300/2946 3062/1298/2945
f 3104/1354/2987 3106/1355/2989 3064/1302/2947 3063/1300/2946
f 3106/1355/2989 3108/1356/2991 3065/1304/2948 3064/1302/2947
f 3108/1356/2991 3110/1357/2993 3066/1306/2949 3065/1304/2948
f 3110/1357/2993 3112/1358/2995 3067/1308/2950 3066/1306/2949
f 3112/1358/2995 3114/1359/2997 3068/1310/2951 3067/1308/2950
f 3114/1359/2997 3116/1360/2999 3069/1312/2952 3068/1310/2951
f 3116/1360/2999 3118/1361/3001 3070/1314/2953 3069/1312/2952
f 3118/1361/3001 3120/1362/3003 3071/1316/2954 3070/1314/2953
f 3120/1362/3003 3122/1363/3005 3072/1318/2955 3071/1316/2954
f 3122/1363/3005 3124/1364/3007 3073/1320/2956 3072/1318/2955
f 3124/1364/3007 3126/1365/3009 3074/1322/2957 3073/1320/2956
f 3126/1365/3009 3128/1366/3011 3075/1324/2958 3074/1322/2957
f 3128/1366/3011 3130/1367/3013 3076/1326/2959 3075/1324/2958
f 3130/1367/3013 3132/1368/3015 3077/1328/2960 3076/1326/2959
f 3132/1368/3015 3134/1369/3017 3078/1330/2961 3077/1328/2960
f 3134/1369/3017 3136/1370/3019 3079/1332/2962 3078/1330/2961
f 3136/1370/3019 3138/1371/3021 3080/1334/2963 3079/1332/2962
f 3138/1371/3021 3140/1372/3023 3081/1336/2964 3080/1334/2963
f 3140/1372/3023 3142/1373/3025 3082/1338/2965 3081/1336/2964
f 3142/1373/3025 3144/1374/3027 3083/1340/2966 3082/1338/2965
f 3144/1374/3027 3146/1375/3029 3084/1342/2967 3083/1340/2966
f 3146/1375/3029 3148/1376/3031 3085/1344/2968 3084/1342/2967
f 3148/1376/3031 3150/1285/3033 3086/1264/2969 3085/1344/2968
f 3092/1348/2975 3094/1349/2977 3058/1291/2941 3057/1346/2940
f 3025/1345/2908 3023/1287/2906 3055/1288/2938 3057/1346/2940
f 3089/1377/2972 3087/1378/2970 3088/1347/2971 3090/1286/2973
f 3087/1378/2970 3091/1379/2974 3092/1348/2975 3088/1347/2971
f 3091/1379/2974 3093/1380/2976 3094/1349/2977 3092/1348/2975
f 3093/1380/2976 3095/1381/2978 3096/1350/2979 3094/1349/2977
f 3095/1381/2978 3097/1382/2980 3098/1351/2981 3096/1350/2979
f 3097/1382/2980 3099/1383/2982 3100/1352/2983 3098/1351/2981
f 3099/1383/2982 3101/1384/2984 3102/1353/2985 3100/1352/2983
f 3101/1384/2984 3103/1385/2986 3104/1354/2987 3102/1353/2985
f 3103/1385/2986 3105/1386/2988 3106/1355/2989 3104/1354/2987
f 3105/1386/2988 3107/1387/2990 3108/1356/2991 3106/1355/2989
f 3107/1387/2990 3109/1388/2992 3110/1357/2993 3108/1356/2991
f 3109/1388/2992 3111/1389/2994 3112/1358/2995 3110/1357/2993
f 3111/1389/2994 3113/1390/2996 3114/1359/2997 3112/1358/2995
f 3113/1390/2996 3115/1391/2998 3116/1360/2999 3114/1359/2997
f 3115/1391/2998 3117/1392/3000 3118/1361/3001 3116/1360/2999
f 3117/1392/3000 3119/1393/3002 3120/1362/3003 3118/1361/3001
f 3119/1393/3002 3121/1394/3004 3122/1363/3005 3120/1362/3003
f 3121/1394/3004 3123/1395/3006 3124/1364/3007 3122/1363/3005
f 3123/1395/3006 3125/1396/3008 3126/1365/3009 3124/1364/3007
f 3125/1396/3008 3127/1397/3010 3128/1366/3011 3126/1365/3009
f 3127/1397/3010 3129/1398/3012 3130/1367/3013 3128/1366/3011
f 3129/1398/3012 3131/1399/3014 3132/1368/3015 3130/1367/3013
f 3131/1399/3014 3133/1400/3016 3134/1369/3017 3132/1368/3015
f 3133/1400/3016 3135/1401/3018 3136/1370/3019 3134/1369/3017
f 3135/1401/3018 3137/1402/3020 3138/1371/3021 3136/1370/3019
f 3137/1402/3020 3139/1403/3022 3140/1372/3023 3138/1371/3021
f 3139/1403/3022 3141/1404/3024 3142/1373/3025 3140/1372/3023
f 3141/1404/3024 3143/1405/3026 3144/1374/3027 3142/1373/3025
f 3143/1405/3026 3145/1406/3028 3146/1375/3029 3144/1374/3027
f 3145/1406/3028 3147/1407/3030 3148/1376/3031 3146/1375/3029
f 3147/1407/3030 3149/1408/3032 3150/1285/3033 3148/1376/3031
f 3149/1408/3032 3089/1377/2972 3090/1286/2973 3150/1285/3033
f 3090/1286/2973 3088/1347/2971 3055/1288/2938 3056/1265/2939
f 2879/1209/2762 2881/1211/2764 3151/1192/3034
f 2893/1222/2776 2895/1223/2778 3151/1192/3034
f 2907/1237/2790 2909/1238/2792 3151/1192/3034
f 2867/1201/2750 2869/1203/2752 3151/1192/3034
f 2921/1191/2804 2923/1249/2806 3151/1192/3034
f 2881/1211/2764 2883/1215/2766 3151/1192/3034
f 2895/1223/2778 2897/1225/2780 3151/1192/3034
f 2909/1238/2792 2911/1239/2794 3151/1192/3034
f 2869/1203/2752 2871/1205/2754 3151/1192/3034
f 2923/1249/2806 2925/1250/2808 3151/1192/3034
f 2883/1215/2766 2885/1217/2768 3151/1192/3034
f 2897/1225/2780 2899/1229/2782 3151/1192/3034
f 2911/1239/2794 2913/1241/2796 3151/1192/3034
f 2871/1205/2754 2873/1206/2756 3151/1192/3034
f 2925/1250/2808 2863/1197/2746 3151/1192/3034
f 2885/1217/2768 2887/1219/2770 3151/1192/3034
f 2899/1229/2782 2901/1232/2784 3151/1192/3034
f 2913/1241/2796 2915/1245/2798 3151/1192/3034
f 2873/1206/2756 2875/1207/2758 3151/1192/3034
f 2887/1219/2770 2889/1220/2772 3151/1192/3034
f 2901/1232/2784 2903/1234/2786 3151/1192/3034
f 2915/1245/2798 2917/1247/2800 3151/1192/3034
f 2875/1207/2758 2877/1208/2760 3151/1192/3034
f 2889/1220/2772 2891/1221/2774 3151/1192/3034
f 2903/1234/2786 2905/1236/2788 3151/1192/3034
f 2863/1197/2746 2865/1196/2748 3151/1192/3034
f 2917/1247/2800 2919/1190/2802 3151/1192/3034
f 2877/1208/2760 2879/1209/2762 3151/1192/3034
f 2891/1221/2774 2893/1222/2776 3151/1192/3034
f 2905/1236/2788 2907/1237/2790 3151/1192/3034
f 2865/1196/2748 2867/1201/2750 3151/1192/3034
f 3099/1383/2982 3097/1382/2980 3157/1409/3040 3158/1410/3041
f 3117/1392/3000 3115/1391/2998 3166/1411/3049 3167/1412/3050
f 3135/1401/3018 3133/1400/3016 3175/1413/3058 3176/1414/3059
f 3091/1379/2974 3087/1378/2970 3152/1415/3035 3154/1416/3037
f 3109/1388/2992 3107/1387/2990 3162/1417/3045 3163/1418/3046
f 3127/1397/3010 3125/1396/3008 3171/1419/3054 3172/1420/3055
f 3145/1406/3028 3143/1405/3026 3180/1421/3063 3181/1422/3064
f 3101/1384/2984 3099/1383/2982 3158/1410/3041 3159/1423/3042
f 3119/1393/3002 3117/1392/3000 3167/1412/3050 3168/1424/3051
f 3137/1402/3020 3135/1401/3018 3176/1414/3059 3177/1425/3060
f 3093/1380/2976 3091/1379/2974 3154/1416/3037 3155/1426/3038
f 3111/1389/2994 3109/1388/2992 3163/1418/3046 3164/1427/3047
f 3129/1398/3012 3127/1397/3010 3172/1420/3055 3173/1428/3056
f 3147/1407/3030 3145/1406/3028 3181/1422/3064 3182/1429/3065
f 3103/1385/2986 3101/1384/2984 3159/1423/3042 3160/1430/3043
f 3121/1394/3004 3119/1393/3002 3168/1424/3051 3169/1431/3052
f 3139/1403/3022 3137/1402/3020 3177/1425/3060 3178/1432/3061
f 3095/1381/2978 3093/1380/2976 3155/1426/3038 3156/1433/3039
f 3113/1390/2996 3111/1389/2994 3164/1427/3047 3165/1434/3048
f 3131/1399/3014 3129/1398/3012 3173/1428/3056 3174/1435/3057
f 3149/1408/3032 3147/1407/3030 3182/1429/3065 3183/1436/3066
f 3105/1386/2988 3103/1385/2986 3160/1430/3043 3161/1437/3044
f 3123/1395/3006 3121/1394/3004 3169/1431/3052 3170/1438/3053
f 3141/1404/3024 3139/1403/3022 3178/1432/3061 3179/1439/3062
f 3097/1382/2980 3095/1381/2978 3156/1433/3039 3157/1409/3040
f 3115/1391/2998 3113/1390/2996 3165/1434/3048 3166/1411/3049
f 3133/1400/3016 3131/1399/3014 3174/1435/3057 3175/1413/3058
f 3089/1377/2972 3149/1408/3032 3183/1436/3066 3153/1440/3036
f 3087/1378/2970 3089/1377/2972 3153/1440/3036 3152/1415/3035
f 3107/1387/2990 3105/1386/2988 3161/1437/3044 3162/1417/3045
f 3125/1396/3008 3123/1395/3006 3170/1438/3053 3171/1419/3054
f 3143/1405/3026 3141/1404/3024 3179/1439/3062 3180/1421/3063
f 3169/1431/3052 3168/1424/3051 3184/1441/3067
f 3156/1433/3039 3155/1426/3038 3184/1441/3067
f 3183/1436/3066 3182/1429/3065 3184/1441/3067
f 3170/1438/3053 3169/1431/3052 3184/1441/3067
f 3157/1409/3040 3156/1433/3039 3184/1441/3067
f 3153/1440/3036 3183/1436/3066 3184/1441/3067
f 3171/1419/3054 3170/1438/3053 3184/1441/3067
f 3158/1410/3041 3157/1409/3040 3184/1441/3067
f 3172/1420/3055 3171/1419/3054 3184/1441/3067
f 3159/1423/3042 3158/1410/3041 3184/1441/3067
f 3173/1428/3056 3172/1420/3055 3184/1441/3067
f 3160/1430/3043 3159/1423/3042 3184/1441/3067
f 3174/1435/3057 3173/1428/3056 3184/1441/3067
f 3161/1437/3044 3160/1430/3043 3184/1441/3067
f 3175/1413/3058 3174/1435/3057 3184/1441/3067
f 3162/1417/3045 3161/1437/3044 3184/1441/3067
f 3176/1414/3059 3175/1413/3058 3184/1441/3067
f 3163/1418/3046 3162/1417/3045 3184/1441/3067
f 3177/1425/3060 3176/1414/3059 3184/1441/3067
f 3164/1427/3047 3163/1418/3046 3184/1441/3067
f 3178/1432/3061 3177/1425/3060 3184/1441/3067
f 3165/1434/3048 3164/1427/3047 3184/1441/3067
f 3179/1439/3062 3178/1432/3061 3184/1441/3067
f 3166/1411/3049 3165/1434/3048 3184/1441/3067
f 3152/1415/3035 3153/1440/3036 3184/1441/3067
f 3180/1421/3063 3179/1439/3062 3184/1441/3067
f 3167/1412/3050 3166/1411/3049 3184/1441/3067
f 3154/1416/3037 3152/1415/3035 3184/1441/3067
f 3181/1422/3064 3180/1421/3063 3184/1441/3067
f 3168/1424/3051 3167/1412/3050 3184/1441/3067
f 3155/1426/3038 3154/1416/3037 3184/1441/3067
f 3182/1429/3065 3181/1422/3064 3184/1441/3067
f 3185/1442/3068 3186/1443/3069 3188/1444/3071 3187/1445/3070
f 3187/1445/3070 3188/1444/3071 3190/1446/3073 3189/1447/3072
f 3189/1447/3072 3190/1446/3073 3192/1448/3075 3191/1449/3074
f 3191/1449/3074 3192/1448/3075 3194/1450/3077 3193/1451/3076
f 3193/1451/3076 3194/1450/3077 3196/1452/3079 3195/1453/3078
f 3195/1453/3078 3196/1452/3079 3198/1454/3081 3197/1455/3080
f 3197/1455/3080 3198/1454/3081 3200/1456/3083 3199/1457/3082
f 3199/1457/3082 3200/1456/3083 3202/1458/3085 3201/1459/3084
f 3201/1459/3084 3202/1458/3085 3204/1460/3087 3203/1461/3086
f 3203/1461/3086 3204/1460/3087 3206/1462/3089 3205/1463/3088
f 3205/1463/3088 3206/1462/3089 3208/1464/3091 3207/1465/3090
f 3207/1465/3090 3208/1464/3091 3210/1466/3093 3209/1467/3092
f 3209/1467/3092 3210/1466/3093 3212/1468/3095 3211/1469/3094
f 3211/1469/3094 3212/1468/3095 3214/1470/3097 3213/1471/3096
f 3213/1471/3096 3214/1470/3097 3216/1472/3099 3215/1473/3098
f 3215/1473/3098 3216/1472/3099 3218/1474/3101 3217/1475/3100
f 3217/1475/3100 3218/1474/3101 3220/1476/3103 3219/1477/3102
f 3219/1477/3102 3220/1476/3103 3222/1478/3105 3221/1479/3104
f 3221/1479/3104 3222/1478/3105 3224/1480/3107 3223/1481/3106
f 3223/1481/3106 3224/1480/3107 3226/1482/3109 3225/1483/3108
f 3225/1483/3108 3226/1482/3109 3228/1484/3111 3227/1485/3110
f 3227/1485/3110 3228/1484/3111 3230/1486/3113 3229/1487/3112
f 3229/1487/3112 3230/1486/3113 3232/1488/3115 3231/1489/3114
f 3231/1489/3114 3232/1488/3115 3234/1490/3117 3233/1491/3116
f 3233/1491/3116 3234/1490/3117 3236/1492/3119 3235/1493/3118
f 3235/1493/3118 3236/1492/3119 3238/1494/3121 3237/1495/3120
f 3237/1495/3120 3238/1494/3121 3240/1496/3123 3239/1497/3122
f 3239/1497/3122 3240/1496/3123 3242/1498/3125 3241/1499/3124
f 3241/1499/3124 3242/1498/3125 3244/1500/3127 3243/1501/3126
f 3243/1501/3126 3244/1500/3127 3246/1502/3129 3245/1503/3128
f 3188/1444/3071 3186/1443/3069 3248/1504/3131 3246/1502/3129 3244/1500/3127 3242/1498/3125 3240/1496/3123 3238/1494/3121 3236/1492/3119 3234/1490/3117 3232/1488/3115 3230/1486/3113 3228/1484/3111 3226/1482/3109 3224/1480/3107 3222/1478/3105 3220/1476/3103 3218/1474/3101 3216/1472/3099 3214/1470/3097 3212/1468/3095 3210/1466/3093 3208/1464/3091 3206/1462/3089 3204/1460/3087 3202/1458/3085 3200/1456/3083 3198/1454/3081 3196/1452/3079 3194/1450/3077 3192/1448/3075 3190/1446/3073
f 3245/1503/3128 3246/1502/3129 3248/1504/3131 3247/1505/3130
f 3247/1505/3130 3248/1504/3131 3186/1443/3069 3185/1442/3068
f 3189/1447/3072 3191/1449/3074 3252/1506/3135 3251/1507/3134
f 3280/1508/3163 3249/1509/3132 3281/1510/3164 3312/1511/3195
f 3207/1465/3090 3209/1467/3092 3261/1512/3144 3260/1513/3143
f 3225/1483/3108 3227/1485/3110 3270/1514/3153 3269/1515/3152
f 3243/1501/3126 3245/1503/3128 3279/1516/3162 3278/1517/3161
f 3199/1457/3082 3201/1459/3084 3257/1518/3140 3256/1519/3139
f 3217/1475/3100 3219/1477/3102 3266/1520/3149 3265/1521/3148
f 3235/1493/3118 3237/1495/3120 3275/1522/3158 3274/1523/3157
f 3191/1449/3074 3193/1451/3076 3253/1524/3136 3252/1506/3135
f 3209/1467/3092 3211/1469/3094 3262/1525/3145 3261/1512/3144
f 3227/1485/3110 3229/1487/3112 3271/1526/3154 3270/1514/3153
f 3245/1503/3128 3247/1505/3130 3280/1508/3163 3279/1516/3162
f 3201/1459/3084 3203/1461/3086 3258/1527/3141 3257/1518/3140
f 3219/1477/3102 3221/1479/3104 3267/1528/3150 3266/1520/3149
f 3237/1495/3120 3239/1497/3122 3276/1529/3159 3275/1522/3158
f 3193/1451/3076 3195/1453/3078 3254/1530/3137 3253/1524/3136
f 3211/1469/3094 3213/1471/3096 3263/1531/3146 3262/1525/3145
f 3229/1487/3112 3231/1489/3114 3272/1532/3155 3271/1526/3154
f 3185/1442/3068 3187/1445/3070 3250/1533/3133 3249/1509/3132
f 3247/1505/3130 3185/1442/3068 3249/1509/3132 3280/1508/3163
f 3203/1461/3086 3205/1463/3088 3259/1534/3142 3258/1527/3141
f 3221/1479/3104 3223/1481/3106 3268/1535/3151 3267/1528/3150
f 3239/1497/3122 3241/1499/3124 3277/1536/3160 3276/1529/3159
f 3195/1453/3078 3197/1455/3080 3255/1537/3138 3254/1530/3137
f 3213/1471/3096 3215/1473/3098 3264/1538/3147 3263/1531/3146
f 3231/1489/3114 3233/1491/3116 3273/1539/3156 3272/1532/3155
f 3187/1445/3070 3189/1447/3072 3251/1507/3134 3250/1533/3133
f 3205/1463/3088 3207/1465/3090 3260/1513/3143 3259/1534/3142
f 3223/1481/3106 3225/1483/3108 3269/1515/3152 3268/1535/3151
f 3241/1499/3124 3243/1501/3126 3278/1517/3161 3277/1536/3160
f 3197/1455/3080 3199/1457/3082 3256/1519/3139 3255/1537/3138
f 3215/1473/3098 3217/1475/3100 3265/1521/3148 3264/1538/3147
f 3233/1491/3116 3235/1493/3118 3274/1523/3157 3273/1539/3156
f 3302/1540/3185 3303/1541/3186 3335/1542/3218 3334/1543/3217
f 3267/1528/3150 3268/1535/3151 3300/1544/3183 3299/1545/3182
f 3254/1530/3137 3255/1537/3138 3287/1546/3170 3286/1547/3169
f 3268/1535/3151 3269/1515/3152 3301/1548/3184 3300/1544/3183
f 3255/1537/3138 3256/1519/3139 3288/1549/3171 3287/1546/3170
f 3269/1515/3152 3270/1514/3153 3302/1550/3185 3301/1548/3184
f 3256/1519/3139 3257/1518/3140 3289/1551/3172 3288/1549/3171
f 3270/1514/3153 3271/1526/3154 3303/1552/3186 3302/1550/3185
f 3257/1518/3140 3258/1527/3141 3290/1553/3173 3289/1551/3172
f 3271/1526/3154 3272/1532/3155 3304/1554/3187 3303/1552/3186
f 3258/1527/3141 3259/1534/3142 3291/1555/3174 3290/1553/3173
f 3272/1532/3155 3273/1539/3156 3305/1556/3188 3304/1554/3187
f 3259/1534/3142 3260/1513/3143 3292/1557/3175 3291/1555/3174
f 3273/1539/3156 3274/1523/3157 3306/1558/3189 3305/1556/3188
f 3260/1513/3143 3261/1512/3144 3293/1559/3176 3292/1557/3175
f 3274/1523/3157 3275/1522/3158 3307/1560/3190 3306/1558/3189
f 3261/1512/3144 3262/1525/3145 3294/1561/3177 3293/1559/3176
f 3275/1522/3158 3276/1529/3159 3308/1562/3191 3307/1560/3190
f 3262/1525/3145 3263/1531/3146 3295/1563/3178 3294/1561/3177
f 3249/1509/3132 3250/1533/3133 3282/1564/3165 3281/1510/3164
f 3276/1529/3159 3277/1536/3160 3309/1565/3192 3308/1562/3191
f 3263/1531/3146 3264/1538/3147 3296/1566/3179 3295/1563/3178
f 3250/1533/3133 3251/1507/3134 3283/1567/3166 3282/1564/3165
f 3277/1536/3160 3278/1517/3161 3310/1568/3193 3309/1565/3192
f 3264/1538/3147 3265/1521/3148 3297/1569/3180 3296/1566/3179
f 3251/1507/3134 3252/1506/3135 3284/1570/3167 3283/1567/3166
f 3278/1517/3161 3279/1516/3162 3311/1571/3194 3310/1568/3193
f 3265/1521/3148 3266/1520/3149 3298/1572/3181 3297/1569/3180
f 3252/1506/3135 3253/1524/3136 3285/1573/3168 3284/1570/3167
f 3279/1516/3162 3280/1508/3163 3312/1511/3195 3311/1571/3194
f 3266/1520/3149 3267/1528/3150 3299/1545/3182 3298/1572/3181
f 3253/1524/3136 3254/1530/3137 3286/1547/3169 3285/1573/3168
f 3337/1574/3220 3338/1575/3221 3370/1576/3253 3369/1577/3252
f 3289/1578/3172 3290/1579/3173 3322/1580/3205 3321/1581/3204
f 3303/1541/3186 3304/1582/3187 3336/1583/3219 3335/1542/3218
f 3290/1579/3173 3291/1584/3174 3323/1585/3206 3322/1580/3205
f 3304/1582/3187 3305/1586/3188 3337/1574/3220 3336/1583/3219
f 3291/1587/3174 3292/1588/3175 3324/1589/3207 3323/1590/3206
f 3305/1586/3188 3306/1591/3189 3338/1575/3221 3337/1574/3220
f 3292/1588/3175 3293/1592/3176 3325/1593/3208 3324/1589/3207
f 3306/1591/3189 3307/1594/3190 3339/1595/3222 3338/1575/3221
f 3293/1592/3176 3294/1596/3177 3326/1597/3209 3325/1593/3208
f 3307/1598/3190 3308/1599/3191 3340/1600/3223 3339/1601/3222
f 3294/1596/3177 3295/1602/3178 3327/1603/3210 3326/1597/3209
f 3281/1604/3164 3282/1605/3165 3314/1606/3197 3313/1607/3196
f 3308/1599/3191 3309/1608/3192 3341/1609/3224 3340/1600/3223
f 3295/1602/3178 3296/1610/3179 3328/1611/3211 3327/1603/3210
f 3282/1605/3165 3283/1612/3166 3315/1613/3198 3314/1606/3197
f 3309/1608/3192 3310/1614/3193 3342/1615/3225 3341/1609/3224
f 3296/1610/3179 3297/1616/3180 3329/1617/3212 3328/1611/3211
f 3283/1618/3166 3284/1619/3167 3316/1620/3199 3315/1621/3198
f 3310/1614/3193 3311/1622/3194 3343/1623/3226 3342/1615/3225
f 3297/1616/3180 3298/1624/3181 3330/1625/3213 3329/1617/3212
f 3284/1619/3167 3285/1626/3168 3317/1627/3200 3316/1620/3199
f 3311/1622/3194 3312/1628/3195 3344/1629/3227 3343/1623/3226
f 3298/1624/3181 3299/1630/3182 3331/1631/3214 3330/1625/3213
f 3285/1626/3168 3286/1632/3169 3318/1633/3201 3317/1627/3200
f 3312/1628/3195 3281/1604/3164 3313/1607/3196 3344/1629/3227
f 3299/1634/3182 3300/1635/3183 3332/1636/3215 3331/1637/3214
f 3286/1632/3169 3287/1638/3170 3319/1639/3202 3318/1633/3201
f 3300/1635/3183 3301/1640/3184 3333/1641/3216 3332/1636/3215
f 3287/1638/3170 3288/1642/3171 3320/1643/3203 3319/1639/3202
f 3301/1640/3184 3302/1540/3185 3334/1543/3217 3333/1641/3216
f 3288/1642/3171 3289/1578/3172 3321/1581/3204 3320/1643/3203
f 3345/1644/3228 3346/1645/3229 3378/1646/3261 3377/1647/3260
f 3324/1589/3207 3325/1593/3208 3357/1648/3240 3356/1649/3239
f 3338/1575/3221 3339/1595/3222 3371/1650/3254 3370/1576/3253
f 3325/1593/3208 3326/1597/3209 3358/1651/3241 3357/1648/3240
f 3339/1601/3222 3340/1600/3223 3372/1652/3255 3371/1653/3254
f 3326/1597/3209 3327/1603/3210 3359/1654/3242 3358/1651/3241
f 3313/1607/3196 3314/1606/3197 3346/1645/3229 3345/1644/3228
f 3340/1600/3223 3341/1609/3224 3373/1655/3256 3372/1652/3255
f 3327/1603/3210 3328/1611/3211 3360/1656/3243 3359/1654/3242
f 3314/1606/3197 3315/1613/3198 3347/1657/3230 3346/1645/3229
f 3341/1609/3224 3342/1615/3225 3374/1658/3257 3373/1655/3256
f 3328/1611/3211 3329/1617/3212 3361/1659/3244 3360/1656/3243
f 3315/1621/3198 3316/1620/3199 3348/1660/3231 3347/1661/3230
f 3342/1615/3225 3343/1623/3226 3375/1662/3258 3374/1658/3257
f 3329/1617/3212 3330/1625/3213 3362/1663/3245 3361/1659/3244
f 3316/1620/3199 3317/1627/3200 3349/1664/3232 3348/1660/3231
f 3343/1623/3226 3344/1629/3227 3376/1665/3259 3375/1662/3258
f 3330/1625/3213 3331/1631/3214 3363/1666/3246 3362/1663/3245
f 3317/1627/3200 3318/1633/3201 3350/1667/3233 3349/1664/3232
f 3344/1629/3227 3313/1607/3196 3345/1644/3228 3376/1665/3259
f 3331/1637/3214 3332/1636/3215 3364/1668/3247 3363/1669/3246
f 3318/1633/3201 3319/1639/3202 3351/1670/3234 3350/1667/3233
f 3332/1636/3215 3333/1641/3216 3365/1671/3248 3364/1668/3247
f 3319/1639/3202 3320/1643/3203 3352/1672/3235 3351/1670/3234
f 3333/1641/3216 3334/1543/3217 3366/1673/3249 3365/1671/3248
f 3320/1643/3203 3321/1581/3204 3353/1674/3236 3352/1672/3235
f 3334/1543/3217 3335/1542/3218 3367/1675/3250 3366/1673/3249
f 3321/1581/3204 3322/1580/3205 3354/1676/3237 3353/1674/3236
f 3335/1542/3218 3336/1583/3219 3368/1677/3251 3367/1675/3250
f 3322/1580/3205 3323/1585/3206 3355/1678/3238 3354/1676/3237
f 3336/1583/3219 3337/1574/3220 3369/1577/3252 3368/1677/3251
f 3323/1590/3206 3324/1589/3207 3356/1649/3239 3355/1679/3238
f 3380/1680/3263 3381/1681/3264 3413/1682/3296 3412/1683/3295
f 3372/1652/3255 3373/1655/3256 3405/1684/3288 3404/1685/3287
f 3359/1654/3242 3360/1656/3243 3392/1686/3275 3391/1687/3274
f 3346/1645/3229 3347/1657/3230 3379/1688/3262 3378/1646/3261
f 3373/1655/3256 3374/1658/3257 3406/1689/3289 3405/1684/3288
f 3360/1656/3243 3361/1659/3244 3393/1690/3276 3392/1686/3275
f 3347/1661/3230 3348/1660/3231 3380/1680/3263 3379/1691/3262
f 3374/1658/3257 3375/1662/3258 3407/1692/3290 3406/1689/3289
f 3361/1659/3244 3362/1663/3245 3394/1693/3277 3393/1690/3276
f 3348/1660/3231 3349/1664/3232 3381/1681/3264 3380/1680/3263
f 3375/1662/3258 3376/1665/3259 3408/1694/3291 3407/1692/3290
f 3362/1663/3245 3363/1666/3246 3395/1695/3278 3394/1693/3277
f 3349/1664/3232 3350/1667/3233 3382/1696/3265 3381/1681/3264
f 3376/1665/3259 3345/1644/3228 3377/1647/3260 3408/1694/3291
f 3363/1669/3246 3364/1668/3247 3396/1697/3279 3395/1698/3278
f 3350/1667/3233 3351/1670/3234 3383/1699/3266 3382/1696/3265
f 3364/1668/3247 3365/1671/3248 3397/1700/3280 3396/1697/3279
f 3351/1670/3234 3352/1672/3235 3384/1701/3267 3383/1699/3266
f 3365/1671/3248 3366/1673/3249 3398/1702/3281 3397/1700/3280
f 3352/1672/3235 3353/1674/3236 3385/1703/3268 3384/1701/3267
f 3366/1673/3249 3367/1675/3250 3399/1704/3282 3398/1702/3281
f 3353/1674/3236 3354/1676/3237 3386/1705/3269 3385/1703/3268
f 3367/1675/3250 3368/1677/3251 3400/1706/3283 3399/1704/3282
f 3354/1676/3237 3355/1678/3238 3387/1707/3270 3386/1705/3269
f 3368/1677/3251 3369/1577/3252 3401/1708/3284 3400/1706/3283
f 3355/1679/3238 3356/1649/3239 3388/1709/3271 3387/1710/3270
f 3369/1577/3252 3370/1576/3253 3402/1711/3285 3401/1708/3284
f 3356/1649/3239 3357/1648/3240 3389/1712/3272 3388/1709/3271
f 3370/1576/3253 3371/1650/3254 3403/1713/3286 3402/1711/3285
f 3357/1648/3240 3358/1651/3241 3390/1714/3273 3389/1712/3272
f 3371/1653/3254 3372/1652/3255 3404/1685/3287 3403/1715/3286
f 3358/1651/3241 3359/1654/3242 3391/1687/3274 3390/1714/3273
f 3415/1716/3298 3416/1717/3299 3448/1718/3331 3447/1719/3330
f 3407/1692/3290 3408/1694/3291 3440/1720/3323 3439/1721/3322
f 3394/1693/3277 3395/1695/3278 3427/1722/3310 3426/1723/3309
f 3381/1681/3264 3382/1696/3265 3414/1724/3297 3413/1682/3296
f 3408/1694/3291 3377/1647/3260 3409/1725/3292 3440/1720/3323
f 3395/1698/3278 3396/1697/3279 3428/1726/3311 3427/1727/3310
f 3382/1696/3265 3383/1699/3266 3415/1716/3298 3414/1724/3297
f 3396/1697/3279 3397/1700/3280 3429/1728/3312 3428/1726/3311
f 3383/1699/3266 3384/1701/3267 3416/1717/3299 3415/1716/3298
f 3397/1700/3280 3398/1702/3281 3430/1729/3313 3429/1728/3312
f 3384/1701/3267 3385/1703/3268 3417/1730/3300 3416/1717/3299
f 3398/1702/3281 3399/1704/3282 3431/1731/3314 3430/1729/3313
f 3385/1703/3268 3386/1705/3269 3418/1732/3301 3417/1730/3300
f 3399/1704/3282 3400/1706/3283 3432/1733/3315 3431/1731/3314
f 3386/1705/3269 3387/1707/3270 3419/1734/3302 3418/1732/3301
f 3400/1706/3283 3401/1708/3284 3433/1735/3316 3432/1733/3315
f 3387/1710/3270 3388/1709/3271 3420/1736/3303 3419/1737/3302
f 3401/1708/3284 3402/1711/3285 3434/1738/3317 3433/1735/3316
f 3388/1709/3271 3389/1712/3272 3421/1739/3304 3420/1736/3303
f 3402/1711/3285 3403/1713/3286 3435/1740/3318 3434/1738/3317
f 3389/1712/3272 3390/1714/3273 3422/1741/3305 3421/1739/3304
f 3403/1715/3286 3404/1685/3287 3436/1742/3319 3435/1743/3318
f 3390/1714/3273 3391/1687/3274 3423/1744/3306 3422/1741/3305
f 3377/1647/3260 3378/1646/3261 3410/1745/3293 3409/1725/3292
f 3404/1685/3287 3405/1684/3288 3437/1746/3320 3436/1742/3319
f 3391/1687/3274 3392/1686/3275 3424/1747/3307 3423/1744/3306
f 3378/1646/3261 3379/1688/3262 3411/1748/3294 3410/1745/3293
f 3405/1684/3288 3406/1689/3289 3438/1749/3321 3437/1746/3320
f 3392/1686/3275 3393/1690/3276 3425/1750/3308 3424/1747/3307
f 3379/1691/3262 3380/1680/3263 3412/1683/3295 3411/1751/3294
f 3406/1689/3289 3407/1692/3290 3439/1721/3322 3438/1749/3321
f 3393/1690/3276 3394/1693/3277 3426/1723/3309 3425/1750/3308
f 3450/1752/3333 3451/1753/3334 3483/1754/3366 3482/1755/3365
f 3429/1728/3312 3430/1729/3313 3462/1756/3345 3461/1757/3344
f 3416/1717/3299 3417/1730/3300 3449/1758/3332 3448/1718/3331
f 3430/1729/3313 3431/1731/3314 3463/1759/3346 3462/1756/3345
f 3417/1730/3300 3418/1732/3301 3450/1752/3333 3449/1758/3332
f 3431/1731/3314 3432/1733/3315 3464/1760/3347 3463/1759/3346
f 3418/1732/3301 3419/1734/3302 3451/1753/3334 3450/1752/3333
f 3432/1733/3315 3433/1735/3316 3465/1761/3348 3464/1760/3347
f 3419/1737/3302 3420/1736/3303 3452/1762/3335 3451/1763/3334
f 3433/1735/3316 3434/1738/3317 3466/1764/3349 3465/1761/3348
f 3420/1736/3303 3421/1739/3304 3453/1765/3336 3452/1762/3335
f 3434/1738/3317 3435/1740/3318 3467/1766/3350 3466/1764/3349
f 3421/1739/3304 3422/1741/3305 3454/1767/3337 3453/1765/3336
f 3435/1743/3318 3436/1742/3319 3468/1768/3351 3467/1769/3350
f 3422/1741/3305 3423/1744/3306 3455/1770/3338 3454/1767/3337
f 3409/1725/3292 3410/1745/3293 3442/1771/3325 3441/1772/3324
f 3436/1742/3319 3437/1746/3320 3469/1773/3352 3468/1768/3351
f 3423/1744/3306 3424/1747/3307 3456/1774/3339 3455/1770/3338
f 3410/1745/3293 3411/1748/3294 3443/1775/3326 3442/1771/3325
f 3437/1746/3320 3438/1749/3321 3470/1776/3353 3469/1773/3352
f 3424/1747/3307 3425/1750/3308 3457/1777/3340 3456/1774/3339
f 3411/1751/3294 3412/1683/3295 3444/1778/3327 3443/1779/3326
f 3438/1749/3321 3439/1721/3322 3471/1780/3354 3470/1776/3353
f 3425/1750/3308 3426/1723/3309 3458/1781/3341 3457/1777/3340
f 3412/1683/3295 3413/1682/3296 3445/1782/3328 3444/1778/3327
f 3439/1721/3322 3440/1720/3323 3472/1783/3355 3471/1780/3354
f 3426/1723/3309 3427/1722/3310 3459/1784/3342 3458/1781/3341
f 3413/1682/3296 3414/1724/3297 3446/1785/3329 3445/1782/3328
f 3440/1720/3323 3409/1725/3292 3441/1772/3324 3472/1783/3355
f 3427/1727/3310 3428/1726/3311 3460/1786/3343 3459/1787/3342
f 3414/1724/3297 3415/1716/3298 3447/1719/3330 3446/1785/3329
f 3428/1726/3311 3429/1728/3312 3461/1757/3344 3460/1786/3343
f 3485/1788/3368 3486/1789/3369 3518/1790/3401 3517/1791/3400
f 3464/1760/3347 3465/1761/3348 3497/1792/3380 3496/1793/3379
f 3451/1763/3334 3452/1762/3335 3484/1794/3367 3483/1795/3366
f 3465/1761/3348 3466/1764/3349 3498/1796/3381 3497/1792/3380
f 3452/1762/3335 3453/1765/3336 3485/1788/3368 3484/1794/3367
f 3466/1764/3349 3467/1766/3350 3499/1797/3382 3498/1796/3381
f 3453/1765/3336 3454/1767/3337 3486/1789/3369 3485/1788/3368
f 3467/1769/3350 3468/1768/3351 3500/1798/3383 3499/1799/3382
f 3454/1767/3337 3455/1770/3338 3487/1800/3370 3486/1789/3369
f 3441/1772/3324 3442/1771/3325 3474/1801/3357 3473/1802/3356
f 3468/1768/3351 3469/1773/3352 3501/1803/3384 3500/1798/3383
f 3455/1770/3338 3456/1774/3339 3488/1804/3371 3487/1800/3370
f 3442/1771/3325 3443/1775/3326 3475/1805/3358 3474/1801/3357
f 3469/1773/3352 3470/1776/3353 3502/1806/3385 3501/1803/3384
f 3456/1774/3339 3457/1777/3340 3489/1807/3372 3488/1804/3371
f 3443/1779/3326 3444/1778/3327 3476/1808/3359 3475/1809/3358
f 3470/1776/3353 3471/1780/3354 3503/1810/3386 3502/1806/3385
f 3457/1777/3340 3458/1781/3341 3490/1811/3373 3489/1807/3372
f 3444/1778/3327 3445/1782/3328 3477/1812/3360 3476/1808/3359
f 3471/1780/3354 3472/1783/3355 3504/1813/3387 3503/1810/3386
f 3458/1781/3341 3459/1784/3342 3491/1814/3374 3490/1811/3373
f 3445/1782/3328 3446/1785/3329 3478/1815/3361 3477/1812/3360
f 3472/1783/3355 3441/1772/3324 3473/1802/3356 3504/1813/3387
f 3459/1787/3342 3460/1786/3343 3492/1816/3375 3491/1817/3374
f 3446/1785/3329 3447/1719/3330 3479/1818/3362 3478/1815/3361
f 3460/1786/3343 3461/1757/3344 3493/1819/3376 3492/1816/3375
f 3447/1719/3330 3448/1718/3331 3480/1820/3363 3479/1818/3362
f 3461/1757/3344 3462/1756/3345 3494/1821/3377 3493/1819/3376
f 3448/1718/3331 3449/1758/3332 3481/1822/3364 3480/1820/3363
f 3462/1756/3345 3463/1759/3346 3495/1823/3378 3494/1821/3377
f 3449/1758/3332 3450/1752/3333 3482/1755/3365 3481/1822/3364
f 3463/1759/3346 3464/1760/3347 3496/1793/3379 3495/1823/3378
f 3527/1824/3410 3528/1825/3411 3560/1826/3443 3559/1827/3442
f 3499/1799/3382 3500/1798/3383 3532/1828/3415 3531/1829/3414
f 3486/1789/3369 3487/1800/3370 3519/1830/3402 3518/1790/3401
f 3473/1802/3356 3474/1801/3357 3506/1831/3389 3505/1832/3388
f 3500/1798/3383 3501/1803/3384 3533/1833/3416 3532/1828/3415
f 3487/1800/3370 3488/1804/3371 3520/1834/3403 3519/1830/3402
f 3474/1801/3357 3475/1805/3358 3507/1835/3390 3506/1831/3389
f 3501/1803/3384 3502/1806/3385 3534/1836/3417 3533/1833/3416
f 3488/1804/3371 3489/1807/3372 3521/1837/3404 3520/1834/3403
f 3475/1809/3358 3476/1808/3359 3508/1838/3391 3507/1839/3390
f 3502/1806/3385 3503/1810/3386 3535/1840/3418 3534/1836/3417
f 3489/1807/3372 3490/1811/3373 3522/1841/3405 3521/1837/3404
f 3476/1808/3359 3477/1812/3360 3509/1842/3392 3508/1838/3391
f 3503/1810/3386 3504/1813/3387 3536/1843/3419 3535/1840/3418
f 3490/1811/3373 3491/1814/3374 3523/1844/3406 3522/1841/3405
f 3477/1812/3360 3478/1815/3361 3510/1845/3393 3509/1842/3392
f 3504/1813/3387 3473/1802/3356 3505/1832/3388 3536/1843/3419
f 3491/1817/3374 3492/1816/3375 3524/1846/3407 3523/1847/3406
f 3478/1815/3361 3479/1818/3362 3511/1848/3394 3510/1845/3393
f 3492/1816/3375 3493/1819/3376 3525/1849/3408 3524/1846/3407
f 3479/1818/3362 3480/1820/3363 3512/1850/3395 3511/1848/3394
f 3493/1819/3376 3494/1821/3377 3526/1851/3409 3525/1849/3408
f 3480/1820/3363 3481/1822/3364 3513/1852/3396 3512/1850/3395
f 3494/1821/3377 3495/1823/3378 3527/1824/3410 3526/1851/3409
f 3481/1822/3364 3482/1755/3365 3514/1853/3397 3513/1852/3396
f 3495/1823/3378 3496/1793/3379 3528/1825/3411 3527/1824/3410
f 3482/1755/3365 3483/1754/3366 3515/1854/3398 3514/1853/3397
f 3496/1793/3379 3497/1792/3380 3529/1855/3412 3528/1825/3411
f 3483/1795/3366 3484/1794/3367 3516/1856/3399 3515/1857/3398
f 3497/1792/3380 3498/1796/3381 3530/1858/3413 3529/1855/3412
f 3484/1794/3367 3485/1788/3368 3517/1791/3400 3516/1856/3399
f 3498/1796/3381 3499/1797/3382 3531/1859/3414 3530/1858/3413
f 3562/1860/3445 3563/1861/3446 3595/1862/3478 3594/1863/3477
f 3514/1864/3397 3515/1865/3398 3547/1866/3430 3546/1867/3429
f 3528/1868/3411 3529/1869/3412 3561/1870/3444 3560/1871/3443
f 3515/1865/3398 3516/1872/3399 3548/1873/3431 3547/1866/3430
f 3529/1869/3412 3530/1874/3413 3562/1875/3445 3561/1870/3444
f 3516/1872/3399 3517/1876/3400 3549/1877/3432 3548/1873/3431
f 3530/1874/3413 3531/1878/3414 3563/1879/3446 3562/1875/3445
f 3517/1876/3400 3518/1880/3401 3550/1881/3433 3549/1877/3432
f 3531/1878/3414 3532/1882/3415 3564/1883/3447 3563/1879/3446
f 3518/1880/3401 3519/1884/3402 3551/1885/3434 3550/1881/3433
f 3505/1886/3388 3506/1887/3389 3538/1888/3421 3537/1889/3420
f 3532/1882/3415 3533/1890/3416 3565/1891/3448 3564/1883/3447
f 3519/1830/3402 3520/1834/3403 3552/1892/3435 3551/1893/3434
f 3506/1887/3389 3507/1894/3390 3539/1895/3422 3538/1888/3421
f 3533/1890/3416 3534/1896/3417 3566/1897/3449 3565/1891/3448
f 3520/1898/3403 3521/1899/3404 3553/1900/3436 3552/1901/3435
f 3507/1894/3390 3508/1902/3391 3540/1903/3423 3539/1895/3422
f 3534/1836/3417 3535/1840/3418 3567/1904/3450 3566/1905/3449
f 3521/1899/3404 3522/1906/3405 3554/1907/3437 3553/1900/3436
f 3508/1902/3391 3509/1908/3392 3541/1909/3424 3540/1903/3423
f 3535/1840/3418 3536/1843/3419 3568/1910/3451 3567/1904/3450
f 3522/1906/3405 3523/1911/3406 3555/1912/3438 3554/1907/3437
f 3509/1908/3392 3510/1913/3393 3542/1914/3425 3541/1909/3424
f 3536/1915/3419 3505/1886/3388 3537/1889/3420 3568/1916/3451
f 3523/1911/3406 3524/1917/3407 3556/1918/3439 3555/1912/3438
f 3510/1913/3393 3511/1919/3394 3543/1920/3426 3542/1914/3425
f 3524/1917/3407 3525/1921/3408 3557/1922/3440 3556/1918/3439
f 3511/1848/3394 3512/1850/3395 3544/1923/3427 3543/1924/3426
f 3525/1921/3408 3526/1925/3409 3558/1926/3441 3557/1922/3440
f 3512/1927/3395 3513/1928/3396 3545/1929/3428 3544/1930/3427
f 3526/1925/3409 3527/1931/3410 3559/1932/3442 3558/1926/3441
f 3513/1928/3396 3514/1864/3397 3546/1867/3429 3545/1929/3428
f 3595/1933/3478 3596/1934/3479 3628/1935/3511 3627/1936/3510
f 3549/1937/3432 3550/1938/3433 3582/1939/3465 3581/1940/3464
f 3563/1861/3446 3564/1941/3447 3596/1942/3479 3595/1862/3478
f 3550/1938/3433 3551/1943/3434 3583/1944/3466 3582/1939/3465
f 3537/1945/3420 3538/1946/3421 3570/1947/3453 3569/1948/3452
f 3564/1941/3447 3565/1949/3448 3597/1950/3480 3596/1942/3479
f 3551/1943/3434 3552/1951/3435 3584/1952/3467 3583/1944/3466
f 3538/1946/3421 3539/1953/3422 3571/1954/3454 3570/1947/3453
f 3565/1949/3448 3566/1955/3449 3598/1956/3481 3597/1950/3480
f 3552/1951/3435 3553/1957/3436 3585/1958/3468 3584/1952/3467
f 3539/1953/3422 3540/1959/3423 3572/1960/3455 3571/1954/3454
f 3566/1955/3449 3567/1961/3450 3599/1962/3482 3598/1956/3481
f 3553/1957/3436 3554/1963/3437 3586/1964/3469 3585/1958/3468
f 3540/1959/3423 3541/1965/3424 3573/1966/3456 3572/1960/3455
f 3567/1961/3450 3568/1967/3451 3600/1968/3483 3599/1962/3482
f 3554/1963/3437 3555/1969/3438 3587/1970/3470 3586/1964/3469
f 3541/1965/3424 3542/1971/3425 3574/1972/3457 3573/1966/3456
f 3568/1967/3451 3537/1945/3420 3569/1948/3452 3600/1968/3483
f 3555/1969/3438 3556/1973/3439 3588/1974/3471 3587/1970/3470
f 3542/1971/3425 3543/1975/3426 3575/1976/3458 3574/1972/3457
f 3556/1973/3439 3557/1977/3440 3589/1978/3472 3588/1974/3471
f 3543/1975/3426 3544/1979/3427 3576/1980/3459 3575/1976/3458
f 3557/1977/3440 3558/1981/3441 3590/1982/3473 3589/1978/3472
f 3544/1979/3427 3545/1983/3428 3577/1984/3460 3576/1980/3459
f 3558/1981/3441 3559/1985/3442 3591/1986/3474 3590/1982/3473
f 3545/1983/3428 3546/1987/3429 3578/1988/3461 3577/1984/3460
f 3559/1985/3442 3560/1989/3443 3592/1990/3475 3591/1986/3474
f 3546/1987/3429 3547/1991/3430 3579/1992/3462 3578/1988/3461
f 3560/1989/3443 3561/1993/3444 3593/1994/3476 3592/1990/3475
f 3547/1991/3430 3548/1995/3431 3580/1996/3463 3579/1992/3462
f 3561/1993/3444 3562/1860/3445 3594/1863/3477 3593/1994/3476
f 3548/1995/3431 3549/1937/3432 3581/1940/3464 3580/1996/3463
f 3619/1997/3502 3620/1998/3503 3652/1999/3535 3651/2000/3534
f 3582/2001/3465 3583/2002/3466 3615/2003/3498 3614/2004/3497
f 3569/2005/3452 3570/2006/3453 3602/2007/3485 3601/2008/3484
f 3596/2009/3479 3597/2010/3480 3629/2011/3512 3628/2012/3511
f 3583/2002/3466 3584/2013/3467 3616/2014/3499 3615/2003/3498
f 3570/2015/3453 3571/2016/3454 3603/2017/3486 3602/2018/3485
f 3597/2010/3480 3598/2019/3481 3630/2020/3513 3629/2011/3512
f 3584/2013/3467 3585/2021/3468 3617/2022/3500 3616/2014/3499
f 3571/2016/3454 3572/2023/3455 3604/2024/3487 3603/2017/3486
f 3598/2019/3481 3599/2025/3482 3631/2026/3514 3630/2020/3513
f 3585/2021/3468 3586/2027/3469 3618/2028/3501 3617/2022/3500
f 3572/2029/3455 3573/2030/3456 3605/2031/3488 3604/2032/3487
f 3599/2025/3482 3600/2033/3483 3632/2034/3515 3631/2026/3514
f 3586/2035/3469 3587/2036/3470 3619/2037/3502 3618/2038/3501
f 3573/2030/3456 3574/2039/3457 3606/2040/3489 3605/2031/3488
f 3600/2033/3483 3569/2005/3452 3601/2008/3484 3632/2034/3515
f 3587/2036/3470 3588/2041/3471 3620/2042/3503 3619/2037/3502
f 3574/2039/3457 3575/2043/3458 3607/2044/3490 3606/2040/3489
f 3588/2045/3471 3589/2046/3472 3621/2047/3504 3620/1998/3503
f 3575/2043/3458 3576/2048/3459 3608/2049/3491 3607/2044/3490
f 3589/2046/3472 3590/2050/3473 3622/2051/3505 3621/2047/3504
f 3576/2048/3459 3577/2052/3460 3609/2053/3492 3608/2049/3491
f 3590/2050/3473 3591/2054/3474 3623/2055/3506 3622/2051/3505
f 3577/2052/3460 3578/2056/3461 3610/2057/3493 3609/2053/3492
f 3591/2054/3474 3592/2058/3475 3624/2059/3507 3623/2055/3506
f 3578/2060/3461 3579/2061/3462 3611/2062/3494 3610/2063/3493
f 3592/2058/3475 3593/2064/3476 3625/2065/3508 3624/2059/3507
f 3579/2061/3462 3580/2066/3463 3612/2067/3495 3611/2062/3494
f 3593/2064/3476 3594/2068/3477 3626/2069/3509 3625/2065/3508
f 3580/2066/3463 3581/2070/3464 3613/2071/3496 3612/2067/3495
f 3594/2072/3477 3595/1933/3478 3627/1936/3510 3626/2073/3509
f 3581/2074/3464 3582/2001/3465 3614/2004/3497 3613/2075/3496
f 3654/2076/3537 3655/2077/3538 3687/2078/3570 3686/2079/3569
f 3606/2040/3489 3607/2044/3490 3639/2080/3522 3638/2081/3521
f 3620/1998/3503 3621/2047/3504 3653/2082/3536 3652/1999/3535
f 3607/2044/3490 3608/2049/3491 3640/2083/3523 3639/2080/3522
f 3621/2047/3504 3622/2051/3505 3654/2084/3537 3653/2082/3536
f 3608/2049/3491 3609/2053/3492 3641/2085/3524 3640/2083/3523
f 3622/2051/3505 3623/2055/3506 3655/2086/3538 3654/2084/3537
f 3609/2053/3492 3610/2057/3493 3642/2087/3525 3641/2085/3524
f 3623/2055/3506 3624/2059/3507 3656/2088/3539 3655/2086/3538
f 3610/2057/3493 3611/2089/3494 3643/2090/3526 3642/2087/3525
f 3624/2059/3507 3625/2065/3508 3657/2091/3540 3656/2088/3539
f 3611/2092/3494 3612/2093/3495 3644/2094/3527 3643/2095/3526
f 3625/2065/3508 3626/2069/3509 3658/2096/3541 3657/2091/3540
f 3612/2093/3495 3613/2075/3496 3645/2097/3528 3644/2094/3527
f 3626/2069/3509 3627/2098/3510 3659/2099/3542 3658/2096/3541
f 3613/2075/3496 3614/2004/3497 3646/2100/3529 3645/2097/3528
f 3627/2101/3510 3628/2012/3511 3660/2102/3543 3659/2103/3542
f 3614/2004/3497 3615/2003/3498 3647/2104/3530 3646/2100/3529
f 3601/2008/3484 3602/2007/3485 3634/2105/3517 3633/2106/3516
f 3628/2012/3511 3629/2011/3512 3661/2107/3544 3660/2102/3543
f 3615/2003/3498 3616/2014/3499 3648/2108/3531 3647/2104/3530
f 3602/2007/3485 3603/2109/3486 3635/2110/3518 3634/2105/3517
f 3629/2011/3512 3630/2020/3513 3662/2111/3545 3661/2107/3544
f 3616/2014/3499 3617/2022/3500 3649/2112/3532 3648/2108/3531
f 3603/2113/3486 3604/2032/3487 3636/2114/3519 3635/2115/3518
f 3630/2020/3513 3631/2026/3514 3663/2116/3546 3662/2111/3545
f 3617/2022/3500 3618/2028/3501 3650/2117/3533 3649/2112/3532
f 3604/2032/3487 3605/2031/3488 3637/2118/3520 3636/2114/3519
f 3631/2026/3514 3632/2034/3515 3664/2119/3547 3663/2116/3546
f 3618/2028/3501 3619/2120/3502 3651/2121/3534 3650/2117/3533
f 3605/2031/3488 3606/2040/3489 3638/2081/3521 3637/2118/3520
f 3632/2034/3515 3601/2008/3484 3633/2106/3516 3664/2119/3547
f 3689/2122/3572 3690/2123/3573 3722/2124/3605 3721/2125/3604
f 3641/2126/3524 3642/2127/3525 3674/2128/3557 3673/2129/3556
f 3655/2077/3538 3656/2130/3539 3688/2131/3571 3687/2078/3570
f 3642/2127/3525 3643/2132/3526 3675/2133/3558 3674/2128/3557
f 3656/2130/3539 3657/2134/3540 3689/2122/3572 3688/2131/3571
f 3643/2132/3526 3644/2135/3527 3676/2136/3559 3675/2133/3558
f 3657/2134/3540 3658/2137/3541 3690/2123/3573 3689/2122/3572
f 3644/2135/3527 3645/2138/3528 3677/2139/3560 3676/2136/3559
f 3658/2137/3541 3659/2140/3542 3691/2141/3574 3690/2123/3573
f 3645/2138/3528 3646/2142/3529 3678/2143/3561 3677/2139/3560
f 3659/2140/3542 3660/2144/3543 3692/2145/3575 3691/2141/3574
f 3646/2142/3529 3647/2146/3530 3679/2147/3562 3678/2143/3561
f 3633/2148/3516 3634/2149/3517 3666/2150/3549 3665/2151/3548
f 3660/2144/3543 3661/2152/3544 3693/2153/3576 3692/2145/3575
f 3647/2146/3530 3648/2154/3531 3680/2155/3563 3679/2147/3562
f 3634/2149/3517 3635/2156/3518 3667/2157/3550 3666/2150/3549
f 3661/2152/3544 3662/2158/3545 3694/2159/3577 3693/2153/3576
f 3648/2154/3531 3649/2160/3532 3681/2161/3564 3680/2155/3563
f 3635/2156/3518 3636/2162/3519 3668/2163/3551 3667/2157/3550
f 3662/2158/3545 3663/2164/3546 3695/2165/3578 3694/2159/3577
f 3649/2160/3532 3650/2166/3533 3682/2167/3565 3681/2161/3564
f 3636/2162/3519 3637/2168/3520 3669/2169/3552 3668/2163/3551
f 3663/2164/3546 3664/2170/3547 3696/2171/3579 3695/2165/3578
f 3650/2166/3533 3651/2172/3534 3683/2173/3566 3682/2167/3565
f 3637/2168/3520 3638/2174/3521 3670/2175/3553 3669/2169/3552
f 3664/2170/3547 3633/2148/3516 3665/2151/3548 3696/2171/3579
f 3651/2172/3534 3652/2176/3535 3684/2177/3567 3683/2173/3566
f 3638/2174/3521 3639/2178/3522 3671/2179/3554 3670/2175/3553
f 3652/2176/3535 3653/2180/3536 3685/2181/3568 3684/2177/3567
f 3639/2178/3522 3640/2182/3523 3672/2183/3555 3671/2179/3554
f 3653/2180/3536 3654/2076/3537 3686/2079/3569 3685/2181/3568
f 3640/2182/3523 3641/2126/3524 3673/2129/3556 3672/2183/3555
f 3697/2184/3580 3698/2185/3581 3730/2186/3613 3729/2187/3612
f 3676/2136/3559 3677/2139/3560 3709/2188/3592 3708/2189/3591
f 3690/2123/3573 3691/2141/3574 3723/2190/3606 3722/2124/3605
f 3677/2139/3560 3678/2143/3561 3710/2191/3593 3709/2188/3592
f 3691/2141/3574 3692/2145/3575 3724/2192/3607 3723/2190/3606
f 3678/2143/3561 3679/2147/3562 3711/2193/3594 3710/2191/3593
f 3665/2151/3548 3666/2150/3549 3698/2185/3581 3697/2184/3580
f 3692/2145/3575 3693/2153/3576 3725/2194/3608 3724/2192/3607
f 3679/2147/3562 3680/2155/3563 3712/2195/3595 3711/2193/3594
f 3666/2150/3549 3667/2157/3550 3699/2196/3582 3698/2185/3581
f 3693/2153/3576 3694/2159/3577 3726/2197/3609 3725/2194/3608
f 3680/2155/3563 3681/2161/3564 3713/2198/3596 3712/2195/3595
f 3667/2157/3550 3668/2163/3551 3700/2199/3583 3699/2196/3582
f 3694/2159/3577 3695/2165/3578 3727/2200/3610 3726/2197/3609
f 3681/2161/3564 3682/2167/3565 3714/2201/3597 3713/2198/3596
f 3668/2163/3551 3669/2169/3552 3701/2202/3584 3700/2199/3583
f 3695/2165/3578 3696/2171/3579 3728/2203/3611 3727/2200/3610
f 3682/2167/3565 3683/2173/3566 3715/2204/3598 3714/2201/3597
f 3669/2169/3552 3670/2175/3553 3702/2205/3585 3701/2202/3584
f 3696/2171/3579 3665/2151/3548 3697/2184/3580 3728/2203/3611
f 3683/2173/3566 3684/2177/3567 3716/2206/3599 3715/2204/3598
f 3670/2175/3553 3671/2179/3554 3703/2207/3586 3702/2205/3585
f 3684/2177/3567 3685/2181/3568 3717/2208/3600 3716/2206/3599
f 3671/2179/3554 3672/2183/3555 3704/2209/3587 3703/2207/3586
f 3685/2181/3568 3686/2079/3569 3718/2210/3601 3717/2208/3600
f 3672/2183/3555 3673/2129/3556 3705/2211/3588 3704/2209/3587
f 3686/2079/3569 3687/2078/3570 3719/2212/3602 3718/2210/3601
f 3673/2129/3556 3674/2128/3557 3706/2213/3589 3705/2211/3588
f 3687/2078/3570 3688/2131/3571 3720/2214/3603 3719/2212/3602
f 3674/2128/3557 3675/2133/3558 3707/2215/3590 3706/2213/3589
f 3688/2131/3571 3689/2122/3572 3721/2125/3604 3720/2214/3603
f 3675/2133/3558 3676/2136/3559 3708/2189/3591 3707/2215/3590
f 3732/2216/3615 3733/2217/3616 3765/2218/3648 3764/2219/3647
f 3724/2192/3607 3725/2194/3608 3757/2220/3640 3756/2221/3639
f 3711/2193/3594 3712/2195/3595 3744/2222/3627 3743/2223/3626
f 3698/2185/3581 3699/2196/3582 3731/2224/3614 3730/2186/3613
f 3725/2194/3608 3726/2197/3609 3758/2225/3641 3757/2220/3640
f 3712/2195/3595 3713/2198/3596 3745/2226/3628 3744/2222/3627
f 3699/2196/3582 3700/2199/3583 3732/2216/3615 3731/2224/3614
f 3726/2197/3609 3727/2200/3610 3759/2227/3642 3758/2225/3641
f 3713/2198/3596 3714/2201/3597 3746/2228/3629 3745/2226/3628
f 3700/2199/3583 3701/2202/3584 3733/2217/3616 3732/2216/3615
f 3727/2200/3610 3728/2203/3611 3760/2229/3643 3759/2227/3642
f 3714/2201/3597 3715/2204/3598 3747/2230/3630 3746/2228/3629
f 3701/2202/3584 3702/2205/3585 3734/2231/3617 3733/2217/3616
f 3728/2203/3611 3697/2184/3580 3729/2187/3612 3760/2229/3643
f 3715/2204/3598 3716/2206/3599 3748/2232/3631 3747/2230/3630
f 3702/2205/3585 3703/2207/3586 3735/2233/3618 3734/2231/3617
f 3716/2206/3599 3717/2208/3600 3749/2234/3632 3748/2232/3631
f 3703/2207/3586 3704/2209/3587 3736/2235/3619 3735/2233/3618
f 3717/2208/3600 3718/2210/3601 3750/2236/3633 3749/2234/3632
f 3704/2209/3587 3705/2211/3588 3737/2237/3620 3736/2235/3619
f 3718/2210/3601 3719/2212/3602 3751/2238/3634 3750/2236/3633
f 3705/2211/3588 3706/2213/3589 3738/2239/3621 3737/2237/3620
f 3719/2212/3602 3720/2214/3603 3752/2240/3635 3751/2238/3634
f 3706/2213/3589 3707/2215/3590 3739/2241/3622 3738/2239/3621
f 3720/2214/3603 3721/2125/3604 3753/2242/3636 3752/2240/3635
f 3707/2215/3590 3708/2189/3591 3740/2243/3623 3739/2241/3622
f 3721/2125/3604 3722/2124/3605 3754/2244/3637 3753/2242/3636
f 3708/2189/3591 3709/2188/3592 3741/2245/3624 3740/2243/3623
f 3722/2124/3605 3723/2190/3606 3755/2246/3638 3754/2244/3637
f 3709/2188/3592 3710/2191/3593 3742/2247/3625 3741/2245/3624
f 3723/2190/3606 3724/2192/3607 3756/2221/3639 3755/2246/3638
f 3710/2191/3593 3711/2193/3594 3743/2223/3626 3742/2247/3625
f 3767/2248/3650 3768/2249/3651 3800/2250/3683 3799/2251/3682
f 3759/2227/3642 3760/2229/3643 3792/2252/3675 3791/2253/3674
f 3746/2228/3629 3747/2230/3630 3779/2254/3662 3778/2255/3661
f 3733/2217/3616 3734/2231/3617 3766/2256/3649 3765/2218/3648
f 3760/2229/3643 3729/2187/3612 3761/2257/3644 3792/2252/3675
f 3747/2230/3630 3748/2232/3631 3780/2258/3663 3779/2254/3662
f 3734/2231/3617 3735/2233/3618 3767/2248/3650 3766/2256/3649
f 3748/2232/3631 3749/2234/3632 3781/2259/3664 3780/2258/3663
f 3735/2233/3618 3736/2235/3619 3768/2249/3651 3767/2248/3650
f 3749/2234/3632 3750/2236/3633 3782/2260/3665 3781/2259/3664
f 3736/2235/3619 3737/2237/3620 3769/2261/3652 3768/2249/3651
f 3750/2236/3633 3751/2238/3634 3783/2262/3666 3782/2260/3665
f 3737/2237/3620 3738/2239/3621 3770/2263/3653 3769/2261/3652
f 3751/2238/3634 3752/2240/3635 3784/2264/3667 3783/2262/3666
f 3738/2239/3621 3739/2241/3622 3771/2265/3654 3770/2263/3653
f 3752/2240/3635 3753/2242/3636 3785/2266/3668 3784/2264/3667
f 3739/2241/3622 3740/2243/3623 3772/2267/3655 3771/2265/3654
f 3753/2242/3636 3754/2244/3637 3786/2268/3669 3785/2266/3668
f 3740/2243/3623 3741/2245/3624 3773/2269/3656 3772/2267/3655
f 3754/2244/3637 3755/2246/3638 3787/2270/3670 3786/2268/3669
f 3741/2245/3624 3742/2247/3625 3774/2271/3657 3773/2269/3656
f 3755/2246/3638 3756/2221/3639 3788/2272/3671 3787/2270/3670
f 3742/2247/3625 3743/2223/3626 3775/2273/3658 3774/2271/3657
f 3729/2187/3612 3730/2186/3613 3762/2274/3645 3761/2257/3644
f 3756/2221/3639 3757/2220/3640 3789/2275/3672 3788/2272/3671
f 3743/2223/3626 3744/2222/3627 3776/2276/3659 3775/2273/3658
f 3730/2186/3613 3731/2224/3614 3763/2277/3646 3762/2274/3645
f 3757/2220/3640 3758/2225/3641 3790/2278/3673 3789/2275/3672
f 3744/2222/3627 3745/2226/3628 3777/2279/3660 3776/2276/3659
f 3731/2224/3614 3732/2216/3615 3764/2219/3647 3763/2277/3646
f 3758/2225/3641 3759/2227/3642 3791/2253/3674 3790/2278/3673
f 3745/2226/3628 3746/2228/3629 3778/2255/3661 3777/2279/3660
f 3802/2280/3685 3803/2281/3686 3825/2282/3708
f 3781/2259/3664 3782/2260/3665 3814/2283/3697 3813/2284/3696
f 3768/2249/3651 3769/2261/3652 3801/2285/3684 3800/2250/3683
f 3782/2260/3665 3783/2262/3666 3815/2286/3698 3814/2283/3697
f 3769/2261/3652 3770/2263/3653 3802/2280/3685 3801/2285/3684
f 3783/2262/3666 3784/2264/3667 3816/2287/3699 3815/2286/3698
f 3770/2263/3653 3771/2265/3654 3803/2281/3686 3802/2280/3685
f 3784/2264/3667 3785/2266/3668 3817/2288/3700 3816/2287/3699
f 3771/2265/3654 3772/2267/3655 3804/2289/3687 3803/2281/3686
f 3785/2266/3668 3786/2268/3669 3818/2290/3701 3817/2288/3700
f 3772/2267/3655 3773/2269/3656 3805/2291/3688 3804/2289/3687
f 3786/2268/3669 3787/2270/3670 3819/2292/3702 3818/2290/3701
f 3773/2269/3656 3774/2271/3657 3806/2293/3689 3805/2291/3688
f 3787/2270/3670 3788/2272/3671 3820/2294/3703 3819/2292/3702
f 3774/2271/3657 3775/2273/3658 3807/2295/3690 3806/2293/3689
f 3761/2257/3644 3762/2274/3645 3794/2296/3677 3793/2297/3676
f 3788/2272/3671 3789/2275/3672 3821/2298/3704 3820/2294/3703
f 3775/2273/3658 3776/2276/3659 3808/2299/3691 3807/2295/3690
f 3762/2274/3645 3763/2277/3646 3795/2300/3678 3794/2296/3677
f 3789/2275/3672 3790/2278/3673 3822/2301/3705 3821/2298/3704
f 3776/2276/3659 3777/2279/3660 3809/2302/3692 3808/2299/3691
f 3763/2277/3646 3764/2219/3647 3796/2303/3679 3795/2300/3678
f 3790/2278/3673 3791/2253/3674 3823/2304/3706 3822/2301/3705
f 3777/2279/3660 3778/2255/3661 3810/2305/3693 3809/2302/3692
f 3764/2219/3647 3765/2218/3648 3797/2306/3680 3796/2303/3679
f 3791/2253/3674 3792/2252/3675 3824/2307/3707 3823/2304/3706
f 3778/2255/3661 3779/2254/3662 3811/2308/3694 3810/2305/3693
f 3765/2218/3648 3766/2256/3649 3798/2309/3681 3797/2306/3680
f 3792/2252/3675 3761/2257/3644 3793/2297/3676 3824/2307/3707
f 3779/2254/3662 3780/2258/3663 3812/2310/3695 3811/2308/3694
f 3766/2256/3649 3767/2248/3650 3799/2251/3682 3798/2309/3681
f 3780/2258/3663 3781/2259/3664 3813/2284/3696 3812/2310/3695
f 3816/2287/3699 3817/2288/3700 3825/2282/3708
f 3803/2281/3686 3804/2289/3687 3825/2282/3708
f 3817/2288/3700 3818/2290/3701 3825/2282/3708
f 3804/2289/3687 3805/2291/3688 3825/2282/3708
f 3818/2290/3701 3819/2292/3702 3825/2282/3708
f 3805/2291/3688 3806/2293/3689 3825/2282/3708
f 3819/2292/3702 3820/2294/3703 3825/2282/3708
f 3806/2293/3689 3807/2295/3690 3825/2282/3708
f 3793/2297/3676 3794/2296/3677 3825/2282/3708
f 3820/2294/3703 3821/2298/3704 3825/2282/3708
f 3807/2295/3690 3808/2299/3691 3825/2282/3708
f 3794/2296/3677 3795/2300/3678 3825/2282/3708
f 3821/2298/3704 3822/2301/3705 3825/2282/3708
f 3808/2299/3691 3809/2302/3692 3825/2282/3708
f 3795/2300/3678 3796/2303/3679 3825/2282/3708
f 3822/2301/3705 3823/2304/3706 3825/2282/3708
f 3809/2302/3692 3810/2305/3693 3825/2282/3708
f 3796/2303/3679 3797/2306/3680 3825/2282/3708
f 3823/2304/3706 3824/2307/3707 3825/2282/3708
f 3810/2305/3693 3811/2308/3694 3825/2282/3708
f 3797/2306/3680 3798/2309/3681 3825/2282/3708
f 3824/2307/3707 3793/2297/3676 3825/2282/3708
f 3811/2308/3694 3812/2310/3695 3825/2282/3708
f 3798/2309/3681 3799/2251/3682 3825/2282/3708
f 3812/2310/3695 3813/2284/3696 3825/2282/3708
f 3799/2251/3682 3800/2250/3683 3825/2282/3708
f 3813/2284/3696 3814/2283/3697 3825/2282/3708
f 3800/2250/3683 3801/2285/3684 3825/2282/3708
f 3814/2283/3697 3815/2286/3698 3825/2282/3708
f 3801/2285/3684 3802/2280/3685 3825/2282/3708
f 3815/2286/3698 3816/2287/3699 3825/2282/3708
f 3971/2311/3843 3963/2312/3837 3962/2313/3836 3970/2314/3842
f 3844/2315/3727 3836/2316/3719 3835/2317/3718 3843/2318/3726
f 3838/2319/3721 3955/2320/3831 3954/2321/3830 3837/2322/3720
f 3948/2323/3825 3828/2324/3711 3829/2325/3712 3949/2326/1697
f 3835/2327/3718 3829/2325/3712 3828/2324/3711 3834/2328/3717
f 3830/2329/3713 3829/2325/3712 3835/2327/3718 3836/2330/3719
f 3849/2331/3731 3840/2332/3723 3839/2333/3722 3848/2334/3730
f 3953/2335/3829 3831/2336/3714 3832/2337/3715 3826/2338/3709
f 3852/2339/3734 3843/2318/3726 3842/2340/3725 3851/2341/3733
f 3957/2342/3833 3956/2343/3832 3962/2313/3836 3963/2312/3837
f 3837/2322/3720 3954/2321/3830 3830/2344/3713 3836/2345/3719
f 3847/2346/1726 3839/2333/3722 3831/2336/3714
f 3846/2347/3729 3838/2319/3721 3837/2322/3720 3845/2348/3728
f 3843/2318/3726 3835/2317/3718 3834/2349/3717 3842/2340/3725
f 3850/2350/3732 3841/2351/3724 3840/2352/3723 3849/2353/3731
f 3860/2354/1738 3852/2339/3734 3851/2341/3733 3859/2355/3741
f 3854/2356/3736 3845/2348/3728 3844/2357/3727 3853/2358/3735
f 3847/2346/1726 3848/2334/3730 3839/2333/3722
f 3912/2359/1661 3838/2319/3721 3846/2347/3729
f 3857/2360/3739 3849/2331/3731 3848/2334/3730 3856/2361/3738
f 3853/2362/3735 3844/2315/3727 3843/2318/3726 3852/2339/3734
f 3859/2355/3741 3851/2341/3733 3850/2350/3732 3858/2363/3740
f 3855/2364/3737 3846/2347/3729 3845/2348/3728 3854/2356/3736
f 3858/2363/3740 3850/2350/3732 3849/2353/3731 3857/2365/3739
f 3868/2366/3748 3860/2354/1738 3859/2355/3741 3867/2367/3747
f 3862/2368/3742 3854/2356/3736 3853/2358/3735 3861/2369/1737
f 3847/2346/1726 3856/2361/3738 3848/2334/3730
f 3865/2370/3745 3857/2360/3739 3856/2361/3738 3864/2371/3744
f 3861/2372/1737 3853/2362/3735 3852/2339/3734 3860/2354/1738
f 3912/2359/1661 3846/2347/3729 3855/2364/3737
f 3863/2373/3743 3855/2364/3737 3854/2356/3736 3862/2368/3742
f 3867/2367/3747 3859/2355/3741 3858/2363/3740 3866/2374/3746
f 3869/2375/3749 3861/2372/1737 3860/2354/1738 3868/2366/3748
f 3866/2376/3746 3858/2377/3740 3857/2360/3739 3865/2370/3745
f 3876/2378/3755 3868/2379/3748 3867/2380/3747 3875/2381/3754
f 3870/2382/3750 3862/2368/3742 3861/2369/1737 3869/2383/3749
f 3873/2384/1757 3865/2370/3745 3864/2371/3744 3872/2385/3752
f 3912/2359/1661 3855/2364/3737 3863/2373/3743
f 3871/2386/3751 3863/2373/3743 3862/2368/3742 3870/2382/3750
f 3875/2381/3754 3867/2380/3747 3866/2387/3746 3874/2388/3753
f 3847/2346/1726 3864/2371/3744 3856/2361/3738
f 3877/2389/3756 3869/2390/3749 3868/2379/3748 3876/2378/3755
f 3874/2391/3753 3866/2376/3746 3865/2370/3745 3873/2384/1757
f 3884/2392/3763 3876/2378/3755 3875/2381/3754 3883/2393/3762
f 3912/2359/1661 3863/2373/3743 3871/2386/3751
f 3881/2394/3760 3873/2384/1757 3872/2385/3752 3880/2395/3759
f 3879/2396/3758 3871/2386/3751 3870/2382/3750 3878/2397/3757
f 3883/2393/3762 3875/2381/3754 3874/2388/3753 3882/2398/3761
f 3878/2397/3757 3870/2382/3750 3869/2383/3749 3877/2399/3756
f 3847/2346/1726 3872/2385/3752 3864/2371/3744
f 3882/2398/3761 3874/2388/3753 3873/2400/1757 3881/2401/3760
f 3892/2402/3770 3884/2392/3763 3883/2393/3762 3891/2403/3769
f 3885/2404/3764 3877/2389/3756 3876/2378/3755 3884/2392/3763
f 3912/2359/1661 3871/2386/3751 3879/2396/3758
f 3890/2405/1644 3882/2398/3761 3881/2401/3760 3889/2406/3768
f 3887/2407/3766 3879/2396/3758 3878/2397/3757 3886/2408/3765
f 3891/2403/3769 3883/2393/3762 3882/2398/3761 3890/2405/1644
f 3886/2408/3765 3878/2397/3757 3877/2399/3756 3885/2409/3764
f 3889/2410/3768 3881/2394/3760 3880/2395/3759 3888/2411/3767
f 3847/2346/1726 3880/2395/3759 3872/2385/3752
f 3900/2412/3778 3892/2402/3770 3891/2403/3769 3899/2413/3777
f 3894/2414/3772 3886/2408/3765 3885/2409/3764 3893/2415/3771
f 3893/2416/3771 3885/2404/3764 3884/2392/3763 3892/2402/3770
f 3898/2417/3776 3890/2418/1644 3889/2410/3768 3897/2419/3775
f 3895/2420/3773 3887/2407/3766 3886/2408/3765 3894/2414/3772
f 3899/2413/3777 3891/2403/3769 3890/2405/1644 3898/2421/3776
f 3897/2419/3775 3889/2410/3768 3888/2411/3767 3896/2422/3774
f 3847/2346/1726 3888/2411/3767 3880/2395/3759
f 3912/2359/1661 3879/2396/3758 3887/2407/3766
f 3908/2423/3786 3900/2424/3778 3899/2425/3777 3907/2426/3785
f 3902/2427/3780 3894/2414/3772 3893/2415/3771 3901/2428/3779
f 3901/2429/3779 3893/2416/3771 3892/2402/3770 3900/2412/3778
f 3905/2430/3783 3897/2419/3775 3896/2422/3774 3904/2431/3782
f 3903/2432/3781 3895/2420/3773 3894/2414/3772 3902/2427/3780
f 3907/2426/3785 3899/2425/3777 3898/2433/3776 3906/2434/3784
f 3847/2346/1726 3896/2422/3774 3888/2411/3767
f 3912/2359/1661 3887/2407/3766 3895/2420/3773
f 3917/2435/3794 3908/2423/3786 3907/2426/3785 3916/2436/3793
f 3910/2437/3788 3902/2427/3780 3901/2428/3779 3909/2438/3787
f 3909/2439/3787 3901/2440/3779 3900/2424/3778 3908/2423/3786
f 3906/2441/3784 3898/2417/3776 3897/2419/3775 3905/2430/3783
f 3914/2442/3791 3905/2430/3783 3904/2431/3782 3913/2443/3790
f 3916/2436/3793 3907/2426/3785 3906/2434/3784 3915/2444/3792
f 3847/2346/1726 3904/2431/3782 3896/2422/3774
f 3911/2445/3789 3903/2432/3781 3902/2427/3780 3910/2437/3788
f 3912/2359/1661 3895/2420/3773 3903/2432/3781
f 3919/2446/3796 3910/2437/3788 3909/2438/3787 3918/2447/3795
f 3918/2448/3795 3909/2439/3787 3908/2423/3786 3917/2435/3794
f 3915/2444/3792 3906/2434/3784 3905/2449/3783 3914/2450/3791
f 3925/2451/3802 3917/2435/3794 3916/2436/3793 3924/2452/3801
f 3920/2453/3797 3911/2445/3789 3910/2437/3788 3919/2446/3796
f 3847/2346/1726 3913/2443/3790 3904/2431/3782
f 3924/2452/3801 3916/2436/3793 3915/2444/3792 3923/2454/3800
f 3912/2359/1661 3903/2432/3781 3911/2445/3789
f 3922/2455/3799 3914/2442/3791 3913/2443/3790 3921/2456/3798
f 3927/2457/3804 3919/2446/3796 3918/2447/3795 3926/2458/3803
f 3926/2459/3803 3918/2448/3795 3917/2435/3794 3925/2451/3802
f 3923/2454/3800 3915/2444/3792 3914/2450/3791 3922/2460/3799
f 3933/2461/3810 3925/2451/3802 3924/2452/3801 3932/2462/3809
f 3928/2463/3805 3920/2453/3797 3919/2446/3796 3927/2457/3804
f 3932/2462/3809 3924/2452/3801 3923/2454/3800 3931/2464/3808
f 3847/2346/1726 3921/2456/3798 3913/2443/3790
f 3912/2359/1661 3911/2445/3789 3920/2453/3797
f 3930/2465/3807 3922/2455/3799 3921/2456/3798 3929/2466/3806
f 3935/2467/3812 3927/2457/3804 3926/2458/3803 3934/2468/3811
f 3934/2469/3811 3926/2459/3803 3925/2451/3802 3933/2461/3810
f 3931/2470/3808 3923/2471/3800 3922/2455/3799 3930/2465/3807
f 3941/2472/3818 3933/2473/3810 3932/2474/3809 3940/2475/3817
f 3936/2476/3813 3928/2463/3805 3927/2457/3804 3935/2467/3812
f 3940/2475/3817 3932/2474/3809 3931/2477/3808 3939/2478/3816
f 3912/2359/1661 3920/2453/3797 3928/2463/3805
f 3847/2346/1726 3929/2466/3806 3921/2456/3798
f 3938/2479/3815 3930/2465/3807 3929/2466/3806 3937/2480/3814
f 3942/2481/3819 3934/2482/3811 3933/2473/3810 3941/2472/3818
f 3939/2483/3816 3931/2470/3808 3930/2465/3807 3938/2479/3815
f 3949/2326/1697 3941/2472/3818 3940/2475/3817 3948/2323/3825
f 3943/2484/3820 3935/2467/3812 3934/2468/3811 3942/2485/3819
f 3948/2323/3825 3940/2475/3817 3939/2478/3816 3947/2486/3824
f 3912/2359/1661 3928/2463/3805 3936/2476/3813
f 3847/2346/1726 3937/2480/3814 3929/2466/3806
f 3946/2487/3823 3938/2479/3815 3937/2480/3814 3945/2488/3822
f 3944/2489/3821 3936/2476/3813 3935/2467/3812 3943/2484/3820
f 3947/2486/3824 3939/2478/3816 3938/2490/3815 3946/2491/3823
f 3912/2359/1661 3952/2492/3828 3955/2320/3831
f 3951/2493/3827 3943/2484/3820 3942/2485/3819 3950/2494/3826
f 3847/2346/1726 3945/2488/3822 3937/2480/3814
f 3912/2359/1661 3936/2476/3813 3944/2489/3821
f 3826/2338/3709 3946/2487/3823 3945/2488/3822 3953/2335/3829
f 3950/2495/3826 3942/2481/3819 3941/2472/3818 3949/2326/1697
f 3948/2323/3825 3947/2486/3824 3827/2496/3710 3828/2324/3711
f 3952/2492/3828 3944/2489/3821 3943/2484/3820 3951/2493/3827
f 3947/2486/3824 3946/2491/3823 3826/2497/3709 3827/2496/3710
f 3954/2321/3830 3951/2493/3827 3950/2494/3826 3830/2344/3713
f 3847/2346/1726 3953/2335/3829 3945/2488/3822
f 3950/2495/3826 3949/2326/1697 3829/2325/3712 3830/2329/3713
f 3912/2359/1661 3944/2489/3821 3952/2492/3828
f 3955/2320/3831 3952/2492/3828 3951/2493/3827 3954/2321/3830
f 3977/2498/3848 3961/2499/3835 4083/2500/3944
f 3842/2340/3725 3834/2349/3717 3833/2501/3716 3841/2351/3724
f 3970/2314/3842 3962/2313/3836 3961/2499/3835 3969/2502/3841
f 3840/2332/3723 3832/2337/3715 3831/2336/3714 3839/2333/3722
f 3975/2503/3846 3967/2504/3839 3966/2505/1842 3974/2506/3845
f 3828/2324/3711 3827/2496/3710 3833/2507/3716 3834/2328/3717
f 3851/2341/3733 3842/2340/3725 3841/2351/3724 3850/2350/3732
f 3912/2359/1661 3955/2320/3831 3838/2319/3721
f 3974/2506/3845 3966/2505/1842 3965/2508/1843 3973/2509/1851
f 3968/2510/3840 4085/2511/3946 4084/2512/3945 3967/2513/3839
f 4078/2514/3939 3958/2515/1836 3959/2516/1835 4079/2517/3940
f 3965/2508/1843 3959/2516/1835 3958/2515/1836 3964/2518/3838
f 3960/2519/3834 3959/2516/1835 3965/2508/1843 3966/2505/1842
f 3979/2520/3850 3970/2314/3842 3969/2502/3841 3978/2521/3849
f 4083/2500/3944 3961/2499/3835 3962/2313/3836 3956/2343/3832
f 3982/2522/1860 3973/2509/1851 3972/2523/3844 3981/2524/3852
f 3967/2504/3839 4084/2525/3945 3960/2519/3834 3966/2505/1842
f 3977/2498/3848 3969/2502/3841 3961/2499/3835
f 3976/2526/3847 3968/2510/3840 3967/2513/3839 3975/2527/3846
f 3973/2509/1851 3965/2508/1843 3964/2518/3838 3972/2523/3844
f 3841/2528/3724 3833/2529/3716 3832/2337/3715 3840/2332/3723
f 3980/2530/3851 3971/2311/3843 3970/2314/3842 3979/2520/3850
f 3990/2531/3860 3982/2532/1860 3981/2533/3852 3989/2534/3859
f 3984/2535/3854 3975/2527/3846 3974/2536/3845 3983/2537/3853
f 3977/2498/3848 3978/2521/3849 3969/2502/3841
f 4042/2538/3905 3968/2510/3840 3976/2526/3847
f 3987/2539/3857 3979/2520/3850 3978/2521/3849 3986/2540/3856
f 3983/2541/3853 3974/2506/3845 3973/2509/1851 3982/2522/1860
f 3989/2534/3859 3981/2533/3852 3980/2542/3851 3988/2543/3858
f 3985/2544/3855 3976/2526/3847 3975/2527/3846 3984/2535/3854
f 3988/2545/3858 3980/2530/3851 3979/2520/3850 3987/2539/3857
f 3998/2546/3867 3990/2531/3860 3989/2534/3859 3997/2547/1877
f 3992/2548/3862 3984/2535/3854 3983/2537/3853 3991/2549/3861
f 3977/2498/3848 3986/2540/3856 3978/2521/3849
f 3995/2550/3865 3987/2539/3857 3986/2540/3856 3994/2551/3864
f 3991/2552/3861 3983/2553/3853 3982/2532/1860 3990/2531/3860
f 4042/2538/3905 3976/2526/3847 3985/2544/3855
f 3993/2554/3863 3985/2544/3855 3984/2535/3854 3992/2548/3862
f 3997/2547/1877 3989/2534/3859 3988/2543/3858 3996/2555/3866
f 3999/2556/3868 3991/2552/3861 3990/2531/3860 3998/2546/3867
f 3996/2557/3866 3988/2545/3858 3987/2539/3857 3995/2550/3865
f 4006/2558/3875 3998/2546/3867 3997/2547/1877 4005/2559/3874
f 4000/2560/3869 3992/2561/3862 3991/2552/3861 3999/2556/3868
f 4003/2562/3872 3995/2550/3865 3994/2551/3864 4002/2563/3871
f 4042/2538/3905 3985/2544/3855 3993/2554/3863
f 4001/2564/3870 3993/2554/3863 3992/2548/3862 4000/2565/3869
f 4005/2559/3874 3997/2547/1877 3996/2555/3866 4004/2566/3873
f 3977/2498/3848 3994/2551/3864 3986/2540/3856
f 4007/2567/3876 3999/2556/3868 3998/2546/3867 4006/2558/3875
f 4004/2568/3873 3996/2557/3866 3995/2550/3865 4003/2562/3872
f 4014/2569/3883 4006/2558/3875 4005/2559/3874 4013/2570/3882
f 4042/2538/3905 3993/2554/3863 4001/2564/3870
f 4011/2571/3880 4003/2562/3872 4002/2563/3871 4010/2572/3879
f 4009/2573/3878 4001/2564/3870 4000/2565/3869 4008/2574/3877
f 4013/2570/3882 4005/2559/3874 4004/2566/3873 4012/2575/3881
f 4008/2576/3877 4000/2560/3869 3999/2556/3868 4007/2567/3876
f 3977/2498/3848 4002/2563/3871 3994/2551/3864
f 4012/2577/3881 4004/2568/3873 4003/2562/3872 4011/2571/3880
f 4022/2578/1772 4014/2579/3883 4013/2580/3882 4021/2581/1773
f 4015/2582/3884 4007/2567/3876 4006/2558/3875 4014/2569/3883
f 4042/2538/3905 4001/2564/3870 4009/2573/3878
f 4020/2583/1774 4012/2577/3881 4011/2571/3880 4019/2584/3888
f 4017/2585/3886 4009/2573/3878 4008/2574/3877 4016/2586/3885
f 4021/2581/1773 4013/2580/3882 4012/2587/3881 4020/2588/1774
f 4016/2586/3885 4008/2574/3877 4007/2589/3876 4015/2590/3884
f 4019/2584/3888 4011/2571/3880 4010/2572/3879 4018/2591/3887
f 3977/2498/3848 4010/2572/3879 4002/2563/3871
f 4030/2592/3894 4022/2578/1772 4021/2581/1773 4029/2593/1779
f 4024/2594/3890 4016/2586/3885 4015/2590/3884 4023/2595/3889
f 4023/2596/3889 4015/2597/3884 4014/2579/3883 4022/2578/1772
f 4028/2598/1780 4020/2583/1774 4019/2584/3888 4027/2599/3893
f 4025/2600/3891 4017/2585/3886 4016/2586/3885 4024/2594/3890
f 4029/2593/1779 4021/2581/1773 4020/2588/1774 4028/2601/1780
f 4027/2599/3893 4019/2584/3888 4018/2591/3887 4026/2602/3892
f 3977/2498/3848 4018/2591/3887 4010/2572/3879
f 4042/2538/3905 4009/2573/3878 4017/2585/3886
f 4038/2603/3901 4030/2592/3894 4029/2593/1779 4037/2604/1787
f 4032/2605/3896 4024/2606/3890 4023/2596/3889 4031/2607/3895
f 4031/2607/3895 4023/2596/3889 4022/2578/1772 4030/2592/3894
f 4035/2608/3899 4027/2599/3893 4026/2602/3892 4034/2609/3898
f 4033/2610/3897 4025/2600/3891 4024/2594/3890 4032/2611/3896
f 4037/2604/1787 4029/2593/1779 4028/2601/1780 4036/2612/3900
f 3977/2498/3848 4026/2602/3892 4018/2591/3887
f 4042/2538/3905 4017/2585/3886 4025/2600/3891
f 4047/2613/3909 4038/2603/3901 4037/2604/1787 4046/2614/1796
f 4040/2615/3903 4032/2605/3896 4031/2607/3895 4039/2616/3902
f 4039/2616/3902 4031/2607/3895 4030/2592/3894 4038/2603/3901
f 4036/2617/3900 4028/2598/1780 4027/2599/3893 4035/2608/3899
f 4044/2618/3907 4035/2608/3899 4034/2609/3898 4043/2619/3906
f 4046/2614/1796 4037/2604/1787 4036/2612/3900 4045/2620/3908
f 3977/2498/3848 4034/2609/3898 4026/2602/3892
f 4041/2621/3904 4033/2610/3897 4032/2611/3896 4040/2622/3903
f 4042/2538/3905 4025/2600/3891 4033/2610/3897
f 4049/2623/3911 4040/2622/3903 4039/2624/3902 4048/2625/3910
f 4048/2626/3910 4039/2616/3902 4038/2603/3901 4047/2613/3909
f 4045/2627/3908 4036/2617/3900 4035/2608/3899 4044/2618/3907
f 4055/2628/3916 4047/2629/3909 4046/2630/1796 4054/2631/3915
f 4050/2632/3912 4041/2621/3904 4040/2622/3903 4049/2623/3911
f 3977/2498/3848 4043/2619/3906 4034/2609/3898
f 4054/2631/3915 4046/2630/1796 4045/2633/3908 4053/2634/1805
f 4042/2538/3905 4033/2610/3897 4041/2621/3904
f 4052/2635/3914 4044/2618/3907 4043/2619/3906 4051/2636/3913
f 4057/2637/3918 4049/2623/3911 4048/2625/3910 4056/2638/3917
f 4056/2639/3917 4048/2640/3910 4047/2629/3909 4055/2628/3916
f 4053/2641/1805 4045/2627/3908 4044/2618/3907 4052/2635/3914
f 4063/2642/3924 4055/2628/3916 4054/2631/3915 4062/2643/3923
f 4058/2644/3919 4050/2632/3912 4049/2623/3911 4057/2637/3918
f 4062/2643/3923 4054/2631/3915 4053/2634/1805 4061/2645/3922
f 3977/2498/3848 4051/2636/3913 4043/2619/3906
f 4042/2538/3905 4041/2621/3904 4050/2632/3912
f 4060/2646/3921 4052/2635/3914 4051/2636/3913 4059/2647/3920
f 4065/2648/3926 4057/2649/3918 4056/2639/3917 4064/2650/3925
f 4064/2650/3925 4056/2639/3917 4055/2628/3916 4063/2642/3924
f 4061/2651/3922 4053/2641/1805 4052/2635/3914 4060/2646/3921
f 4071/2652/3932 4063/2642/3924 4062/2643/3923 4070/2653/3931
f 4066/2654/3927 4058/2644/3919 4057/2637/3918 4065/2655/3926
f 4070/2653/3931 4062/2643/3923 4061/2645/3922 4069/2656/3930
f 4042/2538/3905 4050/2632/3912 4058/2644/3919
f 3977/2498/3848 4059/2647/3920 4051/2636/3913
f 4068/2657/3929 4060/2646/3921 4059/2647/3920 4067/2658/3928
f 4072/2659/3933 4064/2650/3925 4063/2642/3924 4071/2652/3932
f 4069/2660/3930 4061/2651/3922 4060/2646/3921 4068/2657/3929
f 4079/2661/3940 4071/2652/3932 4070/2653/3931 4078/2662/3939
f 4073/2663/3934 4065/2648/3926 4064/2650/3925 4072/2659/3933
f 4078/2662/3939 4070/2653/3931 4069/2656/3930 4077/2664/3938
f 4042/2538/3905 4058/2644/3919 4066/2654/3927
f 3977/2498/3848 4067/2658/3928 4059/2647/3920
f 4076/2665/3937 4068/2657/3929 4067/2658/3928 4075/2666/3936
f 4074/2667/3935 4066/2654/3927 4065/2655/3926 4073/2668/3934
f 4077/2669/3938 4069/2660/3930 4068/2657/3929 4076/2665/3937
f 4042/2538/3905 4082/2670/3943 4085/2511/3946
f 4081/2671/3942 4073/2668/3934 4072/2672/3933 4080/2673/3941
f 3977/2498/3848 4075/2666/3936 4067/2658/3928
f 4042/2538/3905 4066/2654/3927 4074/2667/3935
f 3956/2343/3832 4076/2665/3937 4075/2666/3936 4083/2500/3944
f 4080/2674/3941 4072/2659/3933 4071/2652/3932 4079/2661/3940
f 4078/2514/3939 4077/2675/3938 3957/2676/3833 3958/2515/1836
f 4082/2670/3943 4074/2667/3935 4073/2668/3934 4081/2671/3942
f 4077/2669/3938 4076/2665/3937 3956/2343/3832 3957/2342/3833
f 4084/2512/3945 4081/2671/3942 4080/2673/3941 3960/2677/3834
f 3977/2498/3848 4083/2500/3944 4075/2666/3936
f 4080/2678/3941 4079/2517/3940 3959/2516/1835 3960/2519/3834
f 4042/2538/3905 4074/2667/3935 4082/2670/3943
f 4085/2511/3946 4082/2670/3943 4081/2671/3942 4084/2512/3945
f 3972/2523/3844 3964/2518/3838 3963/2679/3837 3971/2680/3843
f 3958/2515/1836 3957/2676/3833 3963/2679/3837 3964/2518/3838
f 3981/2524/3852 3972/2523/3844 3971/2680/3843 3980/2681/3851
f 4042/2538/3905 4085/2511/3946 3968/2510/3840
f 4278/2682/4075 4117/2683/3977 4086/2684/3947 4247/2685/4044
f 4249/2686/4046 4088/2687/3949 4089/2688/3950 4250/2689/4047
f 4250/2689/4047 4089/2688/3950 4090/2690/3951 4251/2691/4048
f 4251/2691/4048 4090/2690/3951 4091/2692/3952 4252/2693/4049
f 4252/2693/4049 4091/2692/3952 4092/2694/3953 4253/2695/4050
f 4253/2695/4050 4092/2694/3953 4093/2696/3954 4254/2697/4051
f 4254/2697/4051 4093/2696/3954 4094/2698/3955 4255/2699/4052
f 4255/2699/4052 4094/2698/3955 4095/2700/3956 4256/2701/4053
f 4256/2701/4053 4095/2700/3956 4096/2702/3957 4257/2703/4054
f 4257/2704/4054 4096/2705/3957 4097/2706/3958 4258/2707/4055
f 4258/2707/4055 4097/2706/3958 4098/2708/3959 4259/2709/4056
f 4259/2709/4056 4098/2708/3959 4099/2710/3960 4260/2711/4057
f 4260/2711/4057 4099/2710/3960 4100/2712/3961 4261/2713/4058
f 4261/2713/4058 4100/2712/3961 4101/2714/3962 4262/2715/4059
f 4262/2715/4059 4101/2714/3962 4102/2716/3963 4263/2717/4060
f 4263/2717/4060 4102/2716/3963 4103/2718/154 4264/2719/4061
f 4264/2719/4061 4103/2718/154 4104/2720/3964 4265/2721/4062
f 4265/2722/4062 4104/2723/3964 4105/2724/3965 4266/2725/4063
f 4266/2725/4063 4105/2724/3965 4106/2726/3966 4267/2727/4064
f 4267/2727/4064 4106/2726/3966 4107/2728/3967 4268/2729/4065
f 4268/2729/4065 4107/2728/3967 4108/2730/3968 4269/2731/4066
f 4269/2731/4066 4108/2730/3968 4109/2732/3969 4270/2733/4067
f 4270/2733/4067 4109/2732/3969 4110/2734/3970 4271/2735/4068
f 4271/2735/4068 4110/2734/3970 4111/2736/3971 4272/2737/4069
f 4272/2737/4069 4111/2736/3971 4112/2738/3972 4273/2739/4070
f 4273/2740/4070 4112/2741/3972 4113/2742/3973 4274/2743/4071
f 4274/2743/4071 4113/2742/3973 4114/2744/3974 4275/2745/4072
f 4275/2745/4072 4114/2744/3974 4115/2746/3975 4276/2747/4073
f 4276/2747/4073 4115/2746/3975 4116/2748/3976 4277/2749/4074
f 4277/2749/4074 4116/2748/3976 4117/2683/3977 4278/2682/4075
f 4093/2696/3954 4092/2694/3953 4124/2750/1922 4125/2751/1923
f 4248/2752/4045 4087/2753/3948 4088/2754/3949 4249/2755/4046
f 4247/2685/4044 4086/2684/3947 4087/2753/3948 4248/2752/4045
f 4132/2756/1930 4131/2757/1929 4163/2758/1929 4164/2759/1930
f 4102/2716/3963 4101/2714/3962 4133/2760/1931 4134/2761/1900
f 4111/2736/3971 4110/2734/3970 4142/2762/1908 4143/2763/1909
f 4089/2688/3950 4088/2687/3949 4120/2764/1918 4121/2765/1919
f 4098/2708/3959 4097/2706/3958 4129/2766/1927 4130/2767/1928
f 4107/2728/3967 4106/2726/3966 4138/2768/1904 4139/2769/1905
f 4116/2748/3976 4115/2746/3975 4147/2770/1913 4148/2771/1914
f 4094/2698/3955 4093/2696/3954 4125/2751/1923 4126/2772/1924
f 4103/2718/154 4102/2716/3963 4134/2761/1900 4135/2773/1901
f 4112/2738/3972 4111/2736/3971 4143/2763/1909 4144/2774/1910
f 4090/2690/3951 4089/2688/3950 4121/2765/1919 4122/2775/1920
f 4099/2710/3960 4098/2708/3959 4130/2767/1928 4131/2757/1929
f 4108/2730/3968 4107/2728/3967 4139/2769/1905 4140/2776/1906
f 4117/2683/3977 4116/2748/3976 4148/2771/1914 4149/2777/1915
f 4095/2700/3956 4094/2698/3955 4126/2772/1924 4127/2778/1925
f 4104/2720/3964 4103/2718/154 4135/2773/1901 4136/2779/1902
f 4113/2742/3973 4112/2741/3972 4144/2780/1910 4145/2781/1911
f 4091/2692/3952 4090/2690/3951 4122/2775/1920 4123/2782/1921
f 4100/2712/3961 4099/2710/3960 4131/2757/1929 4132/2756/1930
f 4109/2732/3969 4108/2730/3968 4140/2776/1906 4141/2783/1907
f 4087/2753/3948 4086/2684/3947 4118/2784/1916 4119/2785/1917
f 4086/2684/3947 4117/2683/3977 4149/2777/1915 4118/2784/1916
f 4096/2702/3957 4095/2700/3956 4127/2778/1925 4128/2786/1926
f 4105/2724/3965 4104/2723/3964 4136/2787/1902 4137/2788/1903
f 4114/2744/3974 4113/2742/3973 4145/2781/1911 4146/2789/1912
f 4092/2694/3953 4091/2692/3952 4123/2782/1921 4124/2750/1922
f 4101/2714/3962 4100/2712/3961 4132/2756/1930 4133/2760/1931
f 4110/2734/3970 4109/2732/3969 4141/2783/1907 4142/2762/1908
f 4088/2754/3949 4087/2753/3948 4119/2785/1917 4120/2790/1918
f 4097/2706/3958 4096/2705/3957 4128/2791/1926 4129/2766/1927
f 4106/2726/3966 4105/2724/3965 4137/2788/1903 4138/2768/1904
f 4115/2746/3975 4114/2744/3974 4146/2789/1912 4147/2770/1913
f 4167/2792/1901 4166/2793/1900 4198/2794/3995 4199/2795/3996
f 4119/2785/1917 4118/2784/1916 4150/2796/1916 4151/2797/1917
f 4146/2789/1912 4145/2781/1911 4177/2798/1911 4178/2799/1912
f 4133/2760/1931 4132/2756/1930 4164/2759/1930 4165/2800/1931
f 4120/2790/1918 4119/2785/1917 4151/2797/1917 4152/2801/1918
f 4147/2770/1913 4146/2789/1912 4178/2799/1912 4179/2802/1913
f 4134/2761/1900 4133/2760/1931 4165/2800/1931 4166/2793/1900
f 4121/2765/1919 4120/2764/1918 4152/2803/1918 4153/2804/1919
f 4148/2771/1914 4147/2770/1913 4179/2802/1913 4180/2805/1914
f 4135/2773/1901 4134/2761/1900 4166/2793/1900 4167/2792/1901
f 4122/2775/1920 4121/2765/1919 4153/2804/1919 4154/2806/1920
f 4149/2777/1915 4148/2771/1914 4180/2805/1914 4181/2807/1915
f 4136/2779/1902 4135/2773/1901 4167/2792/1901 4168/2808/1902
f 4123/2782/1921 4122/2775/1920 4154/2806/1920 4155/2809/1921
f 4118/2784/1916 4149/2777/1915 4181/2807/1915 4150/2796/1916
f 4137/2788/1903 4136/2787/1902 4168/2810/1902 4169/2811/1903
f 4124/2750/1922 4123/2782/1921 4155/2809/1921 4156/2812/1922
f 4138/2768/1904 4137/2788/1903 4169/2811/1903 4170/2813/1904
f 4125/2751/1923 4124/2750/1922 4156/2812/1922 4157/2814/1923
f 4139/2769/1905 4138/2768/1904 4170/2813/1904 4171/2815/3978
f 4126/2772/1924 4125/2751/1923 4157/2814/1923 4158/2816/1924
f 4140/2776/1906 4139/2769/1905 4171/2815/3978 4172/2817/1906
f 4127/2778/1925 4126/2772/1924 4158/2816/1924 4159/2818/1925
f 4141/2783/1907 4140/2776/1906 4172/2817/1906 4173/2819/1907
f 4128/2786/1926 4127/2778/1925 4159/2818/1925 4160/2820/1926
f 4142/2762/1908 4141/2783/1907 4173/2819/1907 4174/2821/1908
f 4129/2766/1927 4128/2791/1926 4160/2822/1926 4161/2823/1927
f 4143/2763/1909 4142/2762/1908 4174/2821/1908 4175/2824/1909
f 4130/2767/1928 4129/2766/1927 4161/2823/1927 4162/2825/1928
f 4144/2774/1910 4143/2763/1909 4175/2824/1909 4176/2826/1910
f 4131/2757/1929 4130/2767/1928 4162/2825/1928 4163/2758/1929
f 4145/2781/1911 4144/2780/1910 4176/2827/1910 4177/2798/1911
f 4202/2828/3999 4201/2829/3998 4233/2830/4030 4234/2831/4031
f 4154/2806/1920 4153/2804/1919 4185/2832/3982 4186/2833/3983
f 4181/2807/1915 4180/2805/1914 4212/2834/4009 4213/2835/4010
f 4168/2808/1902 4167/2792/1901 4199/2795/3996 4200/2836/3997
f 4155/2809/1921 4154/2806/1920 4186/2833/3983 4187/2837/3984
f 4150/2796/1916 4181/2807/1915 4213/2835/4010 4182/2838/3979
f 4169/2811/1903 4168/2810/1902 4200/2839/3997 4201/2829/3998
f 4156/2812/1922 4155/2809/1921 4187/2837/3984 4188/2840/3985
f 4170/2813/1904 4169/2811/1903 4201/2829/3998 4202/2828/3999
f 4157/2814/1923 4156/2812/1922 4188/2840/3985 4189/2841/3986
f 4171/2815/3978 4170/2813/1904 4202/2828/3999 4203/2842/4000
f 4158/2816/1924 4157/2814/1923 4189/2841/3986 4190/2843/3987
f 4172/2817/1906 4171/2815/3978 4203/2842/4000 4204/2844/4001
f 4159/2818/1925 4158/2816/1924 4190/2843/3987 4191/2845/3988
f 4173/2819/1907 4172/2817/1906 4204/2844/4001 4205/2846/4002
f 4160/2820/1926 4159/2818/1925 4191/2845/3988 4192/2847/3989
f 4174/2821/1908 4173/2819/1907 4205/2846/4002 4206/2848/4003
f 4161/2823/1927 4160/2822/1926 4192/2849/3989 4193/2850/3990
f 4175/2824/1909 4174/2821/1908 4206/2848/4003 4207/2851/4004
f 4162/2825/1928 4161/2823/1927 4193/2850/3990 4194/2852/3991
f 4176/2826/1910 4175/2824/1909 4207/2851/4004 4208/2853/4005
f 4163/2758/1929 4162/2825/1928 4194/2852/3991 4195/2854/3992
f 4177/2798/1911 4176/2827/1910 4208/2855/4005 4209/2856/4006
f 4164/2759/1930 4163/2758/1929 4195/2854/3992 4196/2857/3993
f 4151/2797/1917 4150/2796/1916 4182/2838/3979 4183/2858/3980
f 4178/2799/1912 4177/2798/1911 4209/2856/4006 4210/2859/4007
f 4165/2800/1931 4164/2759/1930 4196/2857/3993 4197/2860/3994
f 4152/2801/1918 4151/2797/1917 4183/2858/3980 4184/2861/3981
f 4179/2802/1913 4178/2799/1912 4210/2859/4007 4211/2862/4008
f 4166/2793/1900 4165/2800/1931 4197/2860/3994 4198/2794/3995
f 4153/2804/1919 4152/2803/1918 4184/2863/3981 4185/2832/3982
f 4180/2805/1914 4179/2802/1913 4211/2862/4008 4212/2834/4009
f 4215/2864/4012 4214/2865/4011 4245/2866/4042 4244/2867/4041 4243/2868/4040 4242/2869/4039 4241/2870/4038 4240/2871/4037 4239/2872/4036 4238/2873/4035 4237/2874/4034 4236/2875/4033 4235/2876/4032 4234/2877/4031 4233/2878/4030 4232/2879/4029 4231/2880/4028 4230/2881/4027 4229/2882/4026 4228/2883/4025 4227/2884/4024 4226/2885/4023 4225/2886/4022 4224/2887/4021 4223/2888/4020 4222/2889/4019 4221/2890/4018 4220/2891/4017 4219/2892/4016 4218/2893/4015 4217/2894/4014 4216/2895/4013
f 4189/2841/3986 4188/2840/3985 4220/2896/4017 4221/2897/4018
f 4203/2842/4000 4202/2828/3999 4234/2831/4031 4235/2898/4032
f 4190/2843/3987 4189/2841/3986 4221/2897/4018 4222/2899/4019
f 4204/2844/4001 4203/2842/4000 4235/2898/4032 4236/2900/4033
f 4191/2845/3988 4190/2843/3987 4222/2899/4019 4223/2901/4020
f 4205/2846/4002 4204/2844/4001 4236/2900/4033 4237/2902/4034
f 4192/2847/3989 4191/2845/3988 4223/2901/4020 4224/2903/4021
f 4206/2848/4003 4205/2846/4002 4237/2902/4034 4238/2904/4035
f 4193/2850/3990 4192/2849/3989 4224/2905/4021 4225/2906/4022
f 4207/2851/4004 4206/2848/4003 4238/2904/4035 4239/2907/4036
f 4194/2852/3991 4193/2850/3990 4225/2906/4022 4226/2908/4023
f 4208/2853/4005 4207/2851/4004 4239/2907/4036 4240/2909/4037
f 4195/2854/3992 4194/2852/3991 4226/2908/4023 4227/2910/4024
f 4209/2856/4006 4208/2855/4005 4240/2911/4037 4241/2912/4038
f 4196/2857/3993 4195/2854/3992 4227/2910/4024 4228/2913/4025
f 4183/2858/3980 4182/2838/3979 4214/2914/4011 4215/2915/4012
f 4210/2859/4007 4209/2856/4006 4241/2912/4038 4242/2916/4039
f 4197/2860/3994 4196/2857/3993 4228/2913/4025 4229/2917/4026
f 4184/2861/3981 4183/2858/3980 4215/2915/4012 4216/2918/4013
f 4211/2862/4008 4210/2859/4007 4242/2916/4039 4243/2919/4040
f 4198/2794/3995 4197/2860/3994 4229/2917/4026 4230/2920/4027
f 4185/2832/3982 4184/2863/3981 4216/2921/4013 4217/2922/4014
f 4212/2834/4009 4211/2862/4008 4243/2919/4040 4244/2923/4041
f 4199/2795/3996 4198/2794/3995 4230/2920/4027 4231/2924/4028
f 4186/2833/3983 4185/2832/3982 4217/2922/4014 4218/2925/4015
f 4213/2835/4010 4212/2834/4009 4244/2923/4041 4245/2926/4042
f 4200/2836/3997 4199/2795/3996 4231/2924/4028 4232/2927/4029
f 4187/2837/3984 4186/2833/3983 4218/2925/4015 4219/2928/4016
f 4182/2838/3979 4213/2835/4010 4245/2926/4042 4214/2914/4011
f 4201/2829/3998 4200/2839/3997 4232/2929/4029 4233/2830/4030
f 4188/2840/3985 4187/2837/3984 4219/2928/4016 4220/2896/4017
f 4311/2930/4108 4313/2931/4110 4246/2932/4043
f 4249/2933/4046 4250/2934/4047 4286/2935/4083 4284/2936/4081
f 4250/2934/4047 4251/2937/4048 4288/2938/4085 4286/2935/4083
f 4251/2937/4048 4252/2939/4049 4290/2940/4087 4288/2938/4085
f 4252/2939/4049 4253/2941/4050 4292/2942/4089 4290/2940/4087
f 4253/2941/4050 4254/2943/4051 4294/2944/4091 4292/2942/4089
f 4254/2943/4051 4255/2945/4052 4296/2946/4093 4294/2944/4091
f 4255/2945/4052 4256/2947/4053 4298/2948/4095 4296/2946/4093
f 4256/2947/4053 4257/2949/4054 4300/2950/4097 4298/2948/4095
f 4257/2949/4054 4258/2951/4055 4302/2952/4099 4300/2950/4097
f 4258/2951/4055 4259/2953/4056 4304/2954/4101 4302/2952/4099
f 4259/2953/4056 4260/2955/4057 4306/2956/4103 4304/2954/4101
f 4260/2955/4057 4261/2957/4058 4308/2958/4105 4306/2956/4103
f 4261/2957/4058 4262/2959/4059 4310/2960/4107 4308/2958/4105
f 4262/2959/4059 4263/2961/4060 4312/2962/4109 4310/2960/4107
f 4263/2961/4060 4264/2963/4061 4314/2964/4111 4312/2962/4109
f 4264/2963/4061 4265/2965/4062 4316/2966/4113 4314/2964/4111
f 4265/2965/4062 4266/2967/4063 4318/2968/4115 4316/2966/4113
f 4266/2967/4063 4267/2969/4064 4320/2970/4117 4318/2968/4115
f 4267/2969/4064 4268/2971/4065 4322/2972/4119 4320/2970/4117
f 4268/2971/4065 4269/2973/4066 4324/2974/4121 4322/2972/4119
f 4269/2973/4066 4270/2975/4067 4326/2976/4123 4324/2974/4121
f 4270/2975/4067 4271/2977/4068 4328/2978/4125 4326/2976/4123
f 4271/2977/4068 4272/2979/4069 4330/2980/4127 4328/2978/4125
f 4272/2979/4069 4273/2981/4070 4332/2982/4129 4330/2980/4127
f 4273/2981/4070 4274/2983/4071 4334/2984/4131 4332/2982/4129
f 4274/2983/4071 4275/2985/4072 4336/2986/4133 4334/2984/4131
f 4275/2985/4072 4276/2987/4073 4338/2988/4135 4336/2986/4133
f 4276/2987/4073 4277/2989/4074 4340/2990/4137 4338/2988/4135
f 4277/2989/4074 4278/2991/4075 4342/2992/4139 4340/2990/4137
f 4247/2993/4044 4248/2994/4045 4282/2995/4079 4280/2996/4077
f 4248/2994/4045 4249/2933/4046 4284/2936/4081 4282/2995/4079
f 4281/2997/4078 4279/2998/4076 4280/2996/4077 4282/2995/4079
f 4283/2999/4080 4281/2997/4078 4282/2995/4079 4284/2936/4081
f 4285/3000/4082 4283/2999/4080 4284/2936/4081 4286/2935/4083
f 4287/3001/4084 4285/3000/4082 4286/2935/4083 4288/2938/4085
f 4289/3002/4086 4287/3001/4084 4288/2938/4085 4290/2940/4087
f 4291/3003/4088 4289/3002/4086 4290/2940/4087 4292/2942/4089
f 4293/3004/4090 4291/3003/4088 4292/2942/4089 4294/2944/4091
f 4295/3005/4092 4293/3004/4090 4294/2944/4091 4296/2946/4093
f 4297/3006/4094 4295/3005/4092 4296/2946/4093 4298/2948/4095
f 4299/3007/4096 4297/3006/4094 4298/2948/4095 4300/2950/4097
f 4301/3008/4098 4299/3007/4096 4300/2950/4097 4302/2952/4099
f 4303/3009/4100 4301/3008/4098 4302/2952/4099 4304/2954/4101
f 4305/3010/4102 4303/3009/4100 4304/2954/4101 4306/2956/4103
f 4307/3011/4104 4305/3010/4102 4306/2956/4103 4308/2958/4105
f 4309/3012/4106 4307/3011/4104 4308/2958/4105 4310/2960/4107
f 4311/2930/4108 4309/3012/4106 4310/2960/4107 4312/2962/4109
f 4313/2931/4110 4311/2930/4108 4312/2962/4109 4314/2964/4111
f 4315/3013/4112 4313/2931/4110 4314/2964/4111 4316/2966/4113
f 4317/3014/4114 4315/3013/4112 4316/2966/4113 4318/2968/4115
f 4319/3015/4116 4317/3014/4114 4318/2968/4115 4320/2970/4117
f 4321/3016/4118 4319/3015/4116 4320/2970/4117 4322/2972/4119
f 4323/3017/4120 4321/3016/4118 4322/2972/4119 4324/2974/4121
f 4325/3018/4122 4323/3017/4120 4324/2974/4121 4326/2976/4123
f 4327/3019/4124 4325/3018/4122 4326/2976/4123 4328/2978/4125
f 4329/3020/4126 4327/3019/4124 4328/2978/4125 4330/2980/4127
f 4331/3021/4128 4329/3020/4126 4330/2980/4127 4332/2982/4129
f 4333/3022/4130 4331/3021/4128 4332/2982/4129 4334/2984/4131
f 4335/3023/4132 4333/3022/4130 4334/2984/4131 4336/2986/4133
f 4337/3024/4134 4335/3023/4132 4336/2986/4133 4338/2988/4135
f 4339/3025/4136 4337/3024/4134 4338/2988/4135 4340/2990/4137
f 4341/3026/4138 4339/3025/4136 4340/2990/4137 4342/2992/4139
f 4279/2998/4076 4341/3026/4138 4342/2992/4139 4280/2996/4077
f 4278/2991/4075 4247/2993/4044 4280/2996/4077 4342/2992/4139
f 4329/3020/4126 4331/3021/4128 4246/2932/4043
f 4285/3000/4082 4287/3001/4084 4246/2932/4043
f 4303/3009/4100 4305/3010/4102 4246/2932/4043
f 4321/3016/4118 4323/3017/4120 4246/2932/4043
f 4339/3025/4136 4341/3026/4138 4246/2932/4043
f 4295/3005/4092 4297/3006/4094 4246/2932/4043
f 4313/2931/4110 4315/3013/4112 4246/2932/4043
f 4331/3021/4128 4333/3022/4130 4246/2932/4043
f 4341/3026/4138 4279/2998/4076 4246/2932/4043
f 4287/3001/4084 4289/3002/4086 4246/2932/4043
f 4305/3010/4102 4307/3011/4104 4246/2932/4043
f 4323/3017/4120 4325/3018/4122 4246/2932/4043
f 4279/2998/4076 4281/2997/4078 4246/2932/4043
f 4297/3006/4094 4299/3007/4096 4246/2932/4043
f 4315/3013/4112 4317/3014/4114 4246/2932/4043
f 4333/3022/4130 4335/3023/4132 4246/2932/4043
f 4289/3002/4086 4291/3003/4088 4246/2932/4043
f 4307/3011/4104 4309/3012/4106 4246/2932/4043
f 4325/3018/4122 4327/3019/4124 4246/2932/4043
f 4281/2997/4078 4283/2999/4080 4246/2932/4043
f 4299/3007/4096 4301/3008/4098 4246/2932/4043
f 4317/3014/4114 4319/3015/4116 4246/2932/4043
f 4335/3023/4132 4337/3024/4134 4246/2932/4043
f 4291/3003/4088 4293/3004/4090 4246/2932/4043
f 4309/3012/4106 4311/2930/4108 4246/2932/4043
f 4327/3019/4124 4329/3020/4126 4246/2932/4043
f 4283/2999/4080 4285/3000/4082 4246/2932/4043
f 4301/3008/4098 4303/3009/4100 4246/2932/4043
f 4319/3015/4116 4321/3016/4118 4246/2932/4043
f 4337/3024/4134 4339/3025/4136 4246/2932/4043
f 4293/3004/4090 4295/3005/4092 4246/2932/4043
f 3847/2346/1726 3831/2336/3714 3953/2335/3829
f 3845/2348/3728 3837/2322/3720 3836/2345/3719 3844/2357/3727
f 3827/3027/3710 3826/2338/3709 3832/2337/3715 3833/2529/3716
